noise_type,dimension,N,physical_error_rates,final_logical_errors,initial_logical_errors,error_reduction_ratios,success_probabilities,convergence_status
depolarizing,2,8,"[0.05, 0.08947368421052632, 0.12894736842105264, 0.16842105263157894, 0.20789473684210524, 0.24736842105263157, 0.2868421052631579, 0.32631578947368417, 0.3657894736842105, 0.4052631578947368, 0.44473684210526315, 0.4842105263157894, 0.5236842105263158, 0.5631578947368421, 0.6026315789473684, 0.6421052631578947, 0.6815789473684211, 0.7210526315789474, 0.7605263157894737, 0.8]","[0.003415521214208128, 0.006569737279693677, 0.010196435723111907, 0.014370133365557425, 0.019178015922876823, 0.024721896029616164, 0.031120310555576625, 0.03851066510374873, 0.04705126598102649, 0.05692298523455447, 0.06833017845735412, 0.08150031829441012, 0.09668162850889572, 0.11413782999595556, 0.13413899192321538, 0.15694750071108787, 0.18279843058556478, 0.21187424877167566, 0.24427490873497992, 0.27998595388191233]","[0.025000000000000022, 0.044736842105263186, 0.06447368421052635, 0.08421052631578946, 0.10394736842105262, 0.12368421052631579, 0.14342105263157895, 0.16315789473684206, 0.18289473684210522, 0.20263157894736838, 0.22236842105263155, 0.2421052631578947, 0.2618421052631579, 0.28157894736842104, 0.3013157894736842, 0.32105263157894737, 0.34078947368421053, 0.3605263157894737, 0.38026315789473686, 0.4]","[0.13662084856832502, 0.14685295095785858, 0.1581487989707152, 0.17064533371599444, 0.18449736837197958, 0.19987915938838602, 0.21698565158016728, 0.2360331087003955, 0.2572587204717996, 0.2809186284302689, 0.30728364276679965, 0.33663174947691143, 0.36923637018472744, 0.4053493027893749, 0.44517744044385893, 0.4888528710673229, 0.536396939169997, 0.587680398052823, 0.6423838430400856, 0.6999648847047808]","[0.7, 0.7, 0.7, 0.7, 0.7, 0.7, 0.7, 0.7, 0.7, 0.7, 0.7, 0.7, 0.7, 0.7, 0.7, 0.7, 0.7, 0.7, 0.7, 0.7]","[True, True, True, True, True, True, True, True, True, True, True, True, True, True, True, True, False, False, False, False]"
depolarizing,2,16,"[0.05, 0.08947368421052632, 0.12894736842105264, 0.16842105263157894, 0.20789473684210524, 0.24736842105263157, 0.2868421052631579, 0.32631578947368417, 0.3657894736842105, 0.4052631578947368, 0.44473684210526315, 0.4842105263157894, 0.5236842105263158, 0.5631578947368421, 0.6026315789473684, 0.6421052631578947, 0.6815789473684211, 0.7210526315789474, 0.7605263157894737, 0.8]","[0.0017194462461262439, 0.0033281709237236723, 0.005202709695593555, 0.007393029198865586, 0.009960260802047538, 0.012979478713917247, 0.016543200009603853, 0.02076577489242243, 0.025788849929292756, 0.03178807744120565, 0.038981183429484756, 0.04763734742351938, 0.058087514836895504, 0.0707346442864541, 0.0860618458248621, 0.10463475516852405, 0.12709229805432387, 0.1541175726602712, 0.1863790062678961, 0.22443343814890537]","[0.025000000000000022, 0.044736842105263186, 0.06447368421052635, 0.08421052631578946, 0.10394736842105262, 0.12368421052631579, 0.14342105263157895, 0.16315789473684206, 0.18289473684210522, 0.20263157894736838, 0.22236842105263155, 0.2421052631578947, 0.2618421052631579, 0.28157894736842104, 0.3013157894736842, 0.32105263157894737, 0.34078947368421053, 0.3605263157894737, 0.38026315789473686, 0.4]","[0.0687778498450497, 0.07439440888323498, 0.08069508915614489, 0.08779222173652886, 0.09582023050071051, 0.10494046619762881, 0.11534708263576998, 0.1272741041793633, 0.14100378378606115, 0.15687622633322273, 0.1752999964876238, 0.1967629567493192, 0.2218417652062341, 0.2512071479332015, 0.285620099680765, 0.3259115324921241, 0.37293492865361444, 0.42747939861973033, 0.49013164278062643, 0.5610835953722634]","[0.7, 0.7, 0.7, 0.7, 0.7, 0.7, 0.7, 0.7, 0.7, 0.7, 0.7, 0.7, 0.7, 0.7, 0.7, 0.7, 0.7, 0.7, 0.7, 0.7]","[True, True, True, True, True, True, True, True, True, True, True, True, True, True, True, True, True, True, True, False]"
depolarizing,2,32,"[0.05, 0.08947368421052632, 0.12894736842105264, 0.16842105263157894, 0.20789473684210524, 0.24736842105263157, 0.2868421052631579, 0.32631578947368417, 0.3657894736842105, 0.4052631578947368, 0.44473684210526315, 0.4842105263157894, 0.5236842105263158, 0.5631578947368421, 0.6026315789473684, 0.6421052631578947, 0.6815789473684211, 0.7210526315789474, 0.7605263157894737, 0.8]","[0.0008626821558384012, 0.0016751805544149567, 0.0026284930797706996, 0.0037513720042716137, 0.005079826239539453, 0.006659284969431967, 0.00854750252306663, 0.010818485260080168, 0.013567832667863933, 0.01692003773273848, 0.021038494790030837, 0.026139216939292942, 0.03250954330711703, 0.04053332327779963, 0.05072394590493923, 0.06376555386605587, 0.08055965032687623, 0.10226696816785041, 0.13032004587631962, 0.16635883220815212]","[0.025000000000000022, 0.044736842105263186, 0.06447368421052635, 0.08421052631578946, 0.10394736842105262, 0.12368421052631579, 0.14342105263157895, 0.16315789473684206, 0.18289473684210522, 0.20263157894736838, 0.22236842105263155, 0.2421052631578947, 0.2618421052631579, 0.28157894736842104, 0.3013157894736842, 0.32105263157894737, 0.34078947368421053, 0.3605263157894737, 0.38026315789473686, 0.4]","[0.03450728623353602, 0.03744521239280489, 0.040768464094402664, 0.04454754255072542, 0.04886921445632892, 0.05384102741242867, 0.05959726529844623, 0.06630684514242685, 0.07418383329191792, 0.0835014849148133, 0.09461098248771266, 0.10796633083620999, 0.12415704981612534, 0.14395012005199867, 0.16834147985918696, 0.19861402023853467, 0.23639125192442445, 0.2836602036772493, 0.3427101552456848, 0.41589708052038027]","[0.7, 0.7, 0.7, 0.7, 0.7, 0.7, 0.7, 0.7, 0.7, 0.7, 0.7, 0.7, 0.7, 0.7, 0.7, 0.7, 0.7, 0.7, 0.7, 0.7]","[True, True, True, True, True, True, True, True, True, True, True, True, True, True, True, True, True, True, True, True]"
depolarizing,2,64,"[0.05, 0.08947368421052632, 0.12894736842105264, 0.16842105263157894, 0.20789473684210524, 0.24736842105263157, 0.2868421052631579, 0.32631578947368417, 0.3657894736842105, 0.4052631578947368, 0.44473684210526315, 0.4842105263157894, 0.5236842105263158, 0.5631578947368421, 0.6026315789473684, 0.6421052631578947, 0.6815789473684211, 0.7210526315789474, 0.7605263157894737, 0.8]","[0.00043208561915664134, 0.0008403988536175855, 0.0013211645718607667, 0.0018897850904229796, 0.002565782959592977, 0.0033741352211732467, 0.004347120585640185, 0.0055269083509584815, 0.00696923383512138, 0.008748686163773278, 0.010966419549515605, 0.01376155127585238, 0.017328225877043857, 0.021941447878633114, 0.027996492152145336, 0.03606910785618772, 0.04700651676324341, 0.0620604205867365, 0.08306612299723398, 0.11263810068147184]","[0.025000000000000022, 0.044736842105263186, 0.06447368421052635, 0.08421052631578946, 0.10394736842105262, 0.12368421052631579, 0.14342105263157895, 0.16315789473684206, 0.18289473684210522, 0.20263157894736838, 0.22236842105263155, 0.2421052631578947, 0.2618421052631579, 0.28157894736842104, 0.3013157894736842, 0.32105263157894737, 0.34078947368421053, 0.3605263157894737, 0.38026315789473686, 0.4]","[0.01728342476626564, 0.018785386139687194, 0.02049153213498331, 0.022441197948772886, 0.02468348163659067, 0.027280242213741146, 0.030310198578775604, 0.033874599570390705, 0.03810516341505216, 0.043175334314725276, 0.049316442944567225, 0.056841190052433745, 0.06617814907815744, 0.07792289900822975, 0.09291412242633387, 0.11234640151927323, 0.1379341804635714, 0.1721383928683202, 0.2184437836605461, 0.2815952517036796]","[0.7, 0.7, 0.7, 0.7, 0.7, 0.7, 0.7, 0.7, 0.7, 0.7, 0.7, 0.7, 0.7, 0.7, 0.7, 0.7, 0.7, 0.7, 0.7, 0.7]","[True, True, True, True, True, True, True, True, True, True, True, True, True, True, True, True, True, True, True, True]"
depolarizing,3,8,"[0.05, 0.08947368421052632, 0.12894736842105264, 0.16842105263157894, 0.20789473684210524, 0.24736842105263157, 0.2868421052631579, 0.32631578947368417, 0.3657894736842105, 0.4052631578947368, 0.44473684210526315, 0.4842105263157894, 0.5236842105263158, 0.5631578947368421, 0.6026315789473684, 0.6421052631578947, 0.6815789473684211, 0.7210526315789474, 0.7605263157894737, 0.8]","[0.004555301073494444, 0.008767635213515165, 0.013621488111855337, 0.01922451922972046, 0.025704138471942084, 0.03321088013051251, 0.041922053894047386, 0.05204547962209305, 0.06382294669902788, 0.07753279355388439, 0.09349066189787014, 0.11204704204373199, 0.1335797259069893, 0.15847882935369859, 0.1871218544421882, 0.21983669623406055, 0.25685203401731377, 0.29823761463650533, 0.3438415722348019, 0.3932372779824493]","[0.03333333333333336, 0.059649122807017584, 0.0859649122807018, 0.11228070175438594, 0.13859649122807016, 0.16491228070175437, 0.1912280701754386, 0.21754385964912273, 0.24385964912280697, 0.2701754385964912, 0.2964912280701754, 0.3228070175438596, 0.34912280701754383, 0.37543859649122807, 0.40175438596491225, 0.4280701754385965, 0.4543859649122807, 0.4807017543859649, 0.5070175438596491, 0.5333333333333333]","[0.13665903220483322, 0.14698682563834237, 0.15845404538280689, 0.1712183743896979, 0.1854602396076834, 0.20138512419566099, 0.21922541944593585, 0.23924131761768588, 0.2617199972550065, 0.28697202808905264, 0.3153235342117514, 0.3471022498093872, 0.3826152953114769, 0.4221165080916271, 0.4657618211006432, 0.5135529379238299, 0.5652728161770998, 0.6204213151197374, 0.6781650386637961, 0.7373198962170924]","[0.7, 0.7, 0.7, 0.7, 0.7, 0.7, 0.7, 0.7, 0.7, 0.7, 0.7, 0.7, 0.7, 0.7, 0.7, 0.7, 0.7, 0.7, 0.7, 0.7]","[True, True, True, True, True, True, True, True, True, True, True, True, True, True, True, False, False, False, False, False]"
depolarizing,3,16,"[0.05, 0.08947368421052632, 0.12894736842105264, 0.16842105263157894, 0.20789473684210524, 0.24736842105263157, 0.2868421052631579, 0.32631578947368417, 0.3657894736842105, 0.4052631578947368, 0.44473684210526315, 0.4842105263157894, 0.5236842105263158, 0.5631578947368421, 0.6026315789473684, 0.6421052631578947, 0.6815789473684211, 0.7210526315789474, 0.7605263157894737, 0.8]","[0.0022932489782392373, 0.004441722787509909, 0.00695084385706816, 0.009892083750947375, 0.013353877631800959, 0.01744615089262543, 0.022306107909726498, 0.02810559402926538, 0.035060360684810554, 0.04344151631134974, 0.05358925392373829, 0.06592846976315762, 0.08098489581927899, 0.09939852583911464, 0.121928028291212, 0.1494353033662983, 0.18283395900039823, 0.22298184704721402, 0.27050185283505157, 0.32553577620239654]","[0.03333333333333336, 0.059649122807017584, 0.0859649122807018, 0.11228070175438594, 0.13859649122807016, 0.16491228070175437, 0.1912280701754386, 0.21754385964912273, 0.24385964912280697, 0.2701754385964912, 0.2964912280701754, 0.3228070175438596, 0.34912280701754383, 0.37543859649122807, 0.40175438596491225, 0.4280701754385965, 0.4543859649122807, 0.4807017543859649, 0.5070175438596491, 0.5333333333333333]","[0.06879746934717706, 0.07446417614354843, 0.08085675507201734, 0.08810137090687507, 0.09635076265982971, 0.10579048945528187, 0.11664661934444132, 0.12919506932807479, 0.1437727020887915, 0.16079002790564517, 0.1807448209262179, 0.20423493350543398, 0.23196678702004536, 0.2647530828425016, 0.30348897871611724, 0.3490906676999591, 0.4023758943252007, 0.46386734604712404, 0.5335157651071951, 0.6103795803794936]","[0.7, 0.7, 0.7, 0.7, 0.7, 0.7, 0.7, 0.7, 0.7, 0.7, 0.7, 0.7, 0.7, 0.7, 0.7, 0.7, 0.7, 0.7, 0.7, 0.7]","[True, True, True, True, True, True, True, True, True, True, True, True, True, True, True, True, True, True, False, False]"
depolarizing,3,32,"[0.05, 0.08947368421052632, 0.12894736842105264, 0.16842105263157894, 0.20789473684210524, 0.24736842105263157, 0.2868421052631579, 0.32631578947368417, 0.3657894736842105, 0.4052631578947368, 0.44473684210526315, 0.4842105263157894, 0.5236842105263158, 0.5631578947368421, 0.6026315789473684, 0.6421052631578947, 0.6815789473684211, 0.7210526315789474, 0.7605263157894737, 0.8]","[0.001150573249627011, 0.002235690857318747, 0.003511783090212569, 0.005019793016072323, 0.006811570192387502, 0.008953324715158232, 0.011530338750079286, 0.014653440433750312, 0.018467954710896278, 0.02316613267920616, 0.02900443357543958, 0.036327465134293524, 0.045600752188034756, 0.05745442459090033, 0.07273846054979154, 0.09258524933226764, 0.11846311191409604, 0.152179547646449, 0.19575257875582444, 0.25102816404180955]","[0.03333333333333336, 0.059649122807017584, 0.0859649122807018, 0.11228070175438594, 0.13859649122807016, 0.16491228070175437, 0.1912280701754386, 0.21754385964912273, 0.24385964912280697, 0.2701754385964912, 0.2964912280701754, 0.3228070175438596, 0.34912280701754383, 0.37543859649122807, 0.40175438596491225, 0.4280701754385965, 0.4543859649122807, 0.4807017543859649, 0.5070175438596491, 0.5333333333333333]","[0.0345171974888103, 0.03748069966681426, 0.04085135431471762, 0.044707531549394136, 0.04914677227418831, 0.05429143710255524, 0.06029626685821278, 0.06735855683256194, 0.07573190061302791, 0.08574477679965918, 0.09782560436686723, 0.112536169166018, 0.13061521983507443, 0.15303281316267844, 0.1810520633772104, 0.21628521360406786, 0.26071032351750867, 0.3165778910893282, 0.3860864010062973, 0.4706778075783929]","[0.7, 0.7, 0.7, 0.7, 0.7, 0.7, 0.7, 0.7, 0.7, 0.7, 0.7, 0.7, 0.7, 0.7, 0.7, 0.7, 0.7, 0.7, 0.7, 0.7]","[True, True, True, True, True, True, True, True, True, True, True, True, True, True, True, True, True, True, True, True]"
depolarizing,3,64,"[0.05, 0.08947368421052632, 0.12894736842105264, 0.16842105263157894, 0.20789473684210524, 0.24736842105263157, 0.2868421052631579, 0.32631578947368417, 0.3657894736842105, 0.4052631578947368, 0.44473684210526315, 0.4842105263157894, 0.5236842105263158, 0.5631578947368421, 0.6026315789473684, 0.6421052631578947, 0.6815789473684211, 0.7210526315789474, 0.7605263157894737, 0.8]","[0.0005762800597673609, 0.0011215983496623376, 0.001765157222750317, 0.00252884256281094, 0.003440701316921535, 0.004537051786901595, 0.005865452352256255, 0.007488933652700129, 0.00949211558009222, 0.011990173646778457, 0.015142167220282943, 0.019171116958170382, 0.024394600242349334, 0.031271743791770445, 0.040475460670276554, 0.05300209209782247, 0.07033135789794225, 0.09463757442708798, 0.12900092418656203, 0.17742021875601025]","[0.03333333333333336, 0.059649122807017584, 0.0859649122807018, 0.11228070175438594, 0.13859649122807016, 0.16491228070175437, 0.1912280701754386, 0.21754385964912273, 0.24385964912280697, 0.2701754385964912, 0.2964912280701754, 0.3228070175438596, 0.34912280701754383, 0.37543859649122807, 0.40175438596491225, 0.4280701754385965, 0.4543859649122807, 0.4807017543859649, 0.5070175438596491, 0.5333333333333333]","[0.01728840179302081, 0.01880326645022153, 0.020533461570768984, 0.02252250407503494, 0.024825313299307282, 0.027511909771637335, 0.030672548998037293, 0.034424936951928026, 0.03892450273850767, 0.04437921414716702, 0.051071214884977977, 0.05938878622911478, 0.06987398059366393, 0.08329389701546333, 0.10074677983431282, 0.12381636268753611, 0.15478329730435164, 0.19687378621693485, 0.25443088853404966, 0.3326629101675192]","[0.7, 0.7, 0.7, 0.7, 0.7, 0.7, 0.7, 0.7, 0.7, 0.7, 0.7, 0.7, 0.7, 0.7, 0.7, 0.7, 0.7, 0.7, 0.7, 0.7]","[True, True, True, True, True, True, True, True, True, True, True, True, True, True, True, True, True, True, True, True]"
depolarizing,4,8,"[0.05, 0.08947368421052632, 0.12894736842105264, 0.16842105263157894, 0.20789473684210524, 0.24736842105263157, 0.2868421052631579, 0.32631578947368417, 0.3657894736842105, 0.4052631578947368, 0.44473684210526315, 0.4842105263157894, 0.5236842105263158, 0.5631578947368421, 0.6026315789473684, 0.6421052631578947, 0.6815789473684211, 0.7210526315789474, 0.7605263157894737, 0.8]","[0.005125437656438692, 0.009868173640846634, 0.015339382956654823, 0.02166525488183285, 0.02899612426353887, 0.03751085609065055, 0.04742164964031925, 0.058979008636287494, 0.07247637832257692, 0.0882535737941822, 0.10669758242544619, 0.12823860689631414, 0.1533383810511682, 0.1824670333479396, 0.21606451637571458, 0.2544835868237678, 0.29791445194321353, 0.34629726073421946, 0.39923732646681925, 0.45594686480410174]","[0.03750000000000003, 0.06710526315789478, 0.09671052631578952, 0.1263157894736842, 0.15592105263157893, 0.18552631578947368, 0.21513157894736842, 0.24473684210526309, 0.27434210526315783, 0.3039473684210526, 0.3335526315789473, 0.36315789473684207, 0.3927631578947368, 0.42236842105263156, 0.4519736842105263, 0.48157894736842105, 0.5111842105263158, 0.5407894736842105, 0.5703947368421053, 0.6000000000000001]","[0.13667833750503167, 0.14705513660869485, 0.15861130676268925, 0.17151660114784345, 0.1859667041374645, 0.20218617467301006, 0.22043090964307419, 0.2409894976536479, 0.26418248213505263, 0.29035807828388954, 0.31988229839581506, 0.3531208015985462, 0.39040927838823397, 0.4320091755278321, 0.4780466737861516, 0.5284358633499003, 0.5827927502621423, 0.6403550320146151, 0.6999316450167996, 0.7599114413401694]","[0.7, 0.7, 0.7, 0.7, 0.7, 0.7, 0.7, 0.7, 0.7, 0.7, 0.7, 0.7, 0.7, 0.7, 0.7, 0.7, 0.7, 0.7, 0.7, 0.7]","[True, True, True, True, True, True, True, True, True, True, True, True, True, True, True, False, False, False, False, False]"
depolarizing,4,16,"[0.05, 0.08947368421052632, 0.12894736842105264, 0.16842105263157894, 0.20789473684210524, 0.24736842105263157, 0.2868421052631579, 0.32631578947368417, 0.3657894736842105, 0.4052631578947368, 0.44473684210526315, 0.4842105263157894, 0.5236842105263158, 0.5631578947368421, 0.6026315789473684, 0.6421052631578947, 0.6815789473684211, 0.7210526315789474, 0.7605263157894737, 0.8]","[0.0025802770397413965, 0.004999326626373174, 0.007827752588478037, 0.011148913291639223, 0.015066619822333455, 0.019710818862528012, 0.025244936050713984, 0.03187531325381879, 0.03986320444819272, 0.0495397272596744, 0.06132387331289596, 0.07574292537386573, 0.0934530151677774, 0.11525449296586324, 0.14209159903234064, 0.17501840505848906, 0.21510474418689537, 0.2632528284386695, 0.3199100270202109, 0.38471155781647326]","[0.03750000000000003, 0.06710526315789478, 0.09671052631578952, 0.1263157894736842, 0.15592105263157893, 0.18552631578947368, 0.21513157894736842, 0.24473684210526309, 0.27434210526315783, 0.3039473684210526, 0.3335526315789473, 0.36315789473684207, 0.3927631578947368, 0.42236842105263156, 0.4519736842105263, 0.48157894736842105, 0.5111842105263158, 0.5407894736842105, 0.5703947368421053, 0.6000000000000001]","[0.06880738772643719, 0.07449976933418843, 0.08094002676521504, 0.0882622302254772, 0.09662979801665339, 0.10624271159944178, 0.11734649173420568, 0.1302432154457112, 0.14530472604617015, 0.16298784726126644, 0.18385066555345536, 0.20856747566716652, 0.23793732505028756, 0.2728766811652837, 0.3143802482229371, 0.36342619629631606, 0.4207969255650978, 0.48679355137077573, 0.5608572561369325, 0.641185929694122]","[0.7, 0.7, 0.7, 0.7, 0.7, 0.7, 0.7, 0.7, 0.7, 0.7, 0.7, 0.7, 0.7, 0.7, 0.7, 0.7, 0.7, 0.7, 0.7, 0.7]","[True, True, True, True, True, True, True, True, True, True, True, True, True, True, True, True, True, True, False, False]"
depolarizing,4,32,"[0.05, 0.08947368421052632, 0.12894736842105264, 0.16842105263157894, 0.20789473684210524, 0.24736842105263157, 0.2868421052631579, 0.32631578947368417, 0.3657894736842105, 0.4052631578947368, 0.44473684210526315, 0.4842105263157894, 0.5236842105263158, 0.5631578947368421, 0.6026315789473684, 0.6421052631578947, 0.6815789473684211, 0.7210526315789474, 0.7605263157894737, 0.8]","[0.0012945827943234844, 0.002516367070380554, 0.003954884886093107, 0.005657782313156112, 0.007685779335112913, 0.010116955231425917, 0.013052653531892944, 0.016625683229786997, 0.02101178563919151, 0.026445740687558172, 0.0332440124982431, 0.041836431363288934, 0.052809849579590035, 0.06696631213914955, 0.08539534128654991, 0.10955070124331959, 0.14129964303352896, 0.18286866756948722, 0.236546526632983, 0.30397196625194534]","[0.03750000000000003, 0.06710526315789478, 0.09671052631578952, 0.1263157894736842, 0.15592105263157893, 0.18552631578947368, 0.21513157894736842, 0.24473684210526309, 0.27434210526315783, 0.3039473684210526, 0.3335526315789473, 0.36315789473684207, 0.3927631578947368, 0.42236842105263156, 0.4519736842105263, 0.48157894736842105, 0.5111842105263158, 0.5407894736842105, 0.5703947368421053, 0.6000000000000001]","[0.034522207848626224, 0.03749880340174941, 0.04089404780177905, 0.04479077664581923, 0.04929276198047101, 0.05453110621194111, 0.060672884918890745, 0.06793289921848453, 0.07658972223398346, 0.0870076316993256, 0.0996664674503541, 0.11520176752209997, 0.13445723846059776, 0.15854952406776843, 0.18893874636907695, 0.22748233045060898, 0.27641629010420077, 0.3381513074277623, 0.41470671335886294, 0.5066199437532422]","[0.7, 0.7, 0.7, 0.7, 0.7, 0.7, 0.7, 0.7, 0.7, 0.7, 0.7, 0.7, 0.7, 0.7, 0.7, 0.7, 0.7, 0.7, 0.7, 0.7]","[True, True, True, True, True, True, True, True, True, True, True, True, True, True, True, True, True, True, True, False]"
depolarizing,4,64,"[0.05, 0.08947368421052632, 0.12894736842105264, 0.16842105263157894, 0.20789473684210524, 0.24736842105263157, 0.2868421052631579, 0.32631578947368417, 0.3657894736842105, 0.4052631578947368, 0.44473684210526315, 0.4842105263157894, 0.5236842105263158, 0.5631578947368421, 0.6026315789473684, 0.6421052631578947, 0.6815789473684211, 0.7210526315789474, 0.7605263157894737, 0.8]","[0.0006484094164722898, 0.0012624102441554375, 0.001987890444784285, 0.0028502917440683395, 0.0038824214095897758, 0.005127056771040334, 0.006640645857219241, 0.008498640112074879, 0.01080329206536404, 0.013695228245097862, 0.017370879597286976, 0.022109097753070628, 0.02831226493402203, 0.03657021025754206, 0.04775930102449216, 0.0631927918378273, 0.08483544466386636, 0.11556457199703238, 0.15934807024545436, 0.2209342255635595]","[0.03750000000000003, 0.06710526315789478, 0.09671052631578952, 0.1263157894736842, 0.15592105263157893, 0.18552631578947368, 0.21513157894736842, 0.24473684210526309, 0.27434210526315783, 0.3039473684210526, 0.3335526315789473, 0.36315789473684207, 0.3927631578947368, 0.42236842105263156, 0.4519736842105263, 0.48157894736842105, 0.5111842105263158, 0.5407894736842105, 0.5703947368421053, 0.6000000000000001]","[0.01729091777259438, 0.018812387952120233, 0.0205550576603545, 0.022564809640541025, 0.024899917901166496, 0.02763519961695499, 0.030867833954046624, 0.03472562626439199, 0.03937890632938452, 0.04505789379339557, 0.05207837670192546, 0.06088012424758579, 0.07208482864273616, 0.08658367537611206, 0.1056683224996042, 0.1312200049091496, 0.16595865622789815, 0.2136960455419577, 0.2793645522180976, 0.3682237092725991]","[0.7, 0.7, 0.7, 0.7, 0.7, 0.7, 0.7, 0.7, 0.7, 0.7, 0.7, 0.7, 0.7, 0.7, 0.7, 0.7, 0.7, 0.7, 0.7, 0.7]","[True, True, True, True, True, True, True, True, True, True, True, True, True, True, True, True, True, True, True, True]"
symmetric_pauli,2,8,"[0.05, 0.08947368421052632, 0.12894736842105264, 0.16842105263157894, 0.20789473684210524, 0.24736842105263157, 0.2868421052631579, 0.32631578947368417, 0.3657894736842105, 0.4052631578947368, 0.44473684210526315, 0.4842105263157894, 0.5236842105263158, 0.5631578947368421, 0.6026315789473684, 0.6421052631578947, 0.6815789473684211, 0.7210526315789474, 0.7605263157894737, 0.8]","[0.00030869999999999807, 0.0006170839941375814, 0.000989537593327272, 0.0014328252484250592, 0.001954022181382888, 0.0025605143852487316, 0.0032599986241664573, 0.0040604824333760284, 0.004970284119213331, 0.005998032759110221, 0.007152668201594495, 0.008443441066290181, 0.009879912743916948, 0.011471955396290671, 0.013229751956323256, 0.015163796128022329, 0.017284892386491797, 0.01960415597793144, 0.022133012919636895, 0.02488320000000001]","[0.03333333333333335, 0.0596491228070176, 0.08596491228070179, 0.11228070175438594, 0.13859649122807022, 0.1649122807017544, 0.19122807017543866, 0.21754385964912287, 0.24385964912280703, 0.2701754385964913, 0.2964912280701754, 0.32280701754385965, 0.34912280701754383, 0.37543859649122807, 0.4017543859649122, 0.42807017543859643, 0.4543859649122807, 0.4807017543859651, 0.5070175438596491, 0.5333333333333334]","[0.009260999999999938, 0.01034523166642415, 0.0115109475142152, 0.012761099868785685, 0.014098641055547416, 0.01552652339991252, 0.017047699227292476, 0.01866512086309948, 0.020381740632745313, 0.022200510861641723, 0.02412438387520037, 0.02615631199883371, 0.02829924755795307, 0.03055614287797048, 0.03292995028429807, 0.03542362210234725, 0.038040110657530206, 0.04078236827525882, 0.04365334728094474, 0.04665600000000001]","[0.7, 0.7, 0.7, 0.7, 0.7, 0.7, 0.7, 0.7, 0.7, 0.7, 0.7, 0.7, 0.7, 0.7, 0.7, 0.7, 0.7, 0.7, 0.7, 0.7]","[True, True, True, True, True, True, True, True, True, True, True, True, True, True, True, True, True, True, True, True]"
symmetric_pauli,2,16,"[0.05, 0.08947368421052632, 0.12894736842105264, 0.16842105263157894, 0.20789473684210524, 0.24736842105263157, 0.2868421052631579, 0.32631578947368417, 0.3657894736842105, 0.4052631578947368, 0.44473684210526315, 0.4842105263157894, 0.5236842105263158, 0.5631578947368421, 0.6026315789473684, 0.6421052631578947, 0.6815789473684211, 0.7210526315789474, 0.7605263157894737, 0.8]","[6.482699999999856e-05, 0.00013445935451209995, 0.00022342717238807582, 0.00033482863700036664, 0.00047205062171302813, 0.0006387809571620628, 0.0008390206985354692, 0.001077096392853434, 0.0013576723462482832, 0.0016857628912446646, 0.0020667446540397, 0.0025063688217829855, 0.0030107734098567857, 0.0035864955291561315, 0.004240483653368883, 0.004980109886255731, 0.005813182228930645, 0.006747956847140594, 0.0077931503385458055, 0.008957952000000028]","[0.03333333333333338, 0.05964912280701757, 0.08596491228070177, 0.11228070175438593, 0.13859649122807025, 0.16491228070175445, 0.19122807017543864, 0.21754385964912282, 0.24385964912280692, 0.2701754385964913, 0.2964912280701756, 0.3228070175438596, 0.34912280701754383, 0.37543859649122807, 0.4017543859649123, 0.42807017543859643, 0.4543859649122807, 0.48070175438596513, 0.5070175438596493, 0.5333333333333334]","[0.001944809999999954, 0.0022541715315263808, 0.0025990507808408814, 0.0029820675482845165, 0.0034059348655243785, 0.0038734589955571872, 0.004387539432708416, 0.004951168902632721, 0.005567433362313106, 0.00623951200006142, 0.006970677235518512, 0.007764294719653815, 0.008623823334765668, 0.009552815194481284, 0.010554915643756609, 0.011633863258876095, 0.012793489847453543, 0.014037720448431157, 0.01537057333207996, 0.01679616000000005]","[0.7, 0.7, 0.7, 0.7, 0.7, 0.7, 0.7, 0.7, 0.7, 0.7, 0.7, 0.7, 0.7, 0.7, 0.7, 0.7, 0.7, 0.7, 0.7, 0.7]","[True, True, True, True, True, True, True, True, True, True, True, True, True, True, True, True, True, True, True, True]"
symmetric_pauli,2,32,"[0.05, 0.08947368421052632, 0.12894736842105264, 0.16842105263157894, 0.20789473684210524, 0.24736842105263157, 0.2868421052631579, 0.32631578947368417, 0.3657894736842105, 0.4052631578947368, 0.44473684210526315, 0.4842105263157894, 0.5236842105263158, 0.5631578947368421, 0.6026315789473684, 0.6421052631578947, 0.6815789473684211, 0.7210526315789474, 0.7605263157894737, 0.8]","[1.361366999999798e-05, 2.929798566735566e-05, 5.044750366025085e-05, 7.824416569904389e-05, 0.00011403749229801794, 0.00015935903878673376, 0.00021593743241256892, 0.00028571399052535395, 0.0003708589198436156, 0.0004737880968024645, 0.0005971804289830659, 0.0007439957976239964, 0.0009174935812142564, 0.001121251760167764, 0.001359186602579845, 0.0016355729310650285, 0.001955064970677197, 0.0023227177779105044, 0.0027440092507827188, 0.0032248627200000203]","[0.03333333333333334, 0.0596491228070176, 0.08596491228070181, 0.11228070175438594, 0.1385964912280702, 0.1649122807017544, 0.19122807017543866, 0.21754385964912282, 0.24385964912280694, 0.2701754385964912, 0.2964912280701755, 0.32280701754385965, 0.34912280701754383, 0.3754385964912282, 0.4017543859649124, 0.42807017543859655, 0.4543859649122808, 0.480701754385965, 0.5070175438596491, 0.5333333333333334]","[0.0004084100999999393, 0.0004911721126586091, 0.0005868383078845503, 0.0006968621007571098, 0.0008228021596186103, 0.0009663260862599812, 0.001129214096102424, 0.0013133626983826755, 0.0015207883763371293, 0.0017536312673857456, 0.0020141588433156654, 0.0023047695904656407, 0.002627996689910182, 0.002986511697643109, 0.0033831282247620584, 0.0038208056176519106, 0.004302652638169892, 0.004831931143828421, 0.0054120597679797565, 0.006046617600000037]","[0.7, 0.7, 0.7, 0.7, 0.7, 0.7, 0.7, 0.7, 0.7, 0.7, 0.7, 0.7, 0.7, 0.7, 0.7, 0.7, 0.7, 0.7, 0.7, 0.7]","[True, True, True, True, True, True, True, True, True, True, True, True, True, True, True, True, True, True, True, True]"
symmetric_pauli,2,64,"[0.05, 0.08947368421052632, 0.12894736842105264, 0.16842105263157894, 0.20789473684210524, 0.24736842105263157, 0.2868421052631579, 0.32631578947368417, 0.3657894736842105, 0.4052631578947368, 0.44473684210526315, 0.4842105263157894, 0.5236842105263158, 0.5631578947368421, 0.6026315789473684, 0.6421052631578947, 0.6815789473684211, 0.7210526315789474, 0.7605263157894737, 0.8]","[2.8588707000203515e-06, 6.383876876971714e-06, 1.1390515300120546e-05, 1.828442608966298e-05, 2.754905734991259e-05, 3.975588651835261e-05, 5.557547602616398e-05, 7.578939538145055e-05, 0.00010130304178885813, 0.00013315939141711778, 0.00017255371342718507, 0.00022084927887362752, 0.000279594096591088, 0.00035053870817875675, 0.00043565507419533744, 0.0005371565836760801, 0.0006575192190856371, 0.0007995039088175758, 0.0009661800993545641, 0.001160950579200027]","[0.03333333333333337, 0.059649122807017556, 0.08596491228070179, 0.11228070175438601, 0.13859649122807016, 0.16491228070175434, 0.1912280701754387, 0.2175438596491228, 0.24385964912280703, 0.2701754385964913, 0.2964912280701755, 0.3228070175438596, 0.34912280701754395, 0.37543859649122807, 0.4017543859649122, 0.4280701754385965, 0.45438596491228084, 0.4807017543859651, 0.5070175438596491, 0.5333333333333335]","[8.576612100061046e-05, 0.0001070238182315846, 0.00013250191267487162, 0.00016284566986106086, 0.0001987716796132934, 0.00024107292888788292, 0.0002906240489441601, 0.00034838673683408724, 0.0004154153512204973, 0.0004928626825179034, 0.0005819858973579613, 0.0006841526573802592, 0.0008008474123463324, 0.0009336778675789315, 0.001084381625726386, 0.0012548330028498594, 0.001447050018837116, 0.001663201562138752, 0.0019056147288308012, 0.0021767823360000498]","[0.7, 0.7, 0.7, 0.7, 0.7, 0.7, 0.7, 0.7, 0.7, 0.7, 0.7, 0.7, 0.7, 0.7, 0.7, 0.7, 0.7, 0.7, 0.7, 0.7]","[True, True, True, True, True, True, True, True, True, True, True, True, True, True, True, True, True, True, True, True]"
dephasing,2,8,"[0.05, 0.08947368421052632, 0.12894736842105264, 0.16842105263157894, 0.20789473684210524, 0.24736842105263157, 0.2868421052631579, 0.32631578947368417, 0.3657894736842105, 0.4052631578947368, 0.44473684210526315, 0.4842105263157894, 0.5236842105263158, 0.5631578947368421, 0.6026315789473684, 0.6421052631578947, 0.6815789473684211, 0.7210526315789474, 0.7605263157894737, 0.8]","[0.00027862875050162027, 0.0007142577516550481, 0.00038692506788619974, 0.0012522203570541045, 0.0016603429364800565, 0.001975022419207414, 0.0014563650715108559, 0.002500440595729855, 0.0025832388465384304, 0.0029273655111455186, 0.0028239001862737454, 0.003858840877379091, 0.0024130923252094713, 0.004448775250599439, 0.004088942388068721, 0.0024385403306820563, 0.005147477041342264, 0.00511040305025939, 0.006048195038666503, 0.004533360568184909]","[0.034828593812701036, 0.0892822189568806, 0.04836563348577511, 0.15652754463176663, 0.20754286706000583, 0.24687780240092813, 0.18204563393885922, 0.3125550744662305, 0.3229048558173075, 0.3659206888931899, 0.35298752328421934, 0.48235510967238426, 0.3016365406511818, 0.5560969063249278, 0.5111177985085882, 0.30481754133525735, 0.6434346301677849, 0.6388003812824247, 0.7560243798333127, 0.5666700710231151]","[0.008000000000000344, 0.008000000000000038, 0.007999999999999976, 0.007999999999999818, 0.008000000000000047, 0.007999999999999955, 0.007999999999999901, 0.008000000000000035, 0.007999999999999908, 0.007999999999999998, 0.007999999999999974, 0.008000000000000035, 0.008000000000000056, 0.00800000000000003, 0.008000000000000031, 0.007999999999999991, 0.007999999999999976, 0.007999999999999988, 0.008000000000000002, 0.00799999999999998]","[0.7, 0.7, 0.7, 0.7, 0.7, 0.7, 0.7, 0.7, 0.7, 0.7, 0.7, 0.7, 0.7, 0.7, 0.7, 0.7, 0.7, 0.7, 0.7, 0.7]","[True, True, True, True, True, True, True, True, True, True, True, True, True, True, True, True, True, True, True, True]"
dephasing,2,16,"[0.05, 0.08947368421052632, 0.12894736842105264, 0.16842105263157894, 0.20789473684210524, 0.24736842105263157, 0.2868421052631579, 0.32631578947368417, 0.3657894736842105, 0.4052631578947368, 0.44473684210526315, 0.4842105263157894, 0.5236842105263158, 0.5631578947368421, 0.6026315789473684, 0.6421052631578947, 0.6815789473684211, 0.7210526315789474, 0.7605263157894737, 0.8]","[7.484077063727136e-05, 8.689861094302483e-05, 0.0001993151661812013, 0.00022441485080200462, 0.0002783623594438309, 0.0003901416402444287, 0.0004566172655175389, 0.00050654221636827, 1.6588966761413824e-05, 0.0006350310340915716, 0.0005859523478025379, 0.0006701564834702136, 0.0006496990874421463, 0.0009010503682519982, 0.0009212418075752147, 0.0002098307044906076, 0.00029047029501062045, 0.001113662197224733, 0.0011391966009972514, 0.001213959745224448]","[0.046775481648306506, 0.05431163183938182, 0.12457197886327406, 0.14025928175122993, 0.1739764746523822, 0.24383852515278737, 0.28538579094847216, 0.31658888523016576, 0.010368104225883645, 0.3968943963072393, 0.3662202173766024, 0.41884780216888395, 0.4060619296513291, 0.5631564801575154, 0.5757761297345071, 0.1311441903066336, 0.18154393438164046, 0.6960388732654506, 0.711997875623289, 0.7587248407652791]","[0.0015999999999995926, 0.0016000000000002562, 0.0015999999999997013, 0.001600000000000262, 0.0016000000000001115, 0.0015999999999998726, 0.001599999999999942, 0.001600000000000015, 0.0015999999999999992, 0.0015999999999999715, 0.0015999999999999292, 0.0015999999999999983, 0.0016000000000000486, 0.001599999999999953, 0.0016000000000000057, 0.001599999999999953, 0.0015999999999999764, 0.0016000000000000172, 0.0015999999999999847, 0.0016000000000000018]","[0.7, 0.7, 0.7, 0.7, 0.7, 0.7, 0.7, 0.7, 0.7, 0.7, 0.7, 0.7, 0.7, 0.7, 0.7, 0.7, 0.7, 0.7, 0.7, 0.7]","[True, True, True, True, True, True, True, True, True, True, True, True, True, True, True, True, True, True, True, True]"
dephasing,2,32,"[0.05, 0.08947368421052632, 0.12894736842105264, 0.16842105263157894, 0.20789473684210524, 0.24736842105263157, 0.2868421052631579, 0.32631578947368417, 0.3657894736842105, 0.4052631578947368, 0.44473684210526315, 0.4842105263157894, 0.5236842105263158, 0.5631578947368421, 0.6026315789473684, 0.6421052631578947, 0.6815789473684211, 0.7210526315789474, 0.7605263157894737, 0.8]","[1.3905269010547719e-05, 2.469403335630539e-05, 1.9760871198629338e-05, 4.9881769008772865e-05, 3.869301621300807e-05, 4.9141238800923686e-05, 3.468848236330618e-05, 9.015496773935384e-05, 0.00010208173351970854, 9.290328175328912e-05, 0.00013596329476304474, 8.355984582087585e-05, 0.00011204254343614042, 0.00010283283499781564, 0.0001275512008669504, 0.00014122230502555352, 0.00020250921543169264, 0.00015701549561871058, 0.0002222512618954668, 0.0002555948921854554]","[0.04345396565788342, 0.07716885423849786, 0.061752722495714084, 0.15588052815238132, 0.12091567566560711, 0.15356637125281536, 0.10840150738530924, 0.2817342741854397, 0.31900541724915893, 0.2903227554789728, 0.42488529613447634, 0.26112451819031524, 0.3501329482380125, 0.3213526093681585, 0.39859750270927496, 0.4413197032048187, 0.6328412982240259, 0.49067342380848983, 0.694535193423319, 0.798734038079491]","[0.0003200000000005759, 0.00031999999999981956, 0.00032000000000001347, 0.0003200000000000696, 0.0003200000000001141, 0.0003200000000001483, 0.00032000000000006665, 0.0003200000000000466, 0.00031999999999993004, 0.0003200000000000614, 0.000320000000000029, 0.0003199999999999042, 0.00031999999999993264, 0.00032000000000001526, 0.0003199999999999559, 0.0003200000000000261, 0.00032000000000000686, 0.00031999999999998745, 0.00032000000000000675, 0.0003200000000000229]","[0.7, 0.7, 0.7, 0.7, 0.7, 0.7, 0.7, 0.7, 0.7, 0.7, 0.7, 0.7, 0.7, 0.7, 0.7, 0.7, 0.7, 0.7, 0.7, 0.7]","[True, True, True, True, True, True, True, True, True, True, True, True, True, True, True, True, True, True, True, True]"
dephasing,2,64,"[0.05, 0.08947368421052632, 0.12894736842105264, 0.16842105263157894, 0.20789473684210524, 0.24736842105263157, 0.2868421052631579, 0.32631578947368417, 0.3657894736842105, 0.4052631578947368, 0.44473684210526315, 0.4842105263157894, 0.5236842105263158, 0.5631578947368421, 0.6026315789473684, 0.6421052631578947, 0.6815789473684211, 0.7210526315789474, 0.7605263157894737, 0.8]","[2.8082444496730696e-06, 4.215233333690343e-06, 7.946117733443906e-06, 1.0515212322593996e-05, 1.2174756141028352e-05, 1.582579317466623e-05, 1.1297144528965851e-05, 1.976113256811165e-05, 1.9032312809070127e-05, 2.3266465048581513e-05, 2.8422999715318473e-05, 3.098756302420688e-05, 2.7588491551125162e-05, 3.601370482097508e-05, 3.128405862876747e-05, 1.7840718243048677e-05, 4.3571371460155895e-05, 2.9900193238520446e-05, 3.9854899799630145e-05, 2.2702584616763915e-05]","[0.04387881952603349, 0.06586302083860808, 0.12415808958483891, 0.16430019254029357, 0.1902305647033028, 0.24727801835421295, 0.1765178832653761, 0.3087676963766224, 0.29737988764213774, 0.3635385163842594, 0.4441093705518897, 0.4841806722535483, 0.4310701804859479, 0.5627141378281146, 0.48881341607457646, 0.2787612225474394, 0.6808026790649999, 0.46719051935174605, 0.6227328093691682, 0.354727884636852]","[6.400000000015786e-05, 6.400000000029495e-05, 6.40000000001145e-05, 6.400000000009256e-05, 6.400000000008923e-05, 6.399999999998625e-05, 6.399999999989678e-05, 6.400000000002531e-05, 6.399999999991025e-05, 6.39999999999695e-05, 6.399999999999444e-05, 6.399999999995826e-05, 6.400000000005682e-05, 6.399999999995689e-05, 6.399999999998891e-05, 6.400000000004503e-05, 6.399999999999398e-05, 6.400000000001862e-05, 6.400000000000543e-05, 6.400000000001519e-05]","[0.7, 0.7, 0.7, 0.7, 0.7, 0.7, 0.7, 0.7, 0.7, 0.7, 0.7, 0.7, 0.7, 0.7, 0.7, 0.7, 0.7, 0.7, 0.7, 0.7]","[True, True, True, True, True, True, True, True, True, True, True, True, True, True, True, True, True, True, True, True]"
