run_id,M,N,noise,mode,p,p_channel,fidelity_init,fidelity_final,eps_L_init,eps_L_final,purity_init,purity_final,error_reduction_ratio,max_depth,twirling_enabled,iterations,purification_level,bloch_r_init,bloch_r_final
M1_N2_dephase_z_iid_p_p0.10000_twirl,1,2,dephase_z,iid_p,0.1,0.1,0.933333333333333,0.933333333333333,0.0666666666666668,0.0666666666666668,0.8755555555555548,0.8755555555555548,1.0,0,True,1,0,0.8666666666666664,0.8666666666666664
M1_N2_dephase_z_iid_p_p0.10000_twirl,1,2,dephase_z,iid_p,0.1,0.1,0.933333333333333,0.962085308056872,0.0666666666666668,0.037914691943128,0.8755555555555548,0.9270456638440284,0.5687203791469191,1,True,1,1,0.8666666666666664,0.924170616113744
M1_N2_dephase_z_iid_p_p0.10000_twirl,1,2,dephase_z,iid_p,0.1,0.1,0.933333333333333,0.9795789915378696,0.0666666666666668,0.0204210084621303,0.8755555555555548,0.95999201824896,0.3063151269319538,2,True,1,2,0.8666666666666664,0.9591579830757392
M1_N2_dephase_z_iid_p_p0.10000_twirl,1,2,dephase_z,iid_p,0.1,0.1,0.933333333333333,0.9893683107611032,0.0666666666666668,0.0106316892388966,0.8755555555555548,0.9789626871543512,0.1594753385834499,3,True,1,3,0.8666666666666664,0.9787366215222066
M1_N2_dephase_z_iid_p_p0.30000_twirl,1,2,dephase_z,iid_p,0.3,0.3,0.7999999999999996,0.7999999999999996,0.2000000000000001,0.2000000000000001,0.6799999999999993,0.6799999999999993,1.0,0,True,1,0,0.5999999999999998,0.5999999999999998
M1_N2_dephase_z_iid_p_p0.30000_twirl,1,2,dephase_z,iid_p,0.3,0.3,0.7999999999999996,0.8571428571428572,0.2000000000000001,0.1428571428571428,0.6799999999999993,0.7551020408163265,0.7142857142857139,1,True,1,1,0.5999999999999998,0.7142857142857143
M1_N2_dephase_z_iid_p_p0.30000_twirl,1,2,dephase_z,iid_p,0.3,0.3,0.7999999999999996,0.9069767441860468,0.2000000000000001,0.0930232558139534,0.6799999999999993,0.8312601406165494,0.4651162790697671,2,True,1,2,0.5999999999999998,0.813953488372093
M1_N2_dephase_z_iid_p_p0.30000_twirl,1,2,dephase_z,iid_p,0.3,0.3,0.7999999999999996,0.9444772593030126,0.2000000000000001,0.0555227406969874,0.6799999999999993,0.8951200680750349,0.2776137034849373,3,True,1,3,0.5999999999999998,0.8889545186060249
M1_N4_dephase_z_iid_p_p0.10000_twirl,1,4,dephase_z,iid_p,0.1,0.1,0.933333333333333,0.8755555555555549,0.0666666666666668,0.1244444444444447,0.8755555555555548,0.7820839506172828,1.8666666666666647,0,True,2,0,0.8666666666666664,0.7511111111111104
M1_N4_dephase_z_iid_p_p0.10000_twirl,1,4,dephase_z,iid_p,0.1,0.1,0.933333333333333,0.939897855962103,0.0666666666666668,0.0601021440378969,0.8755555555555548,0.8870202473601103,0.9015321605684506,2,True,2,1,0.8666666666666664,0.8797957119242062
M1_N4_dephase_z_iid_p_p0.10000_twirl,1,4,dephase_z,iid_p,0.1,0.1,0.933333333333333,0.9727000373866372,0.0666666666666668,0.0272999626133627,0.8755555555555548,0.9468906506906564,0.4094994392004406,4,True,2,2,0.8666666666666664,0.9454000747732744
M1_N4_dephase_z_iid_p_p0.10000_twirl,1,4,dephase_z,iid_p,0.1,0.1,0.933333333333333,0.9874633267552796,0.0666666666666668,0.0125366732447204,0.8755555555555548,0.9752409898626488,0.1880500986708063,6,True,2,3,0.8666666666666664,0.9749266535105592
M1_N4_dephase_z_iid_p_p0.30000_twirl,1,4,dephase_z,iid_p,0.3,0.3,0.7999999999999996,0.6799999999999996,0.2000000000000001,0.32,0.6799999999999993,0.5647999999999993,1.5999999999999994,0,True,2,0,0.5999999999999998,0.3599999999999998
M1_N4_dephase_z_iid_p_p0.30000_twirl,1,4,dephase_z,iid_p,0.3,0.3,0.7999999999999996,0.7692307692307694,0.2000000000000001,0.2307692307692307,0.6799999999999993,0.6449704142011834,1.153846153846153,2,True,2,1,0.5999999999999998,0.5384615384615385
M1_N4_dephase_z_iid_p_p0.30000_twirl,1,4,dephase_z,iid_p,0.3,0.3,0.7999999999999996,0.858639643554711,0.2000000000000001,0.141360356445289,0.6799999999999993,0.7572447878581002,0.706801782226445,4,True,2,2,0.5999999999999998,0.7172792871094218
M1_N4_dephase_z_iid_p_p0.30000_twirl,1,4,dephase_z,iid_p,0.3,0.3,0.7999999999999996,0.9245994125895812,0.2000000000000001,0.0754005874104188,0.6799999999999993,0.8605693223428346,0.3770029370520942,6,True,2,3,0.5999999999999998,0.8491988251791622
M1_N8_dephase_z_iid_p_p0.10000_twirl,1,8,dephase_z,iid_p,0.1,0.1,0.933333333333333,0.8254814814814804,0.0666666666666668,0.1745185185185189,0.8755555555555548,0.7118763895747582,2.617777777777776,0,True,3,0,0.8666666666666664,0.6509629629629622
M1_N8_dephase_z_iid_p_p0.10000_twirl,1,8,dephase_z,iid_p,0.1,0.1,0.933333333333333,0.9258064764942826,0.0666666666666668,0.0741935235057173,0.8755555555555548,0.862622310848952,1.1129028525857572,3,True,3,1,0.8666666666666664,0.8516129529885651
M1_N8_dephase_z_iid_p_p0.10000_twirl,1,8,dephase_z,iid_p,0.1,0.1,0.933333333333333,0.9702233543076324,0.0666666666666668,0.0297766456923673,0.8755555555555548,0.9422200058726428,0.4466496853855096,6,True,3,2,0.8666666666666664,0.9404467086152652
M1_N8_dephase_z_iid_p_p0.10000_twirl,1,8,dephase_z,iid_p,0.1,0.1,0.933333333333333,0.98710855619721,0.0666666666666668,0.0128914438027899,0.8755555555555548,0.9745494910410613,0.193371657041848,9,True,3,3,0.8666666666666664,0.97421711239442
M1_N8_dephase_z_iid_p_p0.30000_twirl,1,8,dephase_z,iid_p,0.3,0.3,0.7999999999999996,0.6079999999999994,0.2000000000000001,0.392,0.6799999999999993,0.523327999999999,1.9599999999999989,0,True,3,0,0.5999999999999998,0.2159999999999998
M1_N8_dephase_z_iid_p_p0.30000_twirl,1,8,dephase_z,iid_p,0.3,0.3,0.7999999999999996,0.7081427264409882,0.2000000000000001,0.2918572735590119,0.6799999999999993,0.586646789140576,1.4592863677950587,3,True,3,1,0.5999999999999998,0.4162854528819762
M1_N8_dephase_z_iid_p_p0.30000_twirl,1,8,dephase_z,iid_p,0.3,0.3,0.7999999999999996,0.8283360003336709,0.2000000000000001,0.1716639996663289,0.6799999999999993,0.7156090582302248,0.858319998331644,6,True,3,2,0.5999999999999998,0.6566720006673422
M1_N8_dephase_z_iid_p_p0.30000_twirl,1,8,dephase_z,iid_p,0.3,0.3,0.7999999999999996,0.9162292307602802,0.2000000000000001,0.0837707692397198,0.6799999999999993,0.8464935450785892,0.418853846198599,9,True,3,3,0.5999999999999998,0.8324584615205604
M1_N16_dephase_z_iid_p_p0.10000_twirl,1,16,dephase_z,iid_p,0.1,0.1,0.933333333333333,0.7820839506172828,0.0666666666666668,0.2179160493827165,0.8755555555555548,0.6591427103917064,3.2687407407407374,0,True,4,0,0.8666666666666664,0.5641679012345671
M1_N16_dephase_z_iid_p_p0.10000_twirl,1,16,dephase_z,iid_p,0.1,0.1,0.933333333333333,0.9164281195984704,0.0666666666666668,0.0835718804015297,0.8755555555555548,0.8468247575846358,1.253578206022942,4,True,4,1,0.8666666666666664,0.8328562391969405
M1_N16_dephase_z_iid_p_p0.10000_twirl,1,16,dephase_z,iid_p,0.1,0.1,0.933333333333333,0.9693111478012684,0.0666666666666668,0.0306888521987317,0.8755555555555548,0.9405059069010876,0.4603327829809747,8,True,4,2,0.8666666666666664,0.9386222956025364
M1_N16_dephase_z_iid_p_p0.10000_twirl,1,16,dephase_z,iid_p,0.1,0.1,0.933333333333333,0.9870420225518886,0.0666666666666668,0.0129579774481115,0.8755555555555548,0.9744198634628684,0.194369661721673,12,True,4,3,0.8666666666666664,0.9740840451037768
M1_N16_dephase_z_iid_p_p0.30000_twirl,1,16,dephase_z,iid_p,0.3,0.3,0.7999999999999996,0.5647999999999993,0.2000000000000001,0.4352,0.6799999999999993,0.5083980799999988,2.175999999999999,0,True,4,0,0.5999999999999998,0.1295999999999998
M1_N16_dephase_z_iid_p_p0.30000_twirl,1,16,dephase_z,iid_p,0.3,0.3,0.7999999999999996,0.6631220213006728,0.2000000000000001,0.3368779786993272,0.6799999999999993,0.5532175876664343,1.684389893496635,4,True,4,1,0.5999999999999998,0.3262440426013455
M1_N16_dephase_z_iid_p_p0.30000_twirl,1,16,dephase_z,iid_p,0.3,0.3,0.7999999999999996,0.8074271271078364,0.2000000000000001,0.1925728728921637,0.6799999999999993,0.6890228769635552,0.962864364460818,8,True,4,2,0.5999999999999998,0.6148542542156725
M1_N16_dephase_z_iid_p_p0.30000_twirl,1,16,dephase_z,iid_p,0.3,0.3,0.7999999999999996,0.9124839039176884,0.2000000000000001,0.0875160960823114,0.6799999999999993,0.8402859419823535,0.437580480411557,12,True,4,3,0.5999999999999998,0.824967807835377
M1_N32_dephase_z_iid_p_p0.10000_twirl,1,32,dephase_z,iid_p,0.1,0.1,0.933333333333333,0.7444727572016447,0.0666666666666668,0.2555272427983543,0.8755555555555548,0.6195338580275476,3.832908641975303,0,True,5,0,0.8666666666666664,0.4889455144032913
M1_N32_dephase_z_iid_p_p0.10000_twirl,1,32,dephase_z,iid_p,0.1,0.1,0.933333333333333,0.9100012097303029,0.0666666666666668,0.0899987902696972,0.8755555555555548,0.8362019839606234,1.3499818540454542,5,True,5,1,0.8666666666666664,0.8200024194606055
M1_N32_dephase_z_iid_p_p0.10000_twirl,1,32,dephase_z,iid_p,0.1,0.1,0.933333333333333,0.9689723908245212,0.0666666666666668,0.0310276091754787,0.8755555555555548,0.939870206711335,0.4654141376321803,10,True,5,2,0.8666666666666664,0.9379447816490424
M1_N32_dephase_z_iid_p_p0.10000_twirl,1,32,dephase_z,iid_p,0.1,0.1,0.933333333333333,0.9870295285410589,0.0666666666666668,0.0129704714589412,0.8755555555555548,0.974395523341852,0.1945570718841177,15,True,5,3,0.8666666666666664,0.9740590570821176
M1_N32_dephase_z_iid_p_p0.30000_twirl,1,32,dephase_z,iid_p,0.3,0.3,0.7999999999999996,0.5388799999999991,0.2000000000000001,0.4611200000000001,0.6799999999999993,0.5030233087999982,2.305599999999999,0,True,5,0,0.5999999999999998,0.0777599999999998
M1_N32_dephase_z_iid_p_p0.30000_twirl,1,32,dephase_z,iid_p,0.3,0.3,0.7999999999999996,0.6288518921920463,0.2000000000000001,0.3711481078079536,0.6799999999999993,0.5332056202429415,1.8557405390397672,5,True,5,1,0.5999999999999998,0.2577037843840927
M1_N32_dephase_z_iid_p_p0.30000_twirl,1,32,dephase_z,iid_p,0.3,0.3,0.7999999999999996,0.7921316666783716,0.2000000000000001,0.2078683333216283,0.6799999999999993,0.6706818213525665,1.0393416666081412,10,True,5,2,0.5999999999999998,0.5842633333567433
M1_N32_dephase_z_iid_p_p0.30000_twirl,1,32,dephase_z,iid_p,0.3,0.3,0.7999999999999996,0.9107638738128824,0.2000000000000001,0.0892361261871178,0.6799999999999993,0.8374539200595307,0.4461806309355888,15,True,5,3,0.5999999999999998,0.8215277476257644
M1_N64_dephase_z_iid_p_p0.10000_twirl,1,64,dephase_z,iid_p,0.1,0.1,0.933333333333333,0.7118763895747582,0.0666666666666668,0.2881236104252405,0.8755555555555548,0.5897832089184679,4.321854156378594,0,True,6,0,0.8666666666666664,0.4237527791495189
M1_N64_dephase_z_iid_p_p0.10000_twirl,1,64,dephase_z,iid_p,0.1,0.1,0.933333333333333,0.9055113307874753,0.0666666666666668,0.0944886692125248,0.8755555555555548,0.8288788787940582,1.4173300381878684,6,True,6,1,0.8666666666666664,0.8110226615749503
M1_N64_dephase_z_iid_p_p0.10000_twirl,1,64,dephase_z,iid_p,0.1,0.1,0.933333333333333,0.9688462076728632,0.0666666666666668,0.0311537923271368,0.8755555555555548,0.939633532898451,0.467306884907052,12,True,6,2,0.8666666666666664,0.9376924153457262
M1_N64_dephase_z_iid_p_p0.10000_twirl,1,64,dephase_z,iid_p,0.1,0.1,0.933333333333333,0.9870271817805208,0.0666666666666668,0.0129728182194793,0.8755555555555548,0.9743909515861526,0.1945922732921891,18,True,6,3,0.8666666666666664,0.9740543635610414
M1_N64_dephase_z_iid_p_p0.30000_twirl,1,64,dephase_z,iid_p,0.3,0.3,0.7999999999999996,0.523327999999999,0.2000000000000001,0.4766720000000001,0.6799999999999993,0.5010883911679981,2.383359999999999,0,True,6,0,0.5999999999999998,0.0466559999999998
M1_N64_dephase_z_iid_p_p0.30000_twirl,1,64,dephase_z,iid_p,0.3,0.3,0.7999999999999996,0.6022665162094404,0.2000000000000001,0.3977334837905595,0.6799999999999993,0.5209168806752313,1.9886674189527964,6,True,6,1,0.5999999999999998,0.2045330324188809
M1_N64_dephase_z_iid_p_p0.30000_twirl,1,64,dephase_z,iid_p,0.3,0.3,0.7999999999999996,0.7804941081186128,0.2000000000000001,0.2195058918813872,0.6799999999999993,0.657353889378512,1.0975294594069354,12,True,6,2,0.5999999999999998,0.5609882162372254
M1_N64_dephase_z_iid_p_p0.30000_twirl,1,64,dephase_z,iid_p,0.3,0.3,0.7999999999999996,0.9099646492970668,0.2000000000000001,0.0900353507029329,0.6799999999999993,0.8361420273465342,0.4501767535146644,18,True,6,3,0.5999999999999998,0.819929298594134
M1_N128_dephase_z_iid_p_p0.10000_twirl,1,128,dephase_z,iid_p,0.1,0.1,0.933333333333333,0.6836262042981235,0.0666666666666668,0.3163737957018751,0.8755555555555548,0.5674371658098707,4.745606935528112,0,True,7,0,0.8666666666666664,0.3672524085962497
M1_N128_dephase_z_iid_p_p0.10000_twirl,1,128,dephase_z,iid_p,0.1,0.1,0.933333333333333,0.9023333814051602,0.0666666666666668,0.0976666185948398,0.8755555555555548,0.8237442995858201,1.4649992789225934,7,True,7,1,0.8666666666666664,0.8046667628103203
M1_N128_dephase_z_iid_p_p0.10000_twirl,1,128,dephase_z,iid_p,0.1,0.1,0.933333333333333,0.968799152836022,0.0666666666666668,0.0312008471639779,0.8755555555555548,0.939545291399544,0.4680127074596678,14,True,7,2,0.8666666666666664,0.9375983056720442
M1_N128_dephase_z_iid_p_p0.10000_twirl,1,128,dephase_z,iid_p,0.1,0.1,0.933333333333333,0.98702674096625,0.0666666666666668,0.01297325903375,0.8755555555555548,0.9743900928324136,0.1945988855062499,21,True,7,3,0.8666666666666664,0.9740534819325
M1_N128_dephase_z_iid_p_p0.30000_twirl,1,128,dephase_z,iid_p,0.3,0.3,0.7999999999999996,0.5139967999999989,0.2000000000000001,0.4860032000000001,0.6799999999999993,0.5003918208204778,2.430015999999999,0,True,7,0,0.5999999999999998,0.0279935999999998
M1_N128_dephase_z_iid_p_p0.30000_twirl,1,128,dephase_z,iid_p,0.3,0.3,0.7999999999999996,0.5814045579057602,0.2000000000000001,0.4185954420942399,0.6799999999999993,0.5132534040956646,2.092977210471198,7,True,7,1,0.5999999999999998,0.1628091158115202
M1_N128_dephase_z_iid_p_p0.30000_twirl,1,128,dephase_z,iid_p,0.3,0.3,0.7999999999999996,0.7713875109864522,0.2000000000000001,0.2286124890135479,0.6799999999999993,0.6473023622388434,1.143062445067739,14,True,7,2,0.5999999999999998,0.5427750219729041
M1_N128_dephase_z_iid_p_p0.30000_twirl,1,128,dephase_z,iid_p,0.3,0.3,0.7999999999999996,0.9095912749789749,0.2000000000000001,0.0904087250210253,0.6799999999999993,0.8355300250778039,0.4520436251051266,21,True,7,3,0.5999999999999998,0.8191825499579493
M1_N256_dephase_z_iid_p_p0.10000_twirl,1,256,dephase_z,iid_p,0.1,0.1,0.933333333333333,0.6591427103917067,0.0666666666666668,0.3408572896082918,0.8755555555555548,0.5506528045416351,5.112859344124362,0,True,8,0,0.8666666666666664,0.3182854207834162
M1_N256_dephase_z_iid_p_p0.10000_twirl,1,256,dephase_z,iid_p,0.1,0.1,0.933333333333333,0.9000634963898676,0.0666666666666668,0.0999365036101322,0.8755555555555548,0.8201016022873713,1.4990475541519788,8,True,8,1,0.8666666666666664,0.8001269927797355
M1_N256_dephase_z_iid_p_p0.10000_twirl,1,256,dephase_z,iid_p,0.1,0.1,0.933333333333333,0.9687815982879392,0.0666666666666668,0.0312184017120609,0.8755555555555548,0.9395123737867894,0.4682760256809121,16,True,8,2,0.8666666666666664,0.9375631965758782
M1_N256_dephase_z_iid_p_p0.10000_twirl,1,256,dephase_z,iid_p,0.1,0.1,0.933333333333333,0.9870266581632128,0.0666666666666668,0.012973341836787,0.8755555555555548,0.974389931523254,0.1946001275518056,24,True,8,3,0.8666666666666664,0.974053316326426
M1_N256_dephase_z_iid_p_p0.30000_twirl,1,256,dephase_z,iid_p,0.3,0.3,0.7999999999999996,0.5083980799999986,0.2000000000000001,0.49160192,0.6799999999999993,0.5001410554953702,2.4580095999999987,0,True,8,0,0.5999999999999998,0.0167961599999999
M1_N256_dephase_z_iid_p_p0.30000_twirl,1,256,dephase_z,iid_p,0.3,0.3,0.7999999999999996,0.5649171567299959,0.2000000000000001,0.4350828432700041,0.6799999999999993,0.5084284744758136,2.175414216350019,8,True,8,1,0.5999999999999998,0.1298343134599918
M1_N256_dephase_z_iid_p_p0.30000_twirl,1,256,dephase_z,iid_p,0.3,0.3,0.7999999999999996,0.7641107076971843,0.2000000000000001,0.2358892923028155,0.6799999999999993,0.6395089318406151,1.1794464615140772,16,True,8,2,0.5999999999999998,0.5282214153943687
M1_N256_dephase_z_iid_p_p0.30000_twirl,1,256,dephase_z,iid_p,0.3,0.3,0.7999999999999996,0.909416407029008,0.2000000000000001,0.090583592970992,0.6799999999999993,0.8352435886890848,0.45291796485496,24,True,8,3,0.5999999999999998,0.8188328140580159
M1_N512_dephase_z_iid_p_p0.10000_twirl,1,512,dephase_z,iid_p,0.1,0.1,0.933333333333333,0.6379236823394787,0.0666666666666668,0.3620763176605197,0.8755555555555548,0.5380458843001604,5.431144764907779,0,True,9,0,0.8666666666666664,0.2758473646789606
M1_N512_dephase_z_iid_p_p0.10000_twirl,1,512,dephase_z,iid_p,0.1,0.1,0.933333333333333,0.8984317947922239,0.0666666666666668,0.101568205207776,0.8755555555555548,0.8174957902027058,1.5235230781166351,9,True,9,1,0.8666666666666664,0.796863589584448
M1_N512_dephase_z_iid_p_p0.10000_twirl,1,512,dephase_z,iid_p,0.1,0.1,0.933333333333333,0.968775048260942,0.0666666666666668,0.0312249517390579,0.8755555555555548,0.9395000917440972,0.4683742760858683,18,True,9,2,0.8666666666666664,0.937550096521884
M1_N512_dephase_z_iid_p_p0.10000_twirl,1,512,dephase_z,iid_p,0.1,0.1,0.933333333333333,0.9870266426093742,0.0666666666666668,0.0129733573906257,0.8755555555555548,0.9743899012227182,0.1946003608593858,27,True,9,3,0.8666666666666664,0.9740532852187485
M1_N512_dephase_z_iid_p_p0.30000_twirl,1,512,dephase_z,iid_p,0.3,0.3,0.7999999999999996,0.5050388479999985,0.2000000000000001,0.494961152,0.6799999999999993,0.5000507799783314,2.4748057599999984,0,True,9,0,0.5999999999999998,0.0100776959999999
M1_N512_dephase_z_iid_p_p0.30000_twirl,1,512,dephase_z,iid_p,0.3,0.3,0.7999999999999996,0.5518288841614531,0.2000000000000001,0.4481711158385468,0.6799999999999993,0.5053724664668428,2.2408555791927327,9,True,9,1,0.5999999999999998,0.1036577683229063
M1_N512_dephase_z_iid_p_p0.30000_twirl,1,512,dephase_z,iid_p,0.3,0.3,0.7999999999999996,0.7582017121379541,0.2000000000000001,0.241798287862046,0.6799999999999993,0.6333362483019418,1.2089914393102292,18,True,9,2,0.5999999999999998,0.516403424275908
M1_N512_dephase_z_iid_p_p0.30000_twirl,1,512,dephase_z,iid_p,0.3,0.3,0.7999999999999996,0.9093344123641623,0.2000000000000001,0.0906655876358374,0.6799999999999993,0.8351093222910285,0.4533279381791871,27,True,9,3,0.5999999999999998,0.818668824728325
M1_N1024_dephase_z_iid_p_p0.10000_twirl,1,1024,dephase_z,iid_p,0.1,0.1,0.933333333333333,0.6195338580275477,0.0666666666666668,0.3804661419724504,0.8755555555555548,0.528576686429897,5.706992129586738,0,True,10,0,0.8666666666666664,0.2390677160550991
M1_N1024_dephase_z_iid_p_p0.10000_twirl,1,1024,dephase_z,iid_p,0.1,0.1,0.933333333333333,0.8972534914893492,0.0666666666666668,0.1027465085106506,0.8755555555555548,0.815620673000957,1.5411976276597543,10,True,10,1,0.8666666666666664,0.7945069829786987
M1_N1024_dephase_z_iid_p_p0.10000_twirl,1,1024,dephase_z,iid_p,0.1,0.1,0.933333333333333,0.968772604144368,0.0666666666666668,0.0312273958556319,0.8755555555555548,0.9394955087925846,0.4684109378344784,20,True,10,2,0.8666666666666664,0.937545208288736
M1_N1024_dephase_z_iid_p_p0.10000_twirl,1,1024,dephase_z,iid_p,0.1,0.1,0.933333333333333,0.9870266396877184,0.0666666666666668,0.0129733603122815,0.8755555555555548,0.9743898955310212,0.194600404684223,30,True,10,3,0.8666666666666664,0.9740532793754368
M1_N1024_dephase_z_iid_p_p0.30000_twirl,1,1024,dephase_z,iid_p,0.3,0.3,0.7999999999999996,0.5030233087999985,0.2000000000000001,0.4969766912,0.6799999999999993,0.5000182807921972,2.4848834559999986,0,True,10,0,0.5999999999999998,0.0060466175999999
M1_N1024_dephase_z_iid_p_p0.30000_twirl,1,1024,dephase_z,iid_p,0.3,0.3,0.7999999999999996,0.5414097139772239,0.2000000000000001,0.4585902860227761,0.6799999999999993,0.503429528823351,2.292951430113879,10,True,10,1,0.5999999999999998,0.0828194279544477
M1_N1024_dephase_z_iid_p_p0.30000_twirl,1,1024,dephase_z,iid_p,0.3,0.3,0.7999999999999996,0.7533422686484651,0.2000000000000001,0.2466577313515348,0.6799999999999993,0.628364610167902,1.2332886567576735,20,True,10,2,0.5999999999999998,0.5066845372969303
M1_N1024_dephase_z_iid_p_p0.30000_twirl,1,1024,dephase_z,iid_p,0.3,0.3,0.7999999999999996,0.9092959443550238,0.2000000000000001,0.0907040556449761,0.6799999999999993,0.8350463401309415,0.4535202782248806,30,True,10,3,0.5999999999999998,0.8185918887100475
M5_N2_dephase_z_iid_p_p0.10000_twirl,5,2,dephase_z,iid_p,0.1,0.1,0.7082455967078188,0.7082455967078188,0.2917544032921812,0.2917544032921812,0.514539286855269,0.514539286855269,1.0,0,True,1,0,,
M5_N2_dephase_z_iid_p_p0.10000_twirl,5,2,dephase_z,iid_p,0.1,0.1,0.7082455967078188,0.7988286817411876,0.2917544032921812,0.2011713182588125,0.514539286855269,0.6443421330192787,0.6895228177836512,1,True,1,1,,
M5_N2_dephase_z_iid_p_p0.10000_twirl,5,2,dephase_z,iid_p,0.1,0.1,0.7082455967078188,0.8720219778874972,0.2917544032921812,0.127978022112503,0.514539286855269,0.7630392005373122,0.4386498392771053,2,True,1,2,,
M5_N2_dephase_z_iid_p_p0.10000_twirl,5,2,dephase_z,iid_p,0.1,0.1,0.7082455967078188,0.9241889090017984,0.2917544032921812,0.075811090998202,0.514539286855269,0.8550940885766708,0.259845576082977,3,True,1,3,,
M5_N2_dephase_z_iid_p_p0.30000_twirl,5,2,dephase_z,iid_p,0.3,0.3,0.3276799999999999,0.3276799999999999,0.6723200000000003,0.6723200000000003,0.1453933567999999,0.1453933567999999,1.0,0,True,1,0,,
M5_N2_dephase_z_iid_p_p0.30000_twirl,5,2,dephase_z,iid_p,0.3,0.3,0.3276799999999999,0.3798294968424247,0.6723200000000003,0.6201705031575754,0.1453933567999999,0.177746560915777,0.9224335184994872,1,True,1,1,,
M5_N2_dephase_z_iid_p_p0.30000_twirl,5,2,dephase_z,iid_p,0.3,0.3,0.3276799999999999,0.440019756881806,0.6723200000000003,0.559980243118194,0.1453933567999999,0.2224029195302671,0.8329073106827014,2,True,1,2,,
M5_N2_dephase_z_iid_p_p0.30000_twirl,5,2,dephase_z,iid_p,0.3,0.3,0.3276799999999999,0.5095031836055767,0.6723200000000003,0.4904968163944236,0.1453933567999999,0.2833303203217264,0.7295585679355419,3,True,1,3,,
M5_N4_dephase_z_iid_p_p0.10000_twirl,5,4,dephase_z,iid_p,0.1,0.1,0.7082455967078188,0.5145392868552683,0.2917544032921812,0.4854607131447309,0.514539286855269,0.292594978457893,1.6639361999913331,0,True,2,0,,
M5_N4_dephase_z_iid_p_p0.10000_twirl,5,4,dephase_z,iid_p,0.1,0.1,0.7082455967078188,0.6675477191971939,0.2917544032921812,0.3324522808028063,0.514539286855269,0.4598781280337901,1.1394936187813682,2,True,2,1,,
M5_N4_dephase_z_iid_p_p0.10000_twirl,5,4,dephase_z,iid_p,0.1,0.1,0.7082455967078188,0.8040833690730778,0.2917544032921812,0.1959166309269225,0.514539286855269,0.6521170629339353,0.6715121647391874,4,True,2,2,,
M5_N4_dephase_z_iid_p_p0.10000_twirl,5,4,dephase_z,iid_p,0.1,0.1,0.7082455967078188,0.897082607874678,0.2917544032921812,0.1029173921253222,0.514539286855269,0.8064646650420962,0.3527535179040786,6,True,2,3,,
M5_N4_dephase_z_iid_p_p0.30000_twirl,5,4,dephase_z,iid_p,0.3,0.3,0.3276799999999999,0.1453933567999999,0.6723200000000003,0.8546066431999998,0.1453933567999999,0.0574742668718163,1.2711307758210368,0,True,2,0,,
M5_N4_dephase_z_iid_p_p0.30000_twirl,5,4,dephase_z,iid_p,0.3,0.3,0.3276799999999999,0.1737773409479976,0.6723200000000003,0.8262226590520023,0.1453933567999999,0.0664519115717764,1.2289128079664475,2,True,2,1,,
M5_N4_dephase_z_iid_p_p0.30000_twirl,5,4,dephase_z,iid_p,0.3,0.3,0.3276799999999999,0.2108130349666142,0.6723200000000003,0.7891869650333859,0.1453933567999999,0.0806356974276836,1.1738263996807854,4,True,2,2,,
M5_N4_dephase_z_iid_p_p0.30000_twirl,5,4,dephase_z,iid_p,0.3,0.3,0.3276799999999999,0.2630925966979279,0.6723200000000003,0.7369074033020722,0.1453933567999999,0.1046809483689679,1.0960664613607685,6,True,2,3,,
M5_N8_dephase_z_iid_p_p0.10000_twirl,5,8,dephase_z,iid_p,0.1,0.1,0.7082455967078188,0.3832981071777525,0.2917544032921812,0.6167018928222467,0.514539286855269,0.1828196805783954,2.1137706436075367,0,True,3,0,,
M5_N8_dephase_z_iid_p_p0.10000_twirl,5,8,dephase_z,iid_p,0.1,0.1,0.7082455967078188,0.5682756809119185,0.2917544032921812,0.4317243190880816,0.514539286855269,0.3438086584438332,1.4797525391783914,3,True,3,1,,
M5_N8_dephase_z_iid_p_p0.10000_twirl,5,8,dephase_z,iid_p,0.1,0.1,0.7082455967078188,0.7596107463488135,0.2917544032921812,0.2403892536511865,0.514539286855269,0.5848938029638693,0.8239438751861633,6,True,3,2,,
M5_N8_dephase_z_iid_p_p0.10000_twirl,5,8,dephase_z,iid_p,0.1,0.1,0.7082455967078188,0.8855235541842434,0.2917544032921812,0.1144764458157565,0.514539286855269,0.7862263728719914,0.3923726412489226,9,True,3,3,,
M5_N8_dephase_z_iid_p_p0.30000_twirl,5,8,dephase_z,iid_p,0.3,0.3,0.3276799999999999,0.0830840955207678,0.6723200000000003,0.9169159044792308,0.1453933567999999,0.0392527292471027,1.3638087584472134,0,True,3,0,,
M5_N8_dephase_z_iid_p_p0.30000_twirl,5,8,dephase_z,iid_p,0.3,0.3,0.3276799999999999,0.0967669450187383,0.6723200000000003,0.9032330549812618,0.1453933567999999,0.0422515454070092,1.343457066547569,3,True,3,1,,
M5_N8_dephase_z_iid_p_p0.30000_twirl,5,8,dephase_z,iid_p,0.3,0.3,0.3276799999999999,0.1154168363942797,0.6723200000000003,0.8845831636057203,0.1453933567999999,0.0471086390478299,1.3157174613364468,6,True,3,2,,
M5_N8_dephase_z_iid_p_p0.30000_twirl,5,8,dephase_z,iid_p,0.3,0.3,0.3276799999999999,0.1443372542387283,0.6723200000000003,0.8556627457612719,0.1453933567999999,0.0557543294699373,1.2727016089976075,9,True,3,3,,
M5_N16_dephase_z_iid_p_p0.10000_twirl,5,16,dephase_z,iid_p,0.1,0.1,0.7082455967078188,0.292594978457893,0.2917544032921812,0.7074050215421055,0.514539286855269,0.1244220255964268,2.4246592804073828,0,True,4,0,,
M5_N16_dephase_z_iid_p_p0.10000_twirl,5,16,dephase_z,iid_p,0.1,0.1,0.7082455967078188,0.487399524152535,0.2917544032921812,0.5126004758474652,0.514539286855269,0.2635860183601066,1.7569588327142225,4,True,4,1,,
M5_N16_dephase_z_iid_p_p0.10000_twirl,5,16,dephase_z,iid_p,0.1,0.1,0.7082455967078188,0.7272274638060474,0.2917544032921812,0.2727725361939527,0.514539286855269,0.538583516394473,0.9349388839241652,8,True,4,2,,
M5_N16_dephase_z_iid_p_p0.10000_twirl,5,16,dephase_z,iid_p,0.1,0.1,0.7082455967078188,0.8802711347731811,0.2917544032921812,0.1197288652268189,0.514539286855269,0.7771280905276388,0.4103755209031582,12,True,4,3,,
M5_N16_dephase_z_iid_p_p0.30000_twirl,5,16,dephase_z,iid_p,0.3,0.3,0.3276799999999999,0.0574742668718162,0.6723200000000003,0.9425257331281814,0.1453933567999999,0.0339640529059573,1.4019004835914164,0,True,4,0,,
M5_N16_dephase_z_iid_p_p0.30000_twirl,5,16,dephase_z,iid_p,0.3,0.3,0.3276799999999999,0.0645302189450386,0.6723200000000003,0.9354697810549616,0.1453933567999999,0.0351301448484521,1.3914055524972648,4,True,4,1,,
M5_N16_dephase_z_iid_p_p0.30000_twirl,5,16,dephase_z,iid_p,0.3,0.3,0.3276799999999999,0.0744050417194292,0.6723200000000003,0.9255949582805708,0.1453933567999999,0.0370641861262172,1.3767178698842375,8,True,4,2,,
M5_N16_dephase_z_iid_p_p0.30000_twirl,5,16,dephase_z,iid_p,0.3,0.3,0.3276799999999999,0.0900462713837845,0.6723200000000003,0.9099537286162156,0.1453933567999999,0.0405498627600722,1.3534533088651464,12,True,4,3,,
M5_N32_dephase_z_iid_p_p0.10000_twirl,5,32,dephase_z,iid_p,0.1,0.1,0.7082455967078188,0.2286883548811583,0.2917544032921812,0.7713116451188398,0.514539286855269,0.0912694071493175,2.643701813632611,0,True,5,0,,
M5_N32_dephase_z_iid_p_p0.10000_twirl,5,32,dephase_z,iid_p,0.1,0.1,0.7082455967078188,0.4189082490894876,0.2917544032921812,0.5810917509105126,0.514539286855269,0.2054099474034665,1.9917154440633087,5,True,5,1,,
M5_N32_dephase_z_iid_p_p0.10000_twirl,5,32,dephase_z,iid_p,0.1,0.1,0.7082455967078188,0.702053716243842,0.2917544032921812,0.2979462837561578,0.514539286855269,0.5041033876723543,1.021222920353924,10,True,5,2,,
M5_N32_dephase_z_iid_p_p0.10000_twirl,5,32,dephase_z,iid_p,0.1,0.1,0.7082455967078188,0.877818951069629,0.2917544032921812,0.1221810489303713,0.514539286855269,0.7729013042912016,0.4187804795803254,15,True,5,3,,
M5_N32_dephase_z_iid_p_p0.30000_twirl,5,32,dephase_z,iid_p,0.3,0.3,0.3276799999999999,0.0454423023998924,0.6723200000000003,0.9545576976001048,0.1453933567999999,0.0322062787898444,1.419796670633187,0,True,5,0,,
M5_N32_dephase_z_iid_p_p0.30000_twirl,5,32,dephase_z,iid_p,0.3,0.3,0.3276799999999999,0.0494157034740068,0.6723200000000003,0.9505842965259932,0.1453933567999999,0.0326874523293434,1.4138866856943015,5,True,5,1,,
M5_N32_dephase_z_iid_p_p0.30000_twirl,5,32,dephase_z,iid_p,0.3,0.3,0.3276799999999999,0.0550906856329413,0.6723200000000003,0.9449093143670586,0.1453933567999999,0.0335130750008357,1.4054457912408649,10,True,5,2,,
M5_N32_dephase_z_iid_p_p0.30000_twirl,5,32,dephase_z,iid_p,0.3,0.3,0.3276799999999999,0.0640393849228669,0.6723200000000003,0.9359606150771332,0.1453933567999999,0.035036136367023,1.392135612620676,15,True,5,3,,
M5_N64_dephase_z_iid_p_p0.10000_twirl,5,64,dephase_z,iid_p,0.1,0.1,0.7082455967078188,0.1828196805783954,0.2917544032921812,0.8171803194216026,0.514539286855269,0.0713611795995035,2.800918547245461,0,True,6,0,,
M5_N64_dephase_z_iid_p_p0.10000_twirl,5,64,dephase_z,iid_p,0.1,0.1,0.7082455967078188,0.3598733295228665,0.2917544032921812,0.6401266704771336,0.514539286855269,0.1622393519719169,2.1940600150465266,6,True,6,1,,
M5_N64_dephase_z_iid_p_p0.10000_twirl,5,64,dephase_z,iid_p,0.1,0.1,0.7082455967078188,0.6815783479886781,0.2917544032921812,0.3184216520113222,0.514539286855269,0.4770311690337285,1.0914030719612986,12,True,6,2,,
M5_N64_dephase_z_iid_p_p0.10000_twirl,5,64,dephase_z,iid_p,0.1,0.1,0.7082455967078188,0.8766599010285718,0.2917544032921812,0.1233400989714282,0.514539286855269,0.7709080973055271,0.4227531704051359,18,True,6,3,,
M5_N64_dephase_z_iid_p_p0.30000_twirl,5,64,dephase_z,iid_p,0.3,0.3,0.3276799999999999,0.0392527292471027,0.6723200000000003,0.9607472707528946,0.1453933567999999,0.0315916062109352,1.4290029610198929,0,True,6,0,,
M5_N64_dephase_z_iid_p_p0.30000_twirl,5,64,dephase_z,iid_p,0.3,0.3,0.3276799999999999,0.041644374055301,0.6723200000000003,0.958355625944699,0.1453933567999999,0.0317928299683102,1.4254456597226004,6,True,6,1,,
M5_N64_dephase_z_iid_p_p0.30000_twirl,5,64,dephase_z,iid_p,0.3,0.3,0.3276799999999999,0.0451103412315222,0.6723200000000003,0.954889658768478,0.1453933567999999,0.0321528006394935,1.420290425345784,12,True,6,2,,
M5_N64_dephase_z_iid_p_p0.30000_twirl,5,64,dephase_z,iid_p,0.3,0.3,0.3276799999999999,0.0505412697825255,0.6723200000000003,0.9494587302174746,0.1453933567999999,0.0328411962816015,1.4122125330459814,18,True,6,3,,
M5_N128_dephase_z_iid_p_p0.10000_twirl,5,128,dephase_z,iid_p,0.1,0.1,0.7082455967078188,0.1493115855369392,0.2917544032921812,0.850688414463059,0.514539286855269,0.0588286508155094,2.915768896249104,0,True,7,0,,
M5_N128_dephase_z_iid_p_p0.10000_twirl,5,128,dephase_z,iid_p,0.1,0.1,0.7082455967078188,0.308755578675697,0.2917544032921812,0.6912444213243031,0.514539286855269,0.1299161589501167,2.3692681705031453,7,True,7,1,,
M5_N128_dephase_z_iid_p_p0.10000_twirl,5,128,dephase_z,iid_p,0.1,0.1,0.7082455967078188,0.6643547245160392,0.2917544032921812,0.335645275483961,0.514539286855269,0.4549295867052911,1.1504377370024634,14,True,7,2,,
M5_N128_dephase_z_iid_p_p0.10000_twirl,5,128,dephase_z,iid_p,0.1,0.1,0.7082455967078188,0.8761089077255232,0.2917544032921812,0.123891092274477,0.514539286855269,0.7699616002546783,0.4246417222036054,21,True,7,3,,
M5_N128_dephase_z_iid_p_p0.30000_twirl,5,128,dephase_z,iid_p,0.3,0.3,0.3276799999999999,0.0358758397993065,0.6723200000000003,0.96412416020069,0.1453933567999999,0.031372636061287,1.4340257023451477,0,True,7,0,,
M5_N128_dephase_z_iid_p_p0.30000_twirl,5,128,dephase_z,iid_p,0.3,0.3,0.3276799999999999,0.0373762313390102,0.6723200000000003,0.9626237686609898,0.1453933567999999,0.0314565030156029,1.431794039536217,7,True,7,1,,
M5_N128_dephase_z_iid_p_p0.30000_twirl,5,128,dephase_z,iid_p,0.3,0.3,0.3276799999999999,0.0395789217520165,0.6723200000000003,0.9604210782479834,0.1453933567999999,0.0316137556117864,1.4285177865420975,14,True,7,2,,
M5_N128_dephase_z_iid_p_p0.30000_twirl,5,128,dephase_z,iid_p,0.3,0.3,0.3276799999999999,0.0430265206354792,0.6723200000000003,0.9569734793645208,0.1453933567999999,0.0319280445435978,1.423389872924382,21,True,7,3,,
M5_N256_dephase_z_iid_p_p0.10000_twirl,5,256,dephase_z,iid_p,0.1,0.1,0.7082455967078188,0.1244220255964267,0.2917544032921812,0.8755779744035709,0.514539286855269,0.0506278258333147,3.001078868128382,0,True,8,0,,
M5_N256_dephase_z_iid_p_p0.10000_twirl,5,256,dephase_z,iid_p,0.1,0.1,0.7082455967078188,0.2646507432992426,0.2917544032921812,0.7353492567007576,0.514539286855269,0.1056791398248421,2.520439274962142,8,True,8,1,,
M5_N256_dephase_z_iid_p_p0.10000_twirl,5,256,dephase_z,iid_p,0.1,0.1,0.7082455967078188,0.6494814683860692,0.2917544032921812,0.3505185316139312,0.514539286855269,0.4363347586160124,1.2014164230553186,16,True,8,2,,
M5_N256_dephase_z_iid_p_p0.10000_twirl,5,256,dephase_z,iid_p,0.1,0.1,0.7082455967078188,0.875846260059482,0.2917544032921812,0.1241537399405183,0.514539286855269,0.7695106597332632,0.4255419576861808,24,True,8,3,,
M5_N256_dephase_z_iid_p_p0.30000_twirl,5,256,dephase_z,iid_p,0.3,0.3,0.3276799999999999,0.0339640529059573,0.6723200000000003,0.9660359470940378,0.1453933567999999,0.0312941047201366,1.4368692692379186,0,True,8,0,,
M5_N256_dephase_z_iid_p_p0.30000_twirl,5,256,dephase_z,iid_p,0.3,0.3,0.3276799999999999,0.034927278478172,0.6723200000000003,0.965072721521828,0.1453933567999999,0.0313287783552932,1.4354365800836322,8,True,8,1,,
M5_N256_dephase_z_iid_p_p0.30000_twirl,5,256,dephase_z,iid_p,0.3,0.3,0.3276799999999999,0.0363618898638294,0.6723200000000003,0.9636381101361708,0.1453933567999999,0.0313971561324985,1.4333027578179591,16,True,8,2,,
M5_N256_dephase_z_iid_p_p0.30000_twirl,5,256,dephase_z,iid_p,0.3,0.3,0.3276799999999999,0.038618737212905,0.6723200000000003,0.9613812627870952,0.1453933567999999,0.0315406611642892,1.4299459525034133,24,True,8,3,,
M5_N512_dephase_z_iid_p_p0.10000_twirl,5,512,dephase_z,iid_p,0.1,0.1,0.7082455967078188,0.105643705578499,0.2917544032921812,0.8943562944214979,0.514539286855269,0.0450916957892417,3.065442318366085,0,True,9,0,,
M5_N512_dephase_z_iid_p_p0.10000_twirl,5,512,dephase_z,iid_p,0.1,0.1,0.7082455967078188,0.2269083439449356,0.2917544032921812,0.7730916560550644,0.514539286855269,0.0875339709364847,2.649802873003571,9,True,9,1,,
M5_N512_dephase_z_iid_p_p0.10000_twirl,5,512,dephase_z,iid_p,0.1,0.1,0.7082455967078188,0.6363624821039264,0.2917544032921812,0.3636375178960737,0.514539286855269,0.4203088486115941,1.246382278357267,18,True,9,2,,
M5_N512_dephase_z_iid_p_p0.10000_twirl,5,512,dephase_z,iid_p,0.1,0.1,0.7082455967078188,0.875720898914463,0.2917544032921812,0.1242791010855373,0.514539286855269,0.7692954805534507,0.4259716380735355,27,True,9,3,,
M5_N512_dephase_z_iid_p_p0.30000_twirl,5,512,dephase_z,iid_p,0.3,0.3,0.3276799999999999,0.032856698942076,0.6723200000000003,0.9671433010579188,0.1453933567999999,0.0312658719668138,1.4385163330823392,0,True,9,0,,
M5_N512_dephase_z_iid_p_p0.30000_twirl,5,512,dephase_z,iid_p,0.3,0.3,0.3276799999999999,0.0334822983583187,0.6723200000000003,0.9665177016416814,0.1453933567999999,0.031280085148956,1.4375858246693256,9,True,9,1,,
M5_N512_dephase_z_iid_p_p0.30000_twirl,5,512,dephase_z,iid_p,0.3,0.3,0.3276799999999999,0.0344299614018507,0.6723200000000003,0.9655700385981492,0.1453933567999999,0.0313096288902747,1.436176283017237,18,True,9,2,,
M5_N512_dephase_z_iid_p_p0.30000_twirl,5,512,dephase_z,iid_p,0.3,0.3,0.3276799999999999,0.0359365721788789,0.6723200000000003,0.9640634278211212,0.1453933567999999,0.0313749204503616,1.4339353697958126,27,True,9,3,,
M5_N1024_dephase_z_iid_p_p0.10000_twirl,5,1024,dephase_z,iid_p,0.1,0.1,0.7082455967078188,0.0912694071493175,0.2917544032921812,0.9087305928506788,0.514539286855269,0.0412610257596637,3.1147108067487124,0,True,10,0,,
M5_N1024_dephase_z_iid_p_p0.10000_twirl,5,1024,dephase_z,iid_p,0.1,0.1,0.7082455967078188,0.1949361770794503,0.2917544032921812,0.8050638229205497,0.514539286855269,0.0739714894566853,2.7593887661544843,10,True,10,1,,
M5_N1024_dephase_z_iid_p_p0.10000_twirl,5,1024,dephase_z,iid_p,0.1,0.1,0.7082455967078188,0.6245850405918079,0.2917544032921812,0.3754149594081921,0.514539286855269,0.4062204351148856,1.286749934780686,20,True,10,2,,
M5_N1024_dephase_z_iid_p_p0.10000_twirl,5,1024,dephase_z,iid_p,0.1,0.1,0.7082455967078188,0.875661027460499,0.2917544032921812,0.124338972539501,0.514539286855269,0.7691927249855011,0.4261768498999487,30,True,10,3,,
M5_N1024_dephase_z_iid_p_p0.30000_twirl,5,1024,dephase_z,iid_p,0.3,0.3,0.3276799999999999,0.0322062787898444,0.6723200000000003,0.9677937212101492,0.1453933567999999,0.0312557131653112,1.439483759534372,0,True,10,0,,
M5_N1024_dephase_z_iid_p_p0.30000_twirl,5,1024,dephase_z,iid_p,0.3,0.3,0.3276799999999999,0.0326145686962171,0.6723200000000003,0.9673854313037829,0.1453933567999999,0.0312614940979726,1.438876474452318,10,True,10,1,,
M5_N1024_dephase_z_iid_p_p0.30000_twirl,5,1024,dephase_z,iid_p,0.3,0.3,0.3276799999999999,0.0332451858935107,0.6723200000000003,0.9667548141064892,0.1453933567999999,0.0312741781338505,1.4379385026572002,20,True,10,2,,
M5_N1024_dephase_z_iid_p_p0.30000_twirl,5,1024,dephase_z,iid_p,0.3,0.3,0.3276799999999999,0.0342628839173787,0.6723200000000003,0.9657371160826212,0.1453933567999999,0.0313037479172547,1.436424791888715,30,True,10,3,,
M1_N2_dephase_z_iid_p_p0.10000_twirl,1,2,dephase_z,iid_p,0.1,0.1,0.933333333333333,0.99457052822435,0.0666666666666668,0.00542947177565,0.8755555555555548,0.989200014776225,0.0814420766347506,4,True,1,4,0.8666666666666664,0.9891410564487
M1_N2_dephase_z_iid_p_p0.10000_twirl,1,2,dephase_z,iid_p,0.1,0.1,0.933333333333333,0.99725570535951,0.0666666666666668,0.0027442946404897,0.8755555555555548,0.9945264730251682,0.0411644196073461,5,True,1,5,0.8666666666666664,0.9945114107190204
M1_N2_dephase_z_iid_p_p0.10000_twirl,1,2,dephase_z,iid_p,0.1,0.1,0.933333333333333,0.9986203112213446,0.0666666666666668,0.0013796887786552,0.8755555555555548,0.9972444295249416,0.0206953316798284,6,True,1,6,0.8666666666666664,0.9972406224426896
M1_N2_dephase_z_iid_p_p0.10000_twirl,1,2,dephase_z,iid_p,0.1,0.1,0.933333333333333,0.999308250758216,0.0666666666666668,0.0006917492417839,0.8755555555555548,0.998617458550459,0.0103762386267598,7,True,1,7,0.8666666666666664,0.998616501516432
M1_N2_dephase_z_iid_p_p0.10000_twirl,1,2,dephase_z,iid_p,0.1,0.1,0.933333333333333,0.9996536466967022,0.0666666666666668,0.0003463533032977,0.8755555555555548,0.9993075333146256,0.0051952995494669,8,True,1,8,0.8666666666666664,0.9993072933934044
M1_N2_dephase_z_iid_p_p0.10000_twirl,1,2,dephase_z,iid_p,0.1,0.1,0.933333333333333,0.9998267033669732,0.0666666666666668,0.0001732966330267,0.8755555555555548,0.9996534667973924,0.0025994494954019,9,True,1,9,0.8666666666666664,0.9996534067339464
M1_N2_dephase_z_iid_p_p0.10000_twirl,1,2,dephase_z,iid_p,0.1,0.1,0.933333333333333,0.9999133216491618,0.0666666666666668,8.667835083823088e-05,0.8755555555555548,0.9998266583245964,0.0013001752625734,10,True,1,10,0.8666666666666664,0.9998266432983236
M1_N2_dephase_z_iid_p_p0.30000_twirl,1,2,dephase_z,iid_p,0.3,0.3,0.7999999999999996,0.9690755660188748,0.2000000000000001,0.0309244339811254,0.6799999999999993,0.9400637732718552,0.154622169905627,4,True,1,4,0.5999999999999998,0.9381511320377492
M1_N2_dephase_z_iid_p_p0.30000_twirl,1,2,dephase_z,iid_p,0.3,0.3,0.7999999999999996,0.9835671615348948,0.2000000000000001,0.0164328384651051,0.6799999999999993,0.9676743994298302,0.0821641923255254,5,True,1,5,0.5999999999999998,0.9671343230697896
M1_N2_dephase_z_iid_p_p0.30000_twirl,1,2,dephase_z,iid_p,0.3,0.3,0.7999999999999996,0.991511361508812,0.2000000000000001,0.0084886384911879,0.6799999999999993,0.9831668369844924,0.0424431924559397,6,True,1,6,0.5999999999999998,0.983022723017624
M1_N2_dephase_z_iid_p_p0.30000_twirl,1,2,dephase_z,iid_p,0.3,0.3,0.7999999999999996,0.9956833205784952,0.2000000000000001,0.0043166794215049,0.6799999999999993,0.9914039085994462,0.0215833971075249,7,True,1,7,0.5999999999999998,0.99136664115699
M1_N2_dephase_z_iid_p_p0.30000_twirl,1,2,dephase_z,iid_p,0.3,0.3,0.7999999999999996,0.9978229865252286,0.2000000000000001,0.0021770134747713,0.6799999999999993,0.9956554518257958,0.0108850673738566,8,True,1,8,0.5999999999999998,0.9956459730504572
M1_N2_dephase_z_iid_p_p0.30000_twirl,1,2,dephase_z,iid_p,0.3,0.3,0.7999999999999996,0.9989067487273694,0.2000000000000001,0.0010932512726305,0.6799999999999993,0.997815887851429,0.0054662563631527,9,True,1,9,0.5999999999999998,0.9978134974547388
M1_N2_dephase_z_iid_p_p0.30000_twirl,1,2,dephase_z,iid_p,0.3,0.3,0.7999999999999996,0.9994521785127296,0.2000000000000001,0.0005478214872706,0.6799999999999993,0.9989049572422224,0.0027391074363533,10,True,1,10,0.5999999999999998,0.9989043570254588
M1_N4_dephase_z_iid_p_p0.10000_twirl,1,4,dephase_z,iid_p,0.1,0.1,0.933333333333333,0.9940704816516238,0.0666666666666668,0.0059295183483762,0.8755555555555548,0.9882112816789348,0.0889427752256429,8,True,2,4,0.8666666666666664,0.9881409633032476
M1_N4_dephase_z_iid_p_p0.10000_twirl,1,4,dephase_z,iid_p,0.1,0.1,0.933333333333333,0.9971277036484928,0.0666666666666668,0.0028722963515071,0.8755555555555548,0.9942719074696472,0.0430844452726078,10,True,2,5,0.8666666666666664,0.9942554072969856
M1_N4_dephase_z_iid_p_p0.10000_twirl,1,4,dephase_z,iid_p,0.1,0.1,0.933333333333333,0.9985879370267716,0.0666666666666668,0.0014120629732284,0.8755555555555548,0.997179861897224,0.0211809445984268,12,True,2,6,0.8666666666666664,0.997175874053543
M1_N4_dephase_z_iid_p_p0.10000_twirl,1,4,dephase_z,iid_p,0.1,0.1,0.933333333333333,0.9993001105191808,0.0666666666666668,0.000699889480819,0.8755555555555548,0.9986012007289324,0.0104983422122858,14,True,2,7,0.8666666666666664,0.998600221038362
M1_N4_dephase_z_iid_p_p0.10000_twirl,1,4,dephase_z,iid_p,0.1,0.1,0.933333333333333,0.9996516058035444,0.0666666666666668,0.0003483941964556,0.8755555555555548,0.9993034543641208,0.0052259129468354,16,True,2,8,0.8666666666666664,0.9993032116070886
M1_N4_dephase_z_iid_p_p0.10000_twirl,1,4,dephase_z,iid_p,0.1,0.1,0.933333333333333,0.9998261924147216,0.0666666666666668,0.0001738075852784,0.8755555555555548,0.9996524452475964,0.002607113779177,18,True,2,9,0.8666666666666664,0.9996523848294432
M1_N4_dephase_z_iid_p_p0.10000_twirl,1,4,dephase_z,iid_p,0.1,0.1,0.933333333333333,0.999913193819993,0.0666666666666668,8.680618000706555e-05,0.8755555555555548,0.9998264027106116,0.0013020927001059,20,True,2,10,0.8666666666666664,0.999826387639986
M1_N4_dephase_z_iid_p_p0.30000_twirl,1,4,dephase_z,iid_p,0.3,0.3,0.7999999999999996,0.9625136389669116,0.2000000000000001,0.0374863610330883,0.6799999999999993,0.9278377324608292,0.1874318051654415,8,True,2,4,0.5999999999999998,0.9250272779338232
M1_N4_dephase_z_iid_p_p0.30000_twirl,1,4,dephase_z,iid_p,0.3,0.3,0.7999999999999996,0.9816707206897476,0.2000000000000001,0.0183292793102523,0.6799999999999993,0.964013366339562,0.0916463965512614,10,True,2,5,0.5999999999999998,0.9633414413794954
M1_N4_dephase_z_iid_p_p0.30000_twirl,1,4,dephase_z,iid_p,0.3,0.3,0.7999999999999996,0.9910010642280828,0.2000000000000001,0.008998935771917,0.6799999999999993,0.98216409014622,0.0449946788595853,12,True,2,6,0.5999999999999998,0.9820021284561656
M1_N4_dephase_z_iid_p_p0.30000_twirl,1,4,dephase_z,iid_p,0.3,0.3,0.7999999999999996,0.9955509426622038,0.2000000000000001,0.0044490573377962,0.6799999999999993,0.9911414735467974,0.022245286688981,14,True,2,7,0.5999999999999998,0.9911018853244076
M1_N4_dephase_z_iid_p_p0.30000_twirl,1,4,dephase_z,iid_p,0.3,0.3,0.7999999999999996,0.997789273575454,0.2000000000000001,0.0022107264245459,0.6799999999999993,0.9955883217735564,0.0110536321227299,16,True,2,8,0.5999999999999998,0.995578547150908
M1_N4_dephase_z_iid_p_p0.30000_twirl,1,4,dephase_z,iid_p,0.3,0.3,0.7999999999999996,0.9988982420401108,0.2000000000000001,0.0011017579598893,0.6799999999999993,0.9977989118214255,0.0055087897994469,18,True,2,9,0.5999999999999998,0.9977964840802211
M1_N4_dephase_z_iid_p_p0.30000_twirl,1,4,dephase_z,iid_p,0.3,0.3,0.7999999999999996,0.9994500419629394,0.2000000000000001,0.0005499580370605,0.6799999999999993,0.998900688833564,0.0027497901853027,20,True,2,10,0.5999999999999998,0.9989000839258788
M1_N8_dephase_z_iid_p_p0.10000_twirl,1,8,dephase_z,iid_p,0.1,0.1,0.933333333333333,0.9940234831811894,0.0666666666666668,0.0059765168188105,0.8755555555555548,0.9881184038689498,0.0896477522821585,12,True,3,4,0.8666666666666664,0.9880469663623788
M1_N8_dephase_z_iid_p_p0.10000_twirl,1,8,dephase_z,iid_p,0.1,0.1,0.933333333333333,0.9971216711561804,0.0666666666666668,0.0028783288438196,0.8755555555555548,0.994259911866227,0.0431749326572952,15,True,3,5,0.8666666666666664,0.9942433423123606
M1_N8_dephase_z_iid_p_p0.10000_twirl,1,8,dephase_z,iid_p,0.1,0.1,0.933333333333333,0.998587173396799,0.0666666666666668,0.0014128266032009,0.8755555555555548,0.9971783389516196,0.0211923990480134,18,True,3,6,0.8666666666666664,0.9971743467935982
M1_N8_dephase_z_iid_p_p0.10000_twirl,1,8,dephase_z,iid_p,0.1,0.1,0.933333333333333,0.9993000144768228,0.0666666666666668,0.000699985523177,0.8755555555555548,0.9986010089131112,0.0104997828476557,21,True,3,7,0.8666666666666664,0.998600028953646
M1_N8_dephase_z_iid_p_p0.10000_twirl,1,8,dephase_z,iid_p,0.1,0.1,0.933333333333333,0.999651593761762,0.0666666666666668,0.000348406238238,0.8755555555555548,0.9993034302973376,0.0052260935735707,24,True,3,8,0.8666666666666664,0.999303187523524
M1_N8_dephase_z_iid_p_p0.10000_twirl,1,8,dephase_z,iid_p,0.1,0.1,0.933333333333333,0.9998261909072278,0.0666666666666668,0.0001738090927722,0.8755555555555548,0.9996524422336568,0.0026071363915834,27,True,3,9,0.8666666666666664,0.9996523818144556
M1_N8_dephase_z_iid_p_p0.10000_twirl,1,8,dephase_z,iid_p,0.1,0.1,0.933333333333333,0.9999131936314144,0.0666666666666668,8.68063685854312e-05,0.8755555555555548,0.9998264023335204,0.0013020955287814,30,True,3,10,0.8666666666666664,0.9998263872628292
M1_N8_dephase_z_iid_p_p0.30000_twirl,1,8,dephase_z,iid_p,0.3,0.3,0.7999999999999996,0.9609695533755396,0.2000000000000001,0.0390304466244603,0.6799999999999993,0.9249858582784888,0.1951522331223016,12,True,3,4,0.5999999999999998,0.9219391067510794
M1_N8_dephase_z_iid_p_p0.30000_twirl,1,8,dephase_z,iid_p,0.3,0.3,0.7999999999999996,0.981438942423556,0.2000000000000001,0.0185610575764441,0.6799999999999993,0.9635669105638238,0.0928052878822206,15,True,3,5,0.5999999999999998,0.9628778848471116
M1_N8_dephase_z_iid_p_p0.30000_twirl,1,8,dephase_z,iid_p,0.3,0.3,0.7999999999999996,0.9909694530217354,0.2000000000000001,0.0090305469782645,0.6799999999999993,0.982102007600924,0.0451527348913227,18,True,3,6,0.5999999999999998,0.9819389060434708
M1_N8_dephase_z_iid_p_p0.30000_twirl,1,8,dephase_z,iid_p,0.3,0.3,0.7999999999999996,0.9955468204063148,0.2000000000000001,0.0044531795936852,0.6799999999999993,0.9911333024296168,0.0222658979684262,21,True,3,7,0.5999999999999998,0.9910936408126294
M1_N8_dephase_z_iid_p_p0.30000_twirl,1,8,dephase_z,iid_p,0.3,0.3,0.7999999999999996,0.9977887474462602,0.2000000000000001,0.0022112525537398,0.6799999999999993,0.9955872741682334,0.011056262768699,24,True,3,8,0.5999999999999998,0.9955774948925205
M1_N8_dephase_z_iid_p_p0.30000_twirl,1,8,dephase_z,iid_p,0.3,0.3,0.7999999999999996,0.9988981755910138,0.2000000000000001,0.0011018244089861,0.6799999999999993,0.997798779216084,0.0055091220449308,27,True,3,9,0.5999999999999998,0.9977963511820276
M1_N8_dephase_z_iid_p_p0.30000_twirl,1,8,dephase_z,iid_p,0.3,0.3,0.7999999999999996,0.9994500336139666,0.2000000000000001,0.0005499663860335,0.6799999999999993,0.9989006721539844,0.0027498319301677,30,True,3,10,0.5999999999999998,0.9989000672279328
M1_N16_dephase_z_iid_p_p0.10000_twirl,1,16,dephase_z,iid_p,0.1,0.1,0.933333333333333,0.9940190575602388,0.0666666666666668,0.0059809424397613,0.8755555555555548,0.9881096584654128,0.0897141365964202,16,True,4,4,0.8666666666666664,0.9880381151204772
M1_N16_dephase_z_iid_p_p0.10000_twirl,1,16,dephase_z,iid_p,0.1,0.1,0.933333333333333,0.9971213867178472,0.0666666666666668,0.0028786132821527,0.8755555555555548,0.9942593462645508,0.0431791992322914,20,True,4,5,0.8666666666666664,0.9942427734356944
M1_N16_dephase_z_iid_p_p0.10000_twirl,1,16,dephase_z,iid_p,0.1,0.1,0.933333333333333,0.998587155382382,0.0666666666666668,0.001412844617618,0.8755555555555548,0.997178303024591,0.0211926692642704,24,True,4,6,0.8666666666666664,0.997174310764764
M1_N16_dephase_z_iid_p_p0.10000_twirl,1,16,dephase_z,iid_p,0.1,0.1,0.933333333333333,0.9993000133436352,0.0666666666666668,0.0006999866563647,0.8755555555555548,0.9986010066499088,0.0104997998454709,28,True,4,7,0.8666666666666664,0.9986000266872704
M1_N16_dephase_z_iid_p_p0.10000_twirl,1,16,dephase_z,iid_p,0.1,0.1,0.933333333333333,0.999651593690712,0.0666666666666668,0.000348406309288,0.8755555555555548,0.9993034301553364,0.0052260946393208,32,True,4,8,0.8666666666666664,0.999303187381424
M1_N16_dephase_z_iid_p_p0.10000_twirl,1,16,dephase_z,iid_p,0.1,0.1,0.933333333333333,0.99982619090278,0.0666666666666668,0.0001738090972198,0.8755555555555548,0.9996524422247648,0.0026071364582972,36,True,4,9,0.8666666666666664,0.9996523818055604
M1_N16_dephase_z_iid_p_p0.10000_twirl,1,16,dephase_z,iid_p,0.1,0.1,0.933333333333333,0.9999131936311364,0.0666666666666668,8.680636886361101e-05,0.8755555555555548,0.999826402332964,0.0013020955329541,40,True,4,10,0.8666666666666664,0.9998263872622728
M1_N16_dephase_z_iid_p_p0.30000_twirl,1,16,dephase_z,iid_p,0.3,0.3,0.7999999999999996,0.9605978588563712,0.2000000000000001,0.0394021411436288,0.6799999999999993,0.9243007751661472,0.1970107057181439,16,True,4,4,0.5999999999999998,0.9211957177127422
M1_N16_dephase_z_iid_p_p0.30000_twirl,1,16,dephase_z,iid_p,0.3,0.3,0.7999999999999996,0.981410423144218,0.2000000000000001,0.0185895768557818,0.6799999999999993,0.9635119910237904,0.0929478842789092,20,True,4,5,0.5999999999999998,0.9628208462884362
M1_N16_dephase_z_iid_p_p0.30000_twirl,1,16,dephase_z,iid_p,0.3,0.3,0.7999999999999996,0.9909674912409252,0.2000000000000001,0.0090325087590746,0.6799999999999993,0.982098154910816,0.0451625437953734,24,True,4,6,0.5999999999999998,0.9819349824818504
M1_N16_dephase_z_iid_p_p0.30000_twirl,1,16,dephase_z,iid_p,0.3,0.3,0.7999999999999996,0.9955466919783896,0.2000000000000001,0.0044533080216103,0.6799999999999993,0.99113304786145,0.0222665401080519,28,True,4,7,0.5999999999999998,0.9910933839567792
M1_N16_dephase_z_iid_p_p0.30000_twirl,1,16,dephase_z,iid_p,0.3,0.3,0.7999999999999996,0.997788739234425,0.2000000000000001,0.0022112607655749,0.6799999999999993,0.9955872578171968,0.0110563038278746,32,True,4,8,0.5999999999999998,0.99557747846885
M1_N16_dephase_z_iid_p_p0.30000_twirl,1,16,dephase_z,iid_p,0.3,0.3,0.7999999999999996,0.998898175071938,0.2000000000000001,0.0011018249280619,0.6799999999999993,0.9977987781802204,0.0055091246403097,36,True,4,9,0.5999999999999998,0.997796350143876
M1_N16_dephase_z_iid_p_p0.30000_twirl,1,16,dephase_z,iid_p,0.3,0.3,0.7999999999999996,0.9994500335813412,0.2000000000000001,0.0005499664186589,0.6799999999999993,0.9989006720888054,0.0027498320932945,40,True,4,10,0.5999999999999998,0.998900067162682
M1_N32_dephase_z_iid_p_p0.10000_twirl,1,32,dephase_z,iid_p,0.1,0.1,0.933333333333333,0.99401864074695,0.0666666666666668,0.0059813592530499,0.8755555555555548,0.988108834810928,0.089720388795749,20,True,5,4,0.8666666666666664,0.9880372814939
M1_N32_dephase_z_iid_p_p0.10000_twirl,1,32,dephase_z,iid_p,0.1,0.1,0.933333333333333,0.9971213733059756,0.0666666666666668,0.0028786266940243,0.8755555555555548,0.9942593195952384,0.043179400410365,25,True,5,5,0.8666666666666664,0.9942427466119512
M1_N32_dephase_z_iid_p_p0.10000_twirl,1,32,dephase_z,iid_p,0.1,0.1,0.933333333333333,0.9985871549574116,0.0666666666666668,0.0014128450425884,0.8755555555555548,0.9971783021770516,0.0211926756388272,30,True,5,6,0.8666666666666664,0.997174309914823
M1_N32_dephase_z_iid_p_p0.10000_twirl,1,32,dephase_z,iid_p,0.1,0.1,0.933333333333333,0.9993000133302647,0.0666666666666668,0.000699986669735,0.8755555555555548,0.9986010066232052,0.0104998000460262,35,True,5,7,0.8666666666666664,0.9986000266605298
M1_N32_dephase_z_iid_p_p0.10000_twirl,1,32,dephase_z,iid_p,0.1,0.1,0.933333333333333,0.9996515936902928,0.0666666666666668,0.0003484063097072,0.8755555555555548,0.999303430154494,0.0052260946456092,40,True,5,8,0.8666666666666664,0.9993031873805852
M1_N32_dephase_z_iid_p_p0.10000_twirl,1,32,dephase_z,iid_p,0.1,0.1,0.933333333333333,0.9998261909027668,0.0666666666666668,0.000173809097233,0.8755555555555548,0.9996524422243512,0.0026071364584951,45,True,5,9,0.8666666666666664,0.999652381805534
M1_N32_dephase_z_iid_p_p0.10000_twirl,1,32,dephase_z,iid_p,0.1,0.1,0.933333333333333,0.999913193631136,0.0666666666666668,8.680636886395999e-05,0.8755555555555548,0.9998264022216334,0.0013020955329593,50,True,5,10,0.8666666666666664,0.999826387262272
M1_N32_dephase_z_iid_p_p0.30000_twirl,1,32,dephase_z,iid_p,0.3,0.3,0.7999999999999996,0.9605079002400856,0.2000000000000001,0.0394920997599143,0.6799999999999993,0.9241350523670652,0.1974604987995715,20,True,5,4,0.5999999999999998,0.9210158004801712
M1_N32_dephase_z_iid_p_p0.30000_twirl,1,32,dephase_z,iid_p,0.3,0.3,0.7999999999999996,0.9814069110705196,0.2000000000000001,0.0185930889294803,0.6799999999999993,0.9635052280529184,0.0929654446474018,25,True,5,5,0.5999999999999998,0.9628138221410392
M1_N32_dephase_z_iid_p_p0.30000_twirl,1,32,dephase_z,iid_p,0.3,0.3,0.7999999999999996,0.9909673694797132,0.2000000000000001,0.0090326305202866,0.6799999999999993,0.982097915787659,0.045163152601433,30,True,5,6,0.5999999999999998,0.9819347389594268
M1_N32_dephase_z_iid_p_p0.30000_twirl,1,32,dephase_z,iid_p,0.3,0.3,0.7999999999999996,0.9955466879771886,0.2000000000000001,0.0044533120228114,0.6799999999999993,0.991133039930322,0.0222665601140574,35,True,5,7,0.5999999999999998,0.991093375954377
M1_N32_dephase_z_iid_p_p0.30000_twirl,1,32,dephase_z,iid_p,0.3,0.3,0.7999999999999996,0.9977887391062544,0.2000000000000001,0.0022112608937456,0.6799999999999993,0.9955872575619892,0.0110563044687282,40,True,5,8,0.5999999999999998,0.9955774782125086
M1_N32_dephase_z_iid_p_p0.30000_twirl,1,32,dephase_z,iid_p,0.3,0.3,0.7999999999999996,0.9988981750678833,0.2000000000000001,0.0011018249321168,0.6799999999999993,0.9977987781721284,0.0055091246605841,45,True,5,9,0.5999999999999998,0.9977963501357664
M1_N32_dephase_z_iid_p_p0.30000_twirl,1,32,dephase_z,iid_p,0.3,0.3,0.7999999999999996,0.9994500335812138,0.2000000000000001,0.0005499664187864,0.6799999999999993,0.998900671886582,0.0027498320939321,50,True,5,10,0.5999999999999998,0.9989000671624272
M1_N64_dephase_z_iid_p_p0.10000_twirl,1,64,dephase_z,iid_p,0.1,0.1,0.933333333333333,0.994018601490038,0.0666666666666668,0.005981398509962,0.8755555555555548,0.9881087572363458,0.0897209776494305,24,True,6,4,0.8666666666666664,0.9880372029800758
M1_N64_dephase_z_iid_p_p0.10000_twirl,1,64,dephase_z,iid_p,0.1,0.1,0.933333333333333,0.9971213726735768,0.0666666666666668,0.0028786273264231,0.8755555555555548,0.9942593183377226,0.0431794098963474,30,True,6,5,0.8666666666666664,0.9942427453471536
M1_N64_dephase_z_iid_p_p0.10000_twirl,1,64,dephase_z,iid_p,0.1,0.1,0.933333333333333,0.9985871549473864,0.0666666666666668,0.0014128450526137,0.8755555555555548,0.9971783021570578,0.0211926757892067,36,True,6,6,0.8666666666666664,0.9971743098947724
M1_N64_dephase_z_iid_p_p0.10000_twirl,1,64,dephase_z,iid_p,0.1,0.1,0.933333333333333,0.9993000133301072,0.0666666666666668,0.0006999866698927,0.8755555555555548,0.9986010066228904,0.0104998000483919,42,True,6,7,0.8666666666666664,0.9986000266602144
M1_N64_dephase_z_iid_p_p0.10000_twirl,1,64,dephase_z,iid_p,0.1,0.1,0.933333333333333,0.99965159369029,0.0666666666666668,0.0003484063097098,0.8755555555555548,0.99930342983048,0.0052260946456479,48,True,6,8,0.8666666666666664,0.99930318738058
M1_N64_dephase_z_iid_p_p0.10000_twirl,1,64,dephase_z,iid_p,0.1,0.1,0.933333333333333,0.9998261909027673,0.0666666666666668,0.0001738090972329,0.8755555555555548,0.9996523407424298,0.0026071364584948,54,True,6,9,0.8666666666666664,0.999652381805534
M1_N64_dephase_z_iid_p_p0.10000_twirl,1,64,dephase_z,iid_p,0.1,0.1,0.933333333333333,0.9999131936311358,0.0666666666666668,8.680636886402175e-05,0.8755555555555548,0.9997096553037568,0.0013020955329603,60,True,6,10,0.8666666666666664,0.999826387262272
M1_N64_dephase_z_iid_p_p0.30000_twirl,1,64,dephase_z,iid_p,0.3,0.3,0.7999999999999996,0.9604860998560034,0.2000000000000001,0.0395139001439964,0.6799999999999993,0.9240948963211864,0.1975695007199822,24,True,6,4,0.5999999999999998,0.9209721997120072
M1_N64_dephase_z_iid_p_p0.30000_twirl,1,64,dephase_z,iid_p,0.3,0.3,0.7999999999999996,0.9814064785239126,0.2000000000000001,0.0185935214760873,0.6799999999999993,0.9635043951295889,0.0929676073804365,30,True,6,5,0.5999999999999998,0.9628129570478254
M1_N64_dephase_z_iid_p_p0.30000_twirl,1,64,dephase_z,iid_p,0.3,0.3,0.7999999999999996,0.9909673619223468,0.2000000000000001,0.0090326380776532,0.6799999999999993,0.9820979009459774,0.0451631903882661,36,True,6,6,0.5999999999999998,0.9819347238446936
M1_N64_dephase_z_iid_p_p0.30000_twirl,1,64,dephase_z,iid_p,0.3,0.3,0.7999999999999996,0.9955466878525302,0.2000000000000001,0.0044533121474699,0.6799999999999993,0.9911330396832256,0.0222665607373495,42,True,6,7,0.5999999999999998,0.9910933757050602
M1_N64_dephase_z_iid_p_p0.30000_twirl,1,64,dephase_z,iid_p,0.3,0.3,0.7999999999999996,0.9977887391042538,0.2000000000000001,0.0022112608957461,0.6799999999999993,0.9955872575580056,0.0110563044787309,48,True,6,8,0.5999999999999998,0.9955774782085076
M1_N64_dephase_z_iid_p_p0.30000_twirl,1,64,dephase_z,iid_p,0.3,0.3,0.7999999999999996,0.9988981750678516,0.2000000000000001,0.0011018249321484,0.6799999999999993,0.9977987781720652,0.0055091246607424,54,True,6,9,0.5999999999999998,0.997796350135703
M1_N64_dephase_z_iid_p_p0.30000_twirl,1,64,dephase_z,iid_p,0.3,0.3,0.7999999999999996,0.9994500335812132,0.2000000000000001,0.0005499664187869,0.6799999999999993,0.998688862553078,0.0027498320939345,60,True,6,10,0.5999999999999998,0.9989000671624262
M1_N128_dephase_z_iid_p_p0.10000_twirl,1,128,dephase_z,iid_p,0.1,0.1,0.933333333333333,0.9940185977926808,0.0666666666666668,0.0059814022073192,0.8755555555555548,0.9881087499300928,0.0897210331097884,28,True,7,4,0.8666666666666664,0.9880371955853614
M1_N128_dephase_z_iid_p_p0.10000_twirl,1,128,dephase_z,iid_p,0.1,0.1,0.933333333333333,0.9971213726437578,0.0666666666666668,0.0028786273562422,0.8755555555555548,0.9942593182784276,0.0431794103436335,35,True,7,5,0.8666666666666664,0.9942427452875154
M1_N128_dephase_z_iid_p_p0.10000_twirl,1,128,dephase_z,iid_p,0.1,0.1,0.933333333333333,0.9985871549471498,0.0666666666666668,0.0014128450528502,0.8755555555555548,0.9971783021565864,0.0211926757927531,42,True,7,6,0.8666666666666664,0.9971743098942996
M1_N128_dephase_z_iid_p_p0.10000_twirl,1,128,dephase_z,iid_p,0.1,0.1,0.933333333333333,0.9993000133301052,0.0666666666666668,0.0006999866698947,0.8755555555555548,0.9986010066228864,0.010499800048421,49,True,7,7,0.8666666666666664,0.9986000266602104
M1_N128_dephase_z_iid_p_p0.10000_twirl,1,128,dephase_z,iid_p,0.1,0.1,0.933333333333333,0.99965159369029,0.0666666666666668,0.0003484063097098,0.8755555555555548,0.9992821953211202,0.0052260946456474,56,True,7,8,0.8666666666666664,0.9993031873805804
M1_N128_dephase_z_iid_p_p0.10000_twirl,1,128,dephase_z,iid_p,0.1,0.1,0.933333333333333,0.9998261909027673,0.0666666666666668,0.0001738090972329,0.8755555555555548,0.9725702718435612,0.0026071364584939,63,True,7,9,0.8666666666666664,0.999652381805534
M1_N128_dephase_z_iid_p_p0.10000_twirl,1,128,dephase_z,iid_p,0.1,0.1,0.933333333333333,0.0,0.0666666666666668,0.5,0.8755555555555548,0.0,7.499999999999977,70,True,7,10,0.8666666666666664,0.0
M1_N128_dephase_z_iid_p_p0.30000_twirl,1,128,dephase_z,iid_p,0.3,0.3,0.7999999999999996,0.9604808151324798,0.2000000000000001,0.0395191848675201,0.6799999999999993,0.9240851622101462,0.1975959243376004,28,True,7,4,0.5999999999999998,0.9209616302649596
M1_N128_dephase_z_iid_p_p0.30000_twirl,1,128,dephase_z,iid_p,0.3,0.3,0.7999999999999996,0.9814064252508526,0.2000000000000001,0.0185935747491473,0.6799999999999993,0.9635042925456094,0.0929678737457368,35,True,7,5,0.5999999999999998,0.9628128505017052
M1_N128_dephase_z_iid_p_p0.30000_twirl,1,128,dephase_z,iid_p,0.3,0.3,0.7999999999999996,0.9909673614532828,0.2000000000000001,0.0090326385467172,0.6799999999999993,0.9820979000247968,0.0451631927335861,42,True,7,6,0.5999999999999998,0.9819347229065656
M1_N128_dephase_z_iid_p_p0.30000_twirl,1,128,dephase_z,iid_p,0.3,0.3,0.7999999999999996,0.9955466878486462,0.2000000000000001,0.0044533121513536,0.6799999999999993,0.9911330396755272,0.0222665607567683,49,True,7,7,0.5999999999999998,0.9910933756972926
M1_N128_dephase_z_iid_p_p0.30000_twirl,1,128,dephase_z,iid_p,0.3,0.3,0.7999999999999996,0.9977887391042228,0.2000000000000001,0.0022112608957773,0.6799999999999993,0.995587257557944,0.0110563044788865,56,True,7,8,0.5999999999999998,0.9955774782084452
M1_N128_dephase_z_iid_p_p0.30000_twirl,1,128,dephase_z,iid_p,0.3,0.3,0.7999999999999996,0.9988981750678512,0.2000000000000001,0.0011018249321487,0.6799999999999993,0.9977987781720644,0.0055091246607439,63,True,7,9,0.5999999999999998,0.9977963501357024
M1_N128_dephase_z_iid_p_p0.30000_twirl,1,128,dephase_z,iid_p,0.3,0.3,0.7999999999999996,0.0,0.2000000000000001,0.5,0.6799999999999993,0.0,2.4999999999999987,70,True,7,10,0.5999999999999998,0.0
M1_N256_dephase_z_iid_p_p0.10000_twirl,1,256,dephase_z,iid_p,0.1,0.1,0.933333333333333,0.9940185974444504,0.0666666666666668,0.0059814025555496,0.8755555555555548,0.9881087492419638,0.0897210383332439,32,True,8,4,0.8666666666666664,0.9880371948889008
M1_N256_dephase_z_iid_p_p0.10000_twirl,1,256,dephase_z,iid_p,0.1,0.1,0.933333333333333,0.9971213726423518,0.0666666666666668,0.0028786273576482,0.8755555555555548,0.9942593182754887,0.0431794103647242,40,True,8,5,0.8666666666666664,0.9942427452847036
M1_N256_dephase_z_iid_p_p0.10000_twirl,1,256,dephase_z,iid_p,0.1,0.1,0.933333333333333,0.998587154947144,0.0666666666666668,0.0014128450528558,0.8755555555555548,0.997178302156575,0.0211926757928379,48,True,8,6,0.8666666666666664,0.9971743098942882
M1_N256_dephase_z_iid_p_p0.10000_twirl,1,256,dephase_z,iid_p,0.1,0.1,0.933333333333333,0.9993000133301052,0.0666666666666668,0.0006999866698947,0.8755555555555548,0.9986010066228864,0.0104998000484211,56,True,8,7,0.8666666666666664,0.9986000266602104
M1_N256_dephase_z_iid_p_p0.10000_twirl,1,256,dephase_z,iid_p,0.1,0.1,0.933333333333333,0.99965159369029,0.0666666666666668,0.0003484063097098,0.8755555555555548,-4.8909971949620665,0.0052260946456482,64,True,8,8,0.8666666666666664,0.9993031873805802
M1_N256_dephase_z_iid_p_p0.10000_twirl,1,256,dephase_z,iid_p,0.1,0.1,0.933333333333333,0.0,0.0666666666666668,0.5,0.8755555555555548,0.0,7.499999999999977,72,True,8,9,0.8666666666666664,0.0
M1_N256_dephase_z_iid_p_p0.10000_twirl,1,256,dephase_z,iid_p,0.1,0.1,0.933333333333333,0.0,0.0666666666666668,0.5,0.8755555555555548,0.0,7.499999999999977,80,True,8,10,0.8666666666666664,0.0
M1_N256_dephase_z_iid_p_p0.30000_twirl,1,256,dephase_z,iid_p,0.3,0.3,0.7999999999999996,0.9604795339424776,0.2000000000000001,0.0395204660575221,0.6799999999999993,0.9240828023597628,0.1976023302876107,32,True,8,4,0.5999999999999998,0.9209590678849556
M1_N256_dephase_z_iid_p_p0.30000_twirl,1,256,dephase_z,iid_p,0.3,0.3,0.7999999999999996,0.9814064186896558,0.2000000000000001,0.018593581310344,0.6799999999999993,0.9635042799112002,0.0929679065517201,40,True,8,5,0.5999999999999998,0.962812837379312
M1_N256_dephase_z_iid_p_p0.30000_twirl,1,256,dephase_z,iid_p,0.3,0.3,0.7999999999999996,0.9909673614241692,0.2000000000000001,0.0090326385758307,0.6799999999999993,0.9820978999676216,0.0451631928791536,48,True,8,6,0.5999999999999998,0.9819347228483384
M1_N256_dephase_z_iid_p_p0.30000_twirl,1,256,dephase_z,iid_p,0.3,0.3,0.7999999999999996,0.9955466878485252,0.2000000000000001,0.0044533121514746,0.6799999999999993,0.9911330396752877,0.0222665607573732,56,True,8,7,0.5999999999999998,0.9910933756970508
M1_N256_dephase_z_iid_p_p0.30000_twirl,1,256,dephase_z,iid_p,0.3,0.3,0.7999999999999996,0.9977887391042222,0.2000000000000001,0.0022112608957778,0.6799999999999993,0.9955872575579428,0.011056304478889,64,True,8,8,0.5999999999999998,0.9955774782084444
M1_N256_dephase_z_iid_p_p0.30000_twirl,1,256,dephase_z,iid_p,0.3,0.3,0.7999999999999996,0.9988981750678514,0.2000000000000001,0.0011018249321486,0.6799999999999993,0.9977987781720647,0.0055091246607434,72,True,8,9,0.5999999999999998,0.9977963501357026
M1_N256_dephase_z_iid_p_p0.30000_twirl,1,256,dephase_z,iid_p,0.3,0.3,0.7999999999999996,0.0,0.2000000000000001,0.5,0.6799999999999993,0.0,2.4999999999999987,80,True,8,10,0.5999999999999998,0.0
M1_N512_dephase_z_iid_p_p0.10000_twirl,1,512,dephase_z,iid_p,0.1,0.1,0.933333333333333,0.9940185974116528,0.0666666666666668,0.0059814025883472,0.8755555555555548,0.9881087491771472,0.0897210388252079,36,True,9,4,0.8666666666666664,0.9880371948233054
M1_N512_dephase_z_iid_p_p0.10000_twirl,1,512,dephase_z,iid_p,0.1,0.1,0.933333333333333,0.9971213726422854,0.0666666666666668,0.0028786273577146,0.8755555555555548,0.994259318129338,0.0431794103657191,45,True,9,5,0.8666666666666664,0.9942427452845708
M1_N512_dephase_z_iid_p_p0.10000_twirl,1,512,dephase_z,iid_p,0.1,0.1,0.933333333333333,0.998587154947144,0.0666666666666668,0.001412845052856,0.8755555555555548,0.9971783021565744,0.0211926757928408,54,True,9,6,0.8666666666666664,0.9971743098942878
M1_N512_dephase_z_iid_p_p0.10000_twirl,1,512,dephase_z,iid_p,0.1,0.1,0.933333333333333,0.9993000133301052,0.0666666666666668,0.0006999866698947,0.8755555555555548,0.9986010066228864,0.0104998000484219,63,True,9,7,0.8666666666666664,0.9986000266602104
M1_N512_dephase_z_iid_p_p0.10000_twirl,1,512,dephase_z,iid_p,0.1,0.1,0.933333333333333,0.0,0.0666666666666668,0.5,0.8755555555555548,0.0,7.499999999999977,72,True,9,8,0.8666666666666664,0.0
M1_N512_dephase_z_iid_p_p0.10000_twirl,1,512,dephase_z,iid_p,0.1,0.1,0.933333333333333,0.0,0.0666666666666668,0.5,0.8755555555555548,0.0,7.499999999999977,81,True,9,9,0.8666666666666664,0.0
M1_N512_dephase_z_iid_p_p0.10000_twirl,1,512,dephase_z,iid_p,0.1,0.1,0.933333333333333,0.0,0.0666666666666668,0.5,0.8755555555555548,0.0,7.499999999999977,90,True,9,10,0.8666666666666664,0.0
M1_N512_dephase_z_iid_p_p0.30000_twirl,1,512,dephase_z,iid_p,0.3,0.3,0.7999999999999996,0.9604792233343294,0.2000000000000001,0.0395207766656705,0.6799999999999993,0.9240822302451744,0.1976038833283527,36,True,9,4,0.5999999999999998,0.9209584466686588
M1_N512_dephase_z_iid_p_p0.30000_twirl,1,512,dephase_z,iid_p,0.3,0.3,0.7999999999999996,0.9814064178815683,0.2000000000000001,0.0185935821184316,0.6799999999999993,0.9635042783549576,0.0929679105921581,45,True,9,5,0.5999999999999998,0.9628128357631366
M1_N512_dephase_z_iid_p_p0.30000_twirl,1,512,dephase_z,iid_p,0.3,0.3,0.7999999999999996,0.9909673614223622,0.2000000000000001,0.0090326385776377,0.6799999999999993,0.9820978999640726,0.0451631928881888,54,True,9,6,0.5999999999999998,0.9819347228447244
M1_N512_dephase_z_iid_p_p0.30000_twirl,1,512,dephase_z,iid_p,0.3,0.3,0.7999999999999996,0.9955466878485216,0.2000000000000001,0.0044533121514783,0.6799999999999993,0.9911330396751422,0.0222665607573918,63,True,9,7,0.5999999999999998,0.9910933756970433
M1_N512_dephase_z_iid_p_p0.30000_twirl,1,512,dephase_z,iid_p,0.3,0.3,0.7999999999999996,0.9977887391042224,0.2000000000000001,0.0022112608957778,0.6799999999999993,0.9955872575579428,0.011056304478889,72,True,9,8,0.5999999999999998,0.9955774782084444
M1_N512_dephase_z_iid_p_p0.30000_twirl,1,512,dephase_z,iid_p,0.3,0.3,0.7999999999999996,0.9988981750678512,0.2000000000000001,0.0011018249321488,0.6799999999999993,0.9977987781720644,0.005509124660744,81,True,9,9,0.5999999999999998,0.9977963501357024
M1_N512_dephase_z_iid_p_p0.30000_twirl,1,512,dephase_z,iid_p,0.3,0.3,0.7999999999999996,0.0,0.2000000000000001,0.5,0.6799999999999993,0.0,2.4999999999999987,90,True,9,10,0.5999999999999998,0.0
M1_N1024_dephase_z_iid_p_p0.10000_twirl,1,1024,dephase_z,iid_p,0.1,0.1,0.933333333333333,0.9940185974085636,0.0666666666666668,0.0059814025914363,0.8755555555555548,0.9881087491694982,0.0897210388715443,40,True,10,4,0.8666666666666664,0.9880371948171272
M1_N1024_dephase_z_iid_p_p0.10000_twirl,1,1024,dephase_z,iid_p,0.1,0.1,0.933333333333333,0.9971213726422824,0.0666666666666668,0.0028786273577176,0.8755555555555548,0.9942591686057952,0.043179410365764,50,True,10,5,0.8666666666666664,0.9942427452845648
M1_N1024_dephase_z_iid_p_p0.10000_twirl,1,1024,dephase_z,iid_p,0.1,0.1,0.933333333333333,0.998587154947144,0.0666666666666668,0.0014128450528559,0.8755555555555548,0.9971783021565748,0.0211926757928397,60,True,10,6,0.8666666666666664,0.997174309894288
M1_N1024_dephase_z_iid_p_p0.10000_twirl,1,1024,dephase_z,iid_p,0.1,0.1,0.933333333333333,0.9993000133301052,0.0666666666666668,0.0006999866698946,0.8755555555555548,0.9986010066228864,0.0104998000484201,70,True,10,7,0.8666666666666664,0.9986000266602106
M1_N1024_dephase_z_iid_p_p0.10000_twirl,1,1024,dephase_z,iid_p,0.1,0.1,0.933333333333333,0.0,0.0666666666666668,0.5,0.8755555555555548,0.0,7.499999999999977,80,True,10,8,0.8666666666666664,0.0
M1_N1024_dephase_z_iid_p_p0.10000_twirl,1,1024,dephase_z,iid_p,0.1,0.1,0.933333333333333,0.0,0.0666666666666668,0.5,0.8755555555555548,0.0,7.499999999999977,90,True,10,9,0.8666666666666664,0.0
M1_N1024_dephase_z_iid_p_p0.10000_twirl,1,1024,dephase_z,iid_p,0.1,0.1,0.933333333333333,0.0,0.0666666666666668,0.5,0.8755555555555548,0.0,7.499999999999977,100,True,10,10,0.8666666666666664,0.0
M1_N1024_dephase_z_iid_p_p0.30000_twirl,1,1024,dephase_z,iid_p,0.3,0.3,0.7999999999999996,0.9604791480310142,0.2000000000000001,0.0395208519689858,0.6799999999999993,0.9240820915427372,0.1976042598449289,40,True,10,4,0.5999999999999998,0.9209582960620284
M1_N1024_dephase_z_iid_p_p0.30000_twirl,1,1024,dephase_z,iid_p,0.3,0.3,0.7999999999999996,0.9814064177820429,0.2000000000000001,0.0185935822179571,0.6799999999999993,0.9635042779906025,0.0929679110897858,50,True,10,5,0.5999999999999998,0.9628128355640856
M1_N1024_dephase_z_iid_p_p0.30000_twirl,1,1024,dephase_z,iid_p,0.3,0.3,0.7999999999999996,0.9909673614222502,0.2000000000000001,0.0090326385777498,0.6799999999999993,0.9820978999638528,0.0451631928887491,60,True,10,6,0.5999999999999998,0.9819347228445005
M1_N1024_dephase_z_iid_p_p0.30000_twirl,1,1024,dephase_z,iid_p,0.3,0.3,0.7999999999999996,0.9955466878485216,0.2000000000000001,0.0044533121514784,0.6799999999999993,0.991133037413644,0.0222665607573923,70,True,10,7,0.5999999999999998,0.991093375697043
M1_N1024_dephase_z_iid_p_p0.30000_twirl,1,1024,dephase_z,iid_p,0.3,0.3,0.7999999999999996,0.9977887391042224,0.2000000000000001,0.0022112608957777,0.6799999999999993,0.9955872575579428,0.0110563044788888,80,True,10,8,0.5999999999999998,0.9955774782084444
M1_N1024_dephase_z_iid_p_p0.30000_twirl,1,1024,dephase_z,iid_p,0.3,0.3,0.7999999999999996,0.9988981750678514,0.2000000000000001,0.0011018249321487,0.6799999999999993,0.9977987781720647,0.0055091246607435,90,True,10,9,0.5999999999999998,0.9977963501357026
M1_N1024_dephase_z_iid_p_p0.30000_twirl,1,1024,dephase_z,iid_p,0.3,0.3,0.7999999999999996,0.0,0.2000000000000001,0.5,0.6799999999999993,0.0,2.4999999999999987,100,True,10,10,0.5999999999999998,0.0
M5_N2_dephase_z_iid_p_p0.10000_twirl,5,2,dephase_z,iid_p,0.1,0.1,0.7082455967078188,0.9575513391174328,0.2917544032921812,0.0424486608825673,0.514539286855269,0.9172251359701852,0.1454944994953736,4,True,1,4,,
M5_N2_dephase_z_iid_p_p0.10000_twirl,5,2,dephase_z,iid_p,0.1,0.1,0.7082455967078188,0.9771936680068186,0.2917544032921812,0.022806331993181626,0.514539286855269,0.9550042360478744,0.07816962395711276,5,True,1,5,,
