run_id,merge_num,M,depth,copies_used,N_so_far,noise,mode,p,p_channel,P_success,grover_iters,twirling_applied,fidelity,eps_L,purity,bloch_r,iteration,purification_level,fidelity_before_noise,fidelity_after_noise,eps_L_before_noise,eps_L_after_noise,purity_before_noise,purity_after_noise
M5_N2_depolarizing_iid_p_p0.60000,0,5,3,8,8,dephase_z,iid_p,0.6,0.6,0.01016624688,0,TRUE,0.08669440043,0.9133055996,0.03979658423,,1,3,1,0.07776,0.9133055996,0.92224,0.03979658423,0.0380204032
M5_N2_depolarizing_iid_p_p0.70000,0,5,3,8,8,dephase_z,iid_p,0.7,0.7,0.009738197292,0,TRUE,0.04456529936,0.9554347006,0.03209271412,,1,3,1,0.04315127572,0.9554347006,0.9568487243,0.03209271412,0.03195064478
M5_N2_depolarizing_iid_p_p0.80000,0,5,3,8,8,dephase_z,iid_p,0.8,0.8,0.009738197292,0,TRUE,0.02145759495,0.9785424051,0.03209271412,,1,3,1,0.0221326749,0.9785424051,0.9778673251,0.03209271412,0.03195064478
M5_N2_depolarizing_iid_p_p0.90000,0,5,3,8,8,dephase_z,iid_p,0.9,0.9,0.01016624688,0,TRUE,0.0092681864,0.9907318136,0.03979658423,,1,3,1,0.01024,0.9907318136,0.98976,0.03979658423,0.0380204032
M5_N4_depolarizing_iid_p_p0.60000,0,5,3,8,8,dephase_z,iid_p,0.6,0.6,0.01016624688,0,TRUE,0.08669440043,0.9133055996,0.03979658423,,1,3,1,0.07776,0.9133055996,0.92224,0.03979658423,0.0380204032
M5_N4_depolarizing_iid_p_p0.60000,1,5,6,16,16,dephase_z,iid_p,0.6,0.6,0.009711292429,0,TRUE,0.03964043494,0.9603595651,0.03161866646,,2,3,0.08669440043,0.03884691115,0.9603595651,0.9611530888,0.03161866646,0.03155755868
M5_N4_depolarizing_iid_p_p0.70000,0,5,3,8,8,dephase_z,iid_p,0.7,0.7,0.009738197292,0,TRUE,0.04456529936,0.9554347006,0.03209271412,,1,3,1,0.04315127572,0.9554347006,0.9568487243,0.03209271412,0.03195064478
M5_N4_depolarizing_iid_p_p0.70000,1,5,6,16,16,dephase_z,iid_p,0.7,0.7,0.009690564188,0,TRUE,0.03209115491,0.9679088451,0.03125442768,,2,3,0.04456529936,0.03201831931,0.9679088451,0.9679816807,0.03125442768,0.03125370148
M5_N4_depolarizing_iid_p_p0.80000,0,5,3,8,8,dephase_z,iid_p,0.8,0.8,0.009738197292,0,TRUE,0.02145759495,0.9785424051,0.03209271412,,1,3,1,0.0221326749,0.9785424051,0.9778673251,0.03209271412,0.03195064478
M5_N4_depolarizing_iid_p_p0.80000,1,5,6,16,16,dephase_z,iid_p,0.8,0.8,0.009690564188,0,TRUE,0.03209115491,0.9679088451,0.03125442768,,2,3,0.02145759495,0.03201831931,0.9679088451,0.9679816807,0.03125442768,0.03125370148
M5_N4_depolarizing_iid_p_p0.90000,0,5,3,8,8,dephase_z,iid_p,0.9,0.9,0.01016624688,0,TRUE,0.0092681864,0.9907318136,0.03979658423,,1,3,1,0.01024,0.9907318136,0.98976,0.03979658423,0.0380204032
M5_N4_depolarizing_iid_p_p0.90000,1,5,6,16,16,dephase_z,iid_p,0.9,0.9,0.009711292429,0,TRUE,0.03964043494,0.9603595651,0.03161866646,,2,3,0.0092681864,0.03884691115,0.9603595651,0.9611530888,0.03161866646,0.03155755868
M5_N8_depolarizing_iid_p_p0.60000,0,5,3,8,8,dephase_z,iid_p,0.6,0.6,0.01016624688,0,TRUE,0.08669440043,0.9133055996,0.03979658423,,1,3,1,0.07776,0.9133055996,0.92224,0.03979658423,0.0380204032
M5_N8_depolarizing_iid_p_p0.60000,1,5,6,16,16,dephase_z,iid_p,0.6,0.6,0.009711292429,0,TRUE,0.03964043494,0.9603595651,0.03161866646,,2,3,0.08669440043,0.03884691115,0.9603595651,0.9611530888,0.03161866646,0.03155755868
M5_N8_depolarizing_iid_p_p0.60000,2,5,9,24,24,dephase_z,iid_p,0.6,0.6,0.009691311639,0,TRUE,0.03294342701,0.967056573,0.03126755233,,3,3,0.03964043494,0.03279534382,0.967056573,0.9672046562,0.03126755233,0.03126467242
M5_N8_depolarizing_iid_p_p0.70000,0,5,3,8,8,dephase_z,iid_p,0.7,0.7,0.009738197292,0,TRUE,0.04456529936,0.9554347006,0.03209271412,,1,3,1,0.04315127572,0.9554347006,0.9568487243,0.03209271412,0.03195064478
M5_N8_depolarizing_iid_p_p0.70000,1,5,6,16,16,dephase_z,iid_p,0.7,0.7,0.009690564188,0,TRUE,0.03209115491,0.9679088451,0.03125442768,,2,3,0.04456529936,0.03201831931,0.9679088451,0.9679816807,0.03125442768,0.03125370148
M5_N8_depolarizing_iid_p_p0.70000,2,5,9,24,24,dephase_z,iid_p,0.7,0.7,0.009690313362,0,TRUE,0.03131069386,0.9686893061,0.03125002354,,3,3,0.03209115491,0.03130549058,0.9686893061,0.9686945094,0.03125002354,0.03125001968
M5_N8_depolarizing_iid_p_p0.80000,0,5,3,8,8,dephase_z,iid_p,0.8,0.8,0.009738197292,0,TRUE,0.02145759495,0.9785424051,0.03209271412,,1,3,1,0.0221326749,0.9785424051,0.9778673251,0.03209271412,0.03195064478
M5_N8_depolarizing_iid_p_p0.80000,1,5,6,16,16,dephase_z,iid_p,0.8,0.8,0.009690564188,0,TRUE,0.03209115491,0.9679088451,0.03125442768,,2,3,0.02145759495,0.03201831931,0.9679088451,0.9679816807,0.03125442768,0.03125370148
M5_N8_depolarizing_iid_p_p0.80000,2,5,9,24,24,dephase_z,iid_p,0.8,0.8,0.009690313362,0,TRUE,0.03118940569,0.9688105943,0.03125002354,,3,3,0.03209115491,0.03119459264,0.9688105943,0.9688054074,0.03125002354,0.03125001968
M5_N8_depolarizing_iid_p_p0.90000,0,5,3,8,8,dephase_z,iid_p,0.9,0.9,0.01016624688,0,TRUE,0.0092681864,0.9907318136,0.03979658423,,1,3,1,0.01024,0.9907318136,0.98976,0.03979658423,0.0380204032
M5_N8_depolarizing_iid_p_p0.90000,1,5,6,16,16,dephase_z,iid_p,0.9,0.9,0.009711292429,0,TRUE,0.03964043494,0.9603595651,0.03161866646,,2,3,0.0092681864,0.03884691115,0.9603595651,0.9611530888,0.03161866646,0.03155755868
M5_N8_depolarizing_iid_p_p0.90000,2,5,9,24,24,dephase_z,iid_p,0.9,0.9,0.009691311639,0,TRUE,0.02963080412,0.9703691959,0.03126755233,,3,3,0.03964043494,0.02976672297,0.9703691959,0.970233277,0.03126755233,0.03126467242
M5_N16_depolarizing_iid_p_p0.60000,0,5,3,8,8,dephase_z,iid_p,0.6,0.6,0.01016624688,0,TRUE,0.08669440043,0.9133055996,0.03979658423,,1,3,1,0.07776,0.9133055996,0.92224,0.03979658423,0.0380204032
M5_N16_depolarizing_iid_p_p0.60000,1,5,6,16,16,dephase_z,iid_p,0.6,0.6,0.009711292429,0,TRUE,0.03964043494,0.9603595651,0.03161866646,,2,3,0.08669440043,0.03884691115,0.9603595651,0.9611530888,0.03161866646,0.03155755868
M5_N16_depolarizing_iid_p_p0.60000,2,5,9,24,24,dephase_z,iid_p,0.6,0.6,0.009691311639,0,TRUE,0.03294342701,0.967056573,0.03126755233,,3,3,0.03964043494,0.03279534382,0.967056573,0.9672046562,0.03126755233,0.03126467242
M5_N16_depolarizing_iid_p_p0.60000,3,5,12,32,32,dephase_z,iid_p,0.6,0.6,0.00969035984,0,TRUE,0.03161398036,0.9683860196,0.03125083962,,4,3,0.03294342701,0.03158265953,0.9683860196,0.9684173405,0.03125083962,0.03125070192
M5_N16_depolarizing_iid_p_p0.70000,0,5,3,8,8,dephase_z,iid_p,0.7,0.7,0.009738197292,0,TRUE,0.04456529936,0.9554347006,0.03209271412,,1,3,1,0.04315127572,0.9554347006,0.9568487243,0.03209271412,0.03195064478
M5_N16_depolarizing_iid_p_p0.70000,1,5,6,16,16,dephase_z,iid_p,0.7,0.7,0.009690564188,0,TRUE,0.03209115491,0.9679088451,0.03125442768,,2,3,0.04456529936,0.03201831931,0.9679088451,0.9679816807,0.03125442768,0.03125370148
M5_N16_depolarizing_iid_p_p0.70000,2,5,9,24,24,dephase_z,iid_p,0.7,0.7,0.009690313362,0,TRUE,0.03131069386,0.9686893061,0.03125002354,,3,3,0.03209115491,0.03130549058,0.9686893061,0.9686945094,0.03125002354,0.03125001968
M5_N16_depolarizing_iid_p_p0.70000,3,5,12,32,32,dephase_z,iid_p,0.7,0.7,0.009690312028,0,TRUE,0.03125442199,0.968745578,0.03125000013,,4,3,0.03131069386,0.03125404316,0.968745578,0.9687459568,0.03125000013,0.0312500001
M5_N16_depolarizing_iid_p_p0.80000,0,5,3,8,8,dephase_z,iid_p,0.8,0.8,0.009738197292,0,TRUE,0.02145759495,0.9785424051,0.03209271412,,1,3,1,0.0221326749,0.9785424051,0.9778673251,0.03209271412,0.03195064478
M5_N16_depolarizing_iid_p_p0.80000,1,5,6,16,16,dephase_z,iid_p,0.8,0.8,0.009690564188,0,TRUE,0.03209115491,0.9679088451,0.03125442768,,2,3,0.02145759495,0.03201831931,0.9679088451,0.9679816807,0.03125442768,0.03125370148
M5_N16_depolarizing_iid_p_p0.80000,2,5,9,24,24,dephase_z,iid_p,0.8,0.8,0.009690313362,0,TRUE,0.03118940569,0.9688105943,0.03125002354,,3,3,0.03209115491,0.03119459264,0.9688105943,0.9688054074,0.03125002354,0.03125001968
M5_N16_depolarizing_iid_p_p0.80000,3,5,12,32,32,dephase_z,iid_p,0.8,0.8,0.009690312028,0,TRUE,0.03125442199,0.968745578,0.03125000013,,4,3,0.03118940569,0.03125404316,0.968745578,0.9687459568,0.03125000013,0.0312500001
M5_N16_depolarizing_iid_p_p0.90000,0,5,3,8,8,dephase_z,iid_p,0.9,0.9,0.01016624688,0,TRUE,0.0092681864,0.9907318136,0.03979658423,,1,3,1,0.01024,0.9907318136,0.98976,0.03979658423,0.0380204032
M5_N16_depolarizing_iid_p_p0.90000,1,5,6,16,16,dephase_z,iid_p,0.9,0.9,0.009711292429,0,TRUE,0.03964043494,0.9603595651,0.03161866646,,2,3,0.0092681864,0.03884691115,0.9603595651,0.9611530888,0.03161866646,0.03155755868
M5_N16_depolarizing_iid_p_p0.90000,2,5,9,24,24,dephase_z,iid_p,0.9,0.9,0.009691311639,0,TRUE,0.02963080412,0.9703691959,0.03126755233,,3,3,0.03964043494,0.02976672297,0.9703691959,0.970233277,0.03126755233,0.03126467242
M5_N16_depolarizing_iid_p_p0.90000,3,5,12,32,32,dephase_z,iid_p,0.9,0.9,0.00969035984,0,TRUE,0.03161398036,0.9683860196,0.03125083962,,4,3,0.02963080412,0.03158265953,0.9683860196,0.9684173405,0.03125083962,0.03125070192
M5_N32_depolarizing_iid_p_p0.60000,0,5,3,8,8,dephase_z,iid_p,0.6,0.6,0.01016624688,0,TRUE,0.08669440043,0.9133055996,0.03979658423,,1,3,1,0.07776,0.9133055996,0.92224,0.03979658423,0.0380204032
M5_N32_depolarizing_iid_p_p0.60000,1,5,6,16,16,dephase_z,iid_p,0.6,0.6,0.009711292429,0,TRUE,0.03964043494,0.9603595651,0.03161866646,,2,3,0.08669440043,0.03884691115,0.9603595651,0.9611530888,0.03161866646,0.03155755868
M5_N32_depolarizing_iid_p_p0.60000,2,5,9,24,24,dephase_z,iid_p,0.6,0.6,0.009691311639,0,TRUE,0.03294342701,0.967056573,0.03126755233,,3,3,0.03964043494,0.03279534382,0.967056573,0.9672046562,0.03126755233,0.03126467242
M5_N32_depolarizing_iid_p_p0.60000,3,5,12,32,32,dephase_z,iid_p,0.6,0.6,0.00969035984,0,TRUE,0.03161398036,0.9683860196,0.03125083962,,4,3,0.03294342701,0.03158265953,0.9683860196,0.9684173405,0.03125083962,0.03125070192
M5_N32_depolarizing_iid_p_p0.60000,4,5,15,40,40,dephase_z,iid_p,0.6,0.6,0.009690314309,0,TRUE,0.03132931203,0.968670688,0.03125004017,,5,3,0.03161398036,0.03132251105,0.968670688,0.968677489,0.03125004017,0.03125003358
M5_N32_depolarizing_iid_p_p0.70000,0,5,3,8,8,dephase_z,iid_p,0.7,0.7,0.009738197292,0,TRUE,0.04456529936,0.9554347006,0.03209271412,,1,3,1,0.04315127572,0.9554347006,0.9568487243,0.03209271412,0.03195064478
M5_N32_depolarizing_iid_p_p0.70000,1,5,6,16,16,dephase_z,iid_p,0.7,0.7,0.009690564188,0,TRUE,0.03209115491,0.9679088451,0.03125442768,,2,3,0.04456529936,0.03201831931,0.9679088451,0.9679816807,0.03125442768,0.03125370148
M5_N32_depolarizing_iid_p_p0.70000,2,5,9,24,24,dephase_z,iid_p,0.7,0.7,0.009690313362,0,TRUE,0.03131069386,0.9686893061,0.03125002354,,3,3,0.03209115491,0.03130549058,0.9686893061,0.9686945094,0.03125002354,0.03125001968
M5_N32_depolarizing_iid_p_p0.70000,3,5,12,32,32,dephase_z,iid_p,0.7,0.7,0.009690312028,0,TRUE,0.03125442199,0.968745578,0.03125000013,,4,3,0.03131069386,0.03125404316,0.968745578,0.9687459568,0.03125000013,0.0312500001
M5_N32_depolarizing_iid_p_p0.70000,4,5,15,40,40,dephase_z,iid_p,0.7,0.7,0.009690312021,0,TRUE,0.0312503224,0.9687496776,0.03125,,5,3,0.03125442199,0.03125029478,0.9687496776,0.9687497052,0.03125,0.03125
M5_N32_depolarizing_iid_p_p0.80000,0,5,3,8,8,dephase_z,iid_p,0.8,0.8,0.009738197292,0,TRUE,0.02145759495,0.9785424051,0.03209271412,,1,3,1,0.0221326749,0.9785424051,0.9778673251,0.03209271412,0.03195064478
M5_N32_depolarizing_iid_p_p0.80000,1,5,6,16,16,dephase_z,iid_p,0.8,0.8,0.009690564188,0,TRUE,0.03209115491,0.9679088451,0.03125442768,,2,3,0.02145759495,0.03201831931,0.9679088451,0.9679816807,0.03125442768,0.03125370148
M5_N32_depolarizing_iid_p_p0.80000,2,5,9,24,24,dephase_z,iid_p,0.8,0.8,0.009690313362,0,TRUE,0.03118940569,0.9688105943,0.03125002354,,3,3,0.03209115491,0.03119459264,0.9688105943,0.9688054074,0.03125002354,0.03125001968
M5_N32_depolarizing_iid_p_p0.80000,3,5,12,32,32,dephase_z,iid_p,0.8,0.8,0.009690312028,0,TRUE,0.03125442199,0.968745578,0.03125000013,,4,3,0.03118940569,0.03125404316,0.968745578,0.9687459568,0.03125000013,0.0312500001
M5_N32_depolarizing_iid_p_p0.80000,4,5,15,40,40,dephase_z,iid_p,0.8,0.8,0.009690312021,0,TRUE,0.0312496776,0.9687503224,0.03125,,5,3,0.03125442199,0.03124970522,0.9687503224,0.9687502948,0.03125,0.03125
M5_N32_depolarizing_iid_p_p0.90000,0,5,3,8,8,dephase_z,iid_p,0.9,0.9,0.01016624688,0,TRUE,0.0092681864,0.9907318136,0.03979658423,,1,3,1,0.01024,0.9907318136,0.98976,0.03979658423,0.0380204032
M5_N32_depolarizing_iid_p_p0.90000,1,5,6,16,16,dephase_z,iid_p,0.9,0.9,0.009711292429,0,TRUE,0.03964043494,0.9603595651,0.03161866646,,2,3,0.0092681864,0.03884691115,0.9603595651,0.9611530888,0.03161866646,0.03155755868
M5_N32_depolarizing_iid_p_p0.90000,2,5,9,24,24,dephase_z,iid_p,0.9,0.9,0.009691311639,0,TRUE,0.02963080412,0.9703691959,0.03126755233,,3,3,0.03964043494,0.02976672297,0.9703691959,0.970233277,0.03126755233,0.03126467242
M5_N32_depolarizing_iid_p_p0.90000,3,5,12,32,32,dephase_z,iid_p,0.9,0.9,0.00969035984,0,TRUE,0.03161398036,0.9683860196,0.03125083962,,4,3,0.02963080412,0.03158265953,0.9683860196,0.9684173405,0.03125083962,0.03125070192
M5_N32_depolarizing_iid_p_p0.90000,4,5,15,40,40,dephase_z,iid_p,0.9,0.9,0.009690314309,0,TRUE,0.03117085789,0.9688291421,0.03125004017,,5,3,0.03161398036,0.031177631,0.9688291421,0.968822369,0.03125004017,0.03125003358
M5_N64_depolarizing_iid_p_p0.60000,0,5,3,8,8,dephase_z,iid_p,0.6,0.6,0.01016624688,0,TRUE,0.08669440043,0.9133055996,0.03979658423,,1,3,1,0.07776,0.9133055996,0.92224,0.03979658423,0.0380204032
M5_N64_depolarizing_iid_p_p0.60000,1,5,6,16,16,dephase_z,iid_p,0.6,0.6,0.009711292429,0,TRUE,0.03964043494,0.9603595651,0.03161866646,,2,3,0.08669440043,0.03884691115,0.9603595651,0.9611530888,0.03161866646,0.03155755868
M5_N64_depolarizing_iid_p_p0.60000,2,5,9,24,24,dephase_z,iid_p,0.6,0.6,0.009691311639,0,TRUE,0.03294342701,0.967056573,0.03126755233,,3,3,0.03964043494,0.03279534382,0.967056573,0.9672046562,0.03126755233,0.03126467242
M5_N64_depolarizing_iid_p_p0.60000,3,5,12,32,32,dephase_z,iid_p,0.6,0.6,0.00969035984,0,TRUE,0.03161398036,0.9683860196,0.03125083962,,4,3,0.03294342701,0.03158265953,0.9683860196,0.9684173405,0.03125083962,0.03125070192
M5_N64_depolarizing_iid_p_p0.60000,4,5,15,40,40,dephase_z,iid_p,0.6,0.6,0.009690314309,0,TRUE,0.03132931203,0.968670688,0.03125004017,,5,3,0.03161398036,0.03132251105,0.968670688,0.968677489,0.03125004017,0.03125003358
M5_N64_depolarizing_iid_p_p0.60000,5,5,18,48,48,dephase_z,iid_p,0.6,0.6,0.009690312131,0,TRUE,0.03126733405,0.9687326659,0.03125000192,,6,3,0.03132931203,0.0312658488,0.9687326659,0.9687341512,0.03125000192,0.03125000161
M5_N64_depolarizing_iid_p_p0.70000,0,5,3,8,8,dephase_z,iid_p,0.7,0.7,0.009738197292,0,TRUE,0.04456529936,0.9554347006,0.03209271412,,1,3,1,0.04315127572,0.9554347006,0.9568487243,0.03209271412,0.03195064478
M5_N64_depolarizing_iid_p_p0.70000,1,5,6,16,16,dephase_z,iid_p,0.7,0.7,0.009690564188,0,TRUE,0.03209115491,0.9679088451,0.03125442768,,2,3,0.04456529936,0.03201831931,0.9679088451,0.9679816807,0.03125442768,0.03125370148
M5_N64_depolarizing_iid_p_p0.70000,2,5,9,24,24,dephase_z,iid_p,0.7,0.7,0.009690313362,0,TRUE,0.03131069386,0.9686893061,0.03125002354,,3,3,0.03209115491,0.03130549058,0.9686893061,0.9686945094,0.03125002354,0.03125001968
M5_N64_depolarizing_iid_p_p0.70000,3,5,12,32,32,dephase_z,iid_p,0.7,0.7,0.009690312028,0,TRUE,0.03125442199,0.968745578,0.03125000013,,4,3,0.03131069386,0.03125404316,0.968745578,0.9687459568,0.03125000013,0.0312500001
M5_N64_depolarizing_iid_p_p0.70000,4,5,15,40,40,dephase_z,iid_p,0.7,0.7,0.009690312021,0,TRUE,0.0312503224,0.9687496776,0.03125,,5,3,0.03125442199,0.03125029478,0.9687496776,0.9687497052,0.03125,0.03125
M5_N64_depolarizing_iid_p_p0.70000,5,5,18,48,48,dephase_z,iid_p,0.7,0.7,0.009690312021,0,TRUE,0.03125002351,0.9687499765,0.03125,,6,3,0.0312503224,0.03125002149,0.9687499765,0.9687499785,0.03125,0.03125
M5_N64_depolarizing_iid_p_p0.80000,0,5,3,8,8,dephase_z,iid_p,0.8,0.8,0.009738197292,0,TRUE,0.02145759495,0.9785424051,0.03209271412,,1,3,1,0.0221326749,0.9785424051,0.9778673251,0.03209271412,0.03195064478
M5_N64_depolarizing_iid_p_p0.80000,1,5,6,16,16,dephase_z,iid_p,0.8,0.8,0.009690564188,0,TRUE,0.03209115491,0.9679088451,0.03125442768,,2,3,0.02145759495,0.03201831931,0.9679088451,0.9679816807,0.03125442768,0.03125370148
M5_N64_depolarizing_iid_p_p0.80000,2,5,9,24,24,dephase_z,iid_p,0.8,0.8,0.009690313362,0,TRUE,0.03118940569,0.9688105943,0.03125002354,,3,3,0.03209115491,0.03119459264,0.9688105943,0.9688054074,0.03125002354,0.03125001968
M5_N64_depolarizing_iid_p_p0.80000,3,5,12,32,32,dephase_z,iid_p,0.8,0.8,0.009690312028,0,TRUE,0.03125442199,0.968745578,0.03125000013,,4,3,0.03118940569,0.03125404316,0.968745578,0.9687459568,0.03125000013,0.0312500001
M5_N64_depolarizing_iid_p_p0.80000,4,5,15,40,40,dephase_z,iid_p,0.8,0.8,0.009690312021,0,TRUE,0.0312496776,0.9687503224,0.03125,,5,3,0.03125442199,0.03124970522,0.9687503224,0.9687502948,0.03125,0.03125
M5_N64_depolarizing_iid_p_p0.80000,5,5,18,48,48,dephase_z,iid_p,0.8,0.8,0.009690312021,0,TRUE,0.03125002351,0.9687499765,0.03125,,6,3,0.0312496776,0.03125002149,0.9687499765,0.9687499785,0.03125,0.03125
M5_N64_depolarizing_iid_p_p0.90000,0,5,3,8,8,dephase_z,iid_p,0.9,0.9,0.01016624688,0,TRUE,0.0092681864,0.9907318136,0.03979658423,,1,3,1,0.01024,0.9907318136,0.98976,0.03979658423,0.0380204032
M5_N64_depolarizing_iid_p_p0.90000,1,5,6,16,16,dephase_z,iid_p,0.9,0.9,0.009711292429,0,TRUE,0.03964043494,0.9603595651,0.03161866646,,2,3,0.0092681864,0.03884691115,0.9603595651,0.9611530888,0.03161866646,0.03155755868
M5_N64_depolarizing_iid_p_p0.90000,2,5,9,24,24,dephase_z,iid_p,0.9,0.9,0.009691311639,0,TRUE,0.02963080412,0.9703691959,0.03126755233,,3,3,0.03964043494,0.02976672297,0.9703691959,0.970233277,0.03126755233,0.03126467242
M5_N64_depolarizing_iid_p_p0.90000,3,5,12,32,32,dephase_z,iid_p,0.9,0.9,0.00969035984,0,TRUE,0.03161398036,0.9683860196,0.03125083962,,4,3,0.02963080412,0.03158265953,0.9683860196,0.9684173405,0.03125083962,0.03125070192
M5_N64_depolarizing_iid_p_p0.90000,4,5,15,40,40,dephase_z,iid_p,0.9,0.9,0.009690314309,0,TRUE,0.03117085789,0.9688291421,0.03125004017,,5,3,0.03161398036,0.031177631,0.9688291421,0.968822369,0.03125004017,0.03125003358
M5_N64_depolarizing_iid_p_p0.90000,5,5,18,48,48,dephase_z,iid_p,0.9,0.9,0.009690312131,0,TRUE,0.03126733405,0.9687326659,0.03125000192,,6,3,0.03117085789,0.0312658488,0.9687326659,0.9687341512,0.03125000192,0.03125000161
M5_N128_depolarizing_iid_p_p0.60000,0,5,3,8,8,dephase_z,iid_p,0.6,0.6,0.01016624688,0,TRUE,0.08669440043,0.9133055996,0.03979658423,,1,3,1,0.07776,0.9133055996,0.92224,0.03979658423,0.0380204032
M5_N128_depolarizing_iid_p_p0.60000,1,5,6,16,16,dephase_z,iid_p,0.6,0.6,0.009711292429,0,TRUE,0.03964043494,0.9603595651,0.03161866646,,2,3,0.08669440043,0.03884691115,0.9603595651,0.9611530888,0.03161866646,0.03155755868
M5_N128_depolarizing_iid_p_p0.60000,2,5,9,24,24,dephase_z,iid_p,0.6,0.6,0.009691311639,0,TRUE,0.03294342701,0.967056573,0.03126755233,,3,3,0.03964043494,0.03279534382,0.967056573,0.9672046562,0.03126755233,0.03126467242
M5_N128_depolarizing_iid_p_p0.60000,3,5,12,32,32,dephase_z,iid_p,0.6,0.6,0.00969035984,0,TRUE,0.03161398036,0.9683860196,0.03125083962,,4,3,0.03294342701,0.03158265953,0.9683860196,0.9684173405,0.03125083962,0.03125070192
M5_N128_depolarizing_iid_p_p0.60000,4,5,15,40,40,dephase_z,iid_p,0.6,0.6,0.009690314309,0,TRUE,0.03132931203,0.968670688,0.03125004017,,5,3,0.03161398036,0.03132251105,0.968670688,0.968677489,0.03125004017,0.03125003358
M5_N128_depolarizing_iid_p_p0.60000,5,5,18,48,48,dephase_z,iid_p,0.6,0.6,0.009690312131,0,TRUE,0.03126733405,0.9687326659,0.03125000192,,6,3,0.03132931203,0.0312658488,0.9687326659,0.9687341512,0.03125000192,0.03125000161
M5_N128_depolarizing_iid_p_p0.60000,6,5,21,56,56,dephase_z,iid_p,0.6,0.6,0.009690312027,0,TRUE,0.03125379093,0.9687462091,0.03125000009,,7,3,0.03126733405,0.03125346616,0.9687462091,0.9687465338,0.03125000009,0.03125000008
M5_N128_depolarizing_iid_p_p0.70000,0,5,3,8,8,dephase_z,iid_p,0.7,0.7,0.009738197292,0,TRUE,0.04456529936,0.9554347006,0.03209271412,,1,3,1,0.04315127572,0.9554347006,0.9568487243,0.03209271412,0.03195064478
M5_N128_depolarizing_iid_p_p0.70000,1,5,6,16,16,dephase_z,iid_p,0.7,0.7,0.009690564188,0,TRUE,0.03209115491,0.9679088451,0.03125442768,,2,3,0.04456529936,0.03201831931,0.9679088451,0.9679816807,0.03125442768,0.03125370148
M5_N128_depolarizing_iid_p_p0.70000,2,5,9,24,24,dephase_z,iid_p,0.7,0.7,0.009690313362,0,TRUE,0.03131069386,0.9686893061,0.03125002354,,3,3,0.03209115491,0.03130549058,0.9686893061,0.9686945094,0.03125002354,0.03125001968
M5_N128_depolarizing_iid_p_p0.70000,3,5,12,32,32,dephase_z,iid_p,0.7,0.7,0.009690312028,0,TRUE,0.03125442199,0.968745578,0.03125000013,,4,3,0.03131069386,0.03125404316,0.968745578,0.9687459568,0.03125000013,0.0312500001
M5_N128_depolarizing_iid_p_p0.70000,4,5,15,40,40,dephase_z,iid_p,0.7,0.7,0.009690312021,0,TRUE,0.0312503224,0.9687496776,0.03125,,5,3,0.03125442199,0.03125029478,0.9687496776,0.9687497052,0.03125,0.03125
M5_N128_depolarizing_iid_p_p0.70000,5,5,18,48,48,dephase_z,iid_p,0.7,0.7,0.009690312021,0,TRUE,0.03125002351,0.9687499765,0.03125,,6,3,0.0312503224,0.03125002149,0.9687499765,0.9687499785,0.03125,0.03125
M5_N128_depolarizing_iid_p_p0.70000,6,5,21,56,56,dephase_z,iid_p,0.7,0.7,0.009690312021,0,TRUE,0.03125000171,0.9687499983,0.03125,,7,3,0.03125002351,0.03125000157,0.9687499983,0.9687499984,0.03125,0.03125
M5_N128_depolarizing_iid_p_p0.80000,0,5,3,8,8,dephase_z,iid_p,0.8,0.8,0.009738197292,0,TRUE,0.02145759495,0.9785424051,0.03209271412,,1,3,1,0.0221326749,0.9785424051,0.9778673251,0.03209271412,0.03195064478
M5_N128_depolarizing_iid_p_p0.80000,1,5,6,16,16,dephase_z,iid_p,0.8,0.8,0.009690564188,0,TRUE,0.03209115491,0.9679088451,0.03125442768,,2,3,0.02145759495,0.03201831931,0.9679088451,0.9679816807,0.03125442768,0.03125370148
M5_N128_depolarizing_iid_p_p0.80000,2,5,9,24,24,dephase_z,iid_p,0.8,0.8,0.009690313362,0,TRUE,0.03118940569,0.9688105943,0.03125002354,,3,3,0.03209115491,0.03119459264,0.9688105943,0.9688054074,0.03125002354,0.03125001968
M5_N128_depolarizing_iid_p_p0.80000,3,5,12,32,32,dephase_z,iid_p,0.8,0.8,0.009690312028,0,TRUE,0.03125442199,0.968745578,0.03125000013,,4,3,0.03118940569,0.03125404316,0.968745578,0.9687459568,0.03125000013,0.0312500001
M5_N128_depolarizing_iid_p_p0.80000,4,5,15,40,40,dephase_z,iid_p,0.8,0.8,0.009690312021,0,TRUE,0.0312496776,0.9687503224,0.03125,,5,3,0.03125442199,0.03124970522,0.9687503224,0.9687502948,0.03125,0.03125
M5_N128_depolarizing_iid_p_p0.80000,5,5,18,48,48,dephase_z,iid_p,0.8,0.8,0.009690312021,0,TRUE,0.03125002351,0.9687499765,0.03125,,6,3,0.0312496776,0.03125002149,0.9687499765,0.9687499785,0.03125,0.03125
M5_N128_depolarizing_iid_p_p0.80000,6,5,21,56,56,dephase_z,iid_p,0.8,0.8,0.009690312021,0,TRUE,0.03124999829,0.9687500017,0.03125,,7,3,0.03125002351,0.03124999843,0.9687500017,0.9687500016,0.03125,0.03125
M5_N128_depolarizing_iid_p_p0.90000,0,5,3,8,8,dephase_z,iid_p,0.9,0.9,0.01016624688,0,TRUE,0.0092681864,0.9907318136,0.03979658423,,1,3,1,0.01024,0.9907318136,0.98976,0.03979658423,0.0380204032
M5_N128_depolarizing_iid_p_p0.90000,1,5,6,16,16,dephase_z,iid_p,0.9,0.9,0.009711292429,0,TRUE,0.03964043494,0.9603595651,0.03161866646,,2,3,0.0092681864,0.03884691115,0.9603595651,0.9611530888,0.03161866646,0.03155755868
M5_N128_depolarizing_iid_p_p0.90000,2,5,9,24,24,dephase_z,iid_p,0.9,0.9,0.009691311639,0,TRUE,0.02963080412,0.9703691959,0.03126755233,,3,3,0.03964043494,0.02976672297,0.9703691959,0.970233277,0.03126755233,0.03126467242
M5_N128_depolarizing_iid_p_p0.90000,3,5,12,32,32,dephase_z,iid_p,0.9,0.9,0.00969035984,0,TRUE,0.03161398036,0.9683860196,0.03125083962,,4,3,0.02963080412,0.03158265953,0.9683860196,0.9684173405,0.03125083962,0.03125070192
M5_N128_depolarizing_iid_p_p0.90000,4,5,15,40,40,dephase_z,iid_p,0.9,0.9,0.009690314309,0,TRUE,0.03117085789,0.9688291421,0.03125004017,,5,3,0.03161398036,0.031177631,0.9688291421,0.968822369,0.03125004017,0.03125003358
M5_N128_depolarizing_iid_p_p0.90000,5,5,18,48,48,dephase_z,iid_p,0.9,0.9,0.009690312131,0,TRUE,0.03126733405,0.9687326659,0.03125000192,,6,3,0.03117085789,0.0312658488,0.9687326659,0.9687341512,0.03125000192,0.03125000161
M5_N128_depolarizing_iid_p_p0.90000,6,5,21,56,56,dephase_z,iid_p,0.9,0.9,0.009690312027,0,TRUE,0.03124620946,0.9687537905,0.03125000009,,7,3,0.03126733405,0.03124653417,0.9687537905,0.9687534658,0.03125000009,0.03125000008
M5_N256_depolarizing_iid_p_p0.60000,0,5,3,8,8,dephase_z,iid_p,0.6,0.6,0.01016624688,0,TRUE,0.08669440043,0.9133055996,0.03979658423,,1,3,1,0.07776,0.9133055996,0.92224,0.03979658423,0.0380204032
M5_N256_depolarizing_iid_p_p0.60000,1,5,6,16,16,dephase_z,iid_p,0.6,0.6,0.009711292429,0,TRUE,0.03964043494,0.9603595651,0.03161866646,,2,3,0.08669440043,0.03884691115,0.9603595651,0.9611530888,0.03161866646,0.03155755868
M5_N256_depolarizing_iid_p_p0.60000,2,5,9,24,24,dephase_z,iid_p,0.6,0.6,0.009691311639,0,TRUE,0.03294342701,0.967056573,0.03126755233,,3,3,0.03964043494,0.03279534382,0.967056573,0.9672046562,0.03126755233,0.03126467242
M5_N256_depolarizing_iid_p_p0.60000,3,5,12,32,32,dephase_z,iid_p,0.6,0.6,0.00969035984,0,TRUE,0.03161398036,0.9683860196,0.03125083962,,4,3,0.03294342701,0.03158265953,0.9683860196,0.9684173405,0.03125083962,0.03125070192
M5_N256_depolarizing_iid_p_p0.60000,4,5,15,40,40,dephase_z,iid_p,0.6,0.6,0.009690314309,0,TRUE,0.03132931203,0.968670688,0.03125004017,,5,3,0.03161398036,0.03132251105,0.968670688,0.968677489,0.03125004017,0.03125003358
M5_N256_depolarizing_iid_p_p0.60000,5,5,18,48,48,dephase_z,iid_p,0.6,0.6,0.009690312131,0,TRUE,0.03126733405,0.9687326659,0.03125000192,,6,3,0.03132931203,0.0312658488,0.9687326659,0.9687341512,0.03125000192,0.03125000161
M5_N256_depolarizing_iid_p_p0.60000,6,5,21,56,56,dephase_z,iid_p,0.6,0.6,0.009690312027,0,TRUE,0.03125379093,0.9687462091,0.03125000009,,7,3,0.03126733405,0.03125346616,0.9687462091,0.9687465338,0.03125000009,0.03125000008
M5_N256_depolarizing_iid_p_p0.60000,7,5,24,64,64,dephase_z,iid_p,0.6,0.6,0.009690312022,0,TRUE,0.03125082919,0.9687491708,0.03125,,8,3,0.03125379093,0.03125075815,0.9687491708,0.9687492418,0.03125,0.03125
M5_N256_depolarizing_iid_p_p0.70000,0,5,3,8,8,dephase_z,iid_p,0.7,0.7,0.009738197292,0,TRUE,0.04456529936,0.9554347006,0.03209271412,,1,3,1,0.04315127572,0.9554347006,0.9568487243,0.03209271412,0.03195064478
M5_N256_depolarizing_iid_p_p0.70000,1,5,6,16,16,dephase_z,iid_p,0.7,0.7,0.009690564188,0,TRUE,0.03209115491,0.9679088451,0.03125442768,,2,3,0.04456529936,0.03201831931,0.9679088451,0.9679816807,0.03125442768,0.03125370148
M5_N256_depolarizing_iid_p_p0.70000,2,5,9,24,24,dephase_z,iid_p,0.7,0.7,0.009690313362,0,TRUE,0.03131069386,0.9686893061,0.03125002354,,3,3,0.03209115491,0.03130549058,0.9686893061,0.9686945094,0.03125002354,0.03125001968
M5_N256_depolarizing_iid_p_p0.70000,3,5,12,32,32,dephase_z,iid_p,0.7,0.7,0.009690312028,0,TRUE,0.03125442199,0.968745578,0.03125000013,,4,3,0.03131069386,0.03125404316,0.968745578,0.9687459568,0.03125000013,0.0312500001
M5_N256_depolarizing_iid_p_p0.70000,4,5,15,40,40,dephase_z,iid_p,0.7,0.7,0.009690312021,0,TRUE,0.0312503224,0.9687496776,0.03125,,5,3,0.03125442199,0.03125029478,0.9687496776,0.9687497052,0.03125,0.03125
M5_N256_depolarizing_iid_p_p0.70000,5,5,18,48,48,dephase_z,iid_p,0.7,0.7,0.009690312021,0,TRUE,0.03125002351,0.9687499765,0.03125,,6,3,0.0312503224,0.03125002149,0.9687499765,0.9687499785,0.03125,0.03125
M5_N256_depolarizing_iid_p_p0.70000,6,5,21,56,56,dephase_z,iid_p,0.7,0.7,0.009690312021,0,TRUE,0.03125000171,0.9687499983,0.03125,,7,3,0.03125002351,0.03125000157,0.9687499983,0.9687499984,0.03125,0.03125
M5_N256_depolarizing_iid_p_p0.70000,7,5,24,64,64,dephase_z,iid_p,0.7,0.7,0.009690312021,0,TRUE,0.03125000012,0.9687499999,0.03125,,8,3,0.03125000171,0.03125000011,0.9687499999,0.9687499999,0.03125,0.03125
M5_N256_depolarizing_iid_p_p0.80000,0,5,3,8,8,dephase_z,iid_p,0.8,0.8,0.009738197292,0,TRUE,0.02145759495,0.9785424051,0.03209271412,,1,3,1,0.0221326749,0.9785424051,0.9778673251,0.03209271412,0.03195064478
M5_N256_depolarizing_iid_p_p0.80000,1,5,6,16,16,dephase_z,iid_p,0.8,0.8,0.009690564188,0,TRUE,0.03209115491,0.9679088451,0.03125442768,,2,3,0.02145759495,0.03201831931,0.9679088451,0.9679816807,0.03125442768,0.03125370148
M5_N256_depolarizing_iid_p_p0.80000,2,5,9,24,24,dephase_z,iid_p,0.8,0.8,0.009690313362,0,TRUE,0.03118940569,0.9688105943,0.03125002354,,3,3,0.03209115491,0.03119459264,0.9688105943,0.9688054074,0.03125002354,0.03125001968
M5_N256_depolarizing_iid_p_p0.80000,3,5,12,32,32,dephase_z,iid_p,0.8,0.8,0.009690312028,0,TRUE,0.03125442199,0.968745578,0.03125000013,,4,3,0.03118940569,0.03125404316,0.968745578,0.9687459568,0.03125000013,0.0312500001
M5_N256_depolarizing_iid_p_p0.80000,4,5,15,40,40,dephase_z,iid_p,0.8,0.8,0.009690312021,0,TRUE,0.0312496776,0.9687503224,0.03125,,5,3,0.03125442199,0.03124970522,0.9687503224,0.9687502948,0.03125,0.03125
M5_N256_depolarizing_iid_p_p0.80000,5,5,18,48,48,dephase_z,iid_p,0.8,0.8,0.009690312021,0,TRUE,0.03125002351,0.9687499765,0.03125,,6,3,0.0312496776,0.03125002149,0.9687499765,0.9687499785,0.03125,0.03125
M5_N256_depolarizing_iid_p_p0.80000,6,5,21,56,56,dephase_z,iid_p,0.8,0.8,0.009690312021,0,TRUE,0.03124999829,0.9687500017,0.03125,,7,3,0.03125002351,0.03124999843,0.9687500017,0.9687500016,0.03125,0.03125
M5_N256_depolarizing_iid_p_p0.80000,7,5,24,64,64,dephase_z,iid_p,0.8,0.8,0.009690312021,0,TRUE,0.03125000012,0.9687499999,0.03125,,8,3,0.03124999829,0.03125000011,0.9687499999,0.9687499999,0.03125,0.03125
M5_N256_depolarizing_iid_p_p0.90000,0,5,3,8,8,dephase_z,iid_p,0.9,0.9,0.01016624688,0,TRUE,0.0092681864,0.9907318136,0.03979658423,,1,3,1,0.01024,0.9907318136,0.98976,0.03979658423,0.0380204032
M5_N256_depolarizing_iid_p_p0.90000,1,5,6,16,16,dephase_z,iid_p,0.9,0.9,0.009711292429,0,TRUE,0.03964043494,0.9603595651,0.03161866646,,2,3,0.0092681864,0.03884691115,0.9603595651,0.9611530888,0.03161866646,0.03155755868
M5_N256_depolarizing_iid_p_p0.90000,2,5,9,24,24,dephase_z,iid_p,0.9,0.9,0.009691311639,0,TRUE,0.02963080412,0.9703691959,0.03126755233,,3,3,0.03964043494,0.02976672297,0.9703691959,0.970233277,0.03126755233,0.03126467242
M5_N256_depolarizing_iid_p_p0.90000,3,5,12,32,32,dephase_z,iid_p,0.9,0.9,0.00969035984,0,TRUE,0.03161398036,0.9683860196,0.03125083962,,4,3,0.02963080412,0.03158265953,0.9683860196,0.9684173405,0.03125083962,0.03125070192
M5_N256_depolarizing_iid_p_p0.90000,4,5,15,40,40,dephase_z,iid_p,0.9,0.9,0.009690314309,0,TRUE,0.03117085789,0.9688291421,0.03125004017,,5,3,0.03161398036,0.031177631,0.9688291421,0.968822369,0.03125004017,0.03125003358
M5_N256_depolarizing_iid_p_p0.90000,5,5,18,48,48,dephase_z,iid_p,0.9,0.9,0.009690312131,0,TRUE,0.03126733405,0.9687326659,0.03125000192,,6,3,0.03117085789,0.0312658488,0.9687326659,0.9687341512,0.03125000192,0.03125000161
M5_N256_depolarizing_iid_p_p0.90000,6,5,21,56,56,dephase_z,iid_p,0.9,0.9,0.009690312027,0,TRUE,0.03124620946,0.9687537905,0.03125000009,,7,3,0.03126733405,0.03124653417,0.9687537905,0.9687534658,0.03125000009,0.03125000008
M5_N256_depolarizing_iid_p_p0.90000,7,5,24,64,64,dephase_z,iid_p,0.9,0.9,0.009690312022,0,TRUE,0.03125082919,0.9687491708,0.03125,,8,3,0.03124620946,0.03125075815,0.9687491708,0.9687492418,0.03125,0.03125
M5_N512_depolarizing_iid_p_p0.60000,0,5,3,8,8,dephase_z,iid_p,0.6,0.6,0.01016624688,0,TRUE,0.08669440043,0.9133055996,0.03979658423,,1,3,1,0.07776,0.9133055996,0.92224,0.03979658423,0.0380204032
M5_N512_depolarizing_iid_p_p0.60000,1,5,6,16,16,dephase_z,iid_p,0.6,0.6,0.009711292429,0,TRUE,0.03964043494,0.9603595651,0.03161866646,,2,3,0.08669440043,0.03884691115,0.9603595651,0.9611530888,0.03161866646,0.03155755868
M5_N512_depolarizing_iid_p_p0.60000,2,5,9,24,24,dephase_z,iid_p,0.6,0.6,0.009691311639,0,TRUE,0.03294342701,0.967056573,0.03126755233,,3,3,0.03964043494,0.03279534382,0.967056573,0.9672046562,0.03126755233,0.03126467242
M5_N512_depolarizing_iid_p_p0.60000,3,5,12,32,32,dephase_z,iid_p,0.6,0.6,0.00969035984,0,TRUE,0.03161398036,0.9683860196,0.03125083962,,4,3,0.03294342701,0.03158265953,0.9683860196,0.9684173405,0.03125083962,0.03125070192
M5_N512_depolarizing_iid_p_p0.60000,4,5,15,40,40,dephase_z,iid_p,0.6,0.6,0.009690314309,0,TRUE,0.03132931203,0.968670688,0.03125004017,,5,3,0.03161398036,0.03132251105,0.968670688,0.968677489,0.03125004017,0.03125003358
M5_N512_depolarizing_iid_p_p0.60000,5,5,18,48,48,dephase_z,iid_p,0.6,0.6,0.009690312131,0,TRUE,0.03126733405,0.9687326659,0.03125000192,,6,3,0.03132931203,0.0312658488,0.9687326659,0.9687341512,0.03125000192,0.03125000161
M5_N512_depolarizing_iid_p_p0.60000,6,5,21,56,56,dephase_z,iid_p,0.6,0.6,0.009690312027,0,TRUE,0.03125379093,0.9687462091,0.03125000009,,7,3,0.03126733405,0.03125346616,0.9687462091,0.9687465338,0.03125000009,0.03125000008
M5_N512_depolarizing_iid_p_p0.60000,7,5,24,64,64,dephase_z,iid_p,0.6,0.6,0.009690312022,0,TRUE,0.03125082919,0.9687491708,0.03125,,8,3,0.03125379093,0.03125075815,0.9687491708,0.9687492418,0.03125,0.03125
M5_N512_depolarizing_iid_p_p0.60000,8,5,27,72,72,dephase_z,iid_p,0.6,0.6,0.009690312021,0,TRUE,0.03125018137,0.9687498186,0.03125,,9,3,0.03125082919,0.03125016584,0.9687498186,0.9687498342,0.03125,0.03125
M5_N512_depolarizing_iid_p_p0.70000,0,5,3,8,8,dephase_z,iid_p,0.7,0.7,0.009738197292,0,TRUE,0.04456529936,0.9554347006,0.03209271412,,1,3,1,0.04315127572,0.9554347006,0.9568487243,0.03209271412,0.03195064478
M5_N512_depolarizing_iid_p_p0.70000,1,5,6,16,16,dephase_z,iid_p,0.7,0.7,0.009690564188,0,TRUE,0.03209115491,0.9679088451,0.03125442768,,2,3,0.04456529936,0.03201831931,0.9679088451,0.9679816807,0.03125442768,0.03125370148
M5_N512_depolarizing_iid_p_p0.70000,2,5,9,24,24,dephase_z,iid_p,0.7,0.7,0.009690313362,0,TRUE,0.03131069386,0.9686893061,0.03125002354,,3,3,0.03209115491,0.03130549058,0.9686893061,0.9686945094,0.03125002354,0.03125001968
M5_N512_depolarizing_iid_p_p0.70000,3,5,12,32,32,dephase_z,iid_p,0.7,0.7,0.009690312028,0,TRUE,0.03125442199,0.968745578,0.03125000013,,4,3,0.03131069386,0.03125404316,0.968745578,0.9687459568,0.03125000013,0.0312500001
M5_N512_depolarizing_iid_p_p0.70000,4,5,15,40,40,dephase_z,iid_p,0.7,0.7,0.009690312021,0,TRUE,0.0312503224,0.9687496776,0.03125,,5,3,0.03125442199,0.03125029478,0.9687496776,0.9687497052,0.03125,0.03125
M5_N512_depolarizing_iid_p_p0.70000,5,5,18,48,48,dephase_z,iid_p,0.7,0.7,0.009690312021,0,TRUE,0.03125002351,0.9687499765,0.03125,,6,3,0.0312503224,0.03125002149,0.9687499765,0.9687499785,0.03125,0.03125
M5_N512_depolarizing_iid_p_p0.70000,6,5,21,56,56,dephase_z,iid_p,0.7,0.7,0.009690312021,0,TRUE,0.03125000171,0.9687499983,0.03125,,7,3,0.03125002351,0.03125000157,0.9687499983,0.9687499984,0.03125,0.03125
M5_N512_depolarizing_iid_p_p0.70000,7,5,24,64,64,dephase_z,iid_p,0.7,0.7,0.009690312021,0,TRUE,0.03125000012,0.9687499999,0.03125,,8,3,0.03125000171,0.03125000011,0.9687499999,0.9687499999,0.03125,0.03125
M5_N512_depolarizing_iid_p_p0.70000,8,5,27,72,72,dephase_z,iid_p,0.7,0.7,0.009690312021,0,TRUE,0.03125000001,0.96875,0.03125,,9,3,0.03125000012,0.03125000001,0.96875,0.96875,0.03125,0.03125
M5_N512_depolarizing_iid_p_p0.80000,0,5,3,8,8,dephase_z,iid_p,0.8,0.8,0.009738197292,0,TRUE,0.02145759495,0.9785424051,0.03209271412,,1,3,1,0.0221326749,0.9785424051,0.9778673251,0.03209271412,0.03195064478
M5_N512_depolarizing_iid_p_p0.80000,1,5,6,16,16,dephase_z,iid_p,0.8,0.8,0.009690564188,0,TRUE,0.03209115491,0.9679088451,0.03125442768,,2,3,0.02145759495,0.03201831931,0.9679088451,0.9679816807,0.03125442768,0.03125370148
M5_N512_depolarizing_iid_p_p0.80000,2,5,9,24,24,dephase_z,iid_p,0.8,0.8,0.009690313362,0,TRUE,0.03118940569,0.9688105943,0.03125002354,,3,3,0.03209115491,0.03119459264,0.9688105943,0.9688054074,0.03125002354,0.03125001968
M5_N512_depolarizing_iid_p_p0.80000,3,5,12,32,32,dephase_z,iid_p,0.8,0.8,0.009690312028,0,TRUE,0.03125442199,0.968745578,0.03125000013,,4,3,0.03118940569,0.03125404316,0.968745578,0.9687459568,0.03125000013,0.0312500001
M5_N512_depolarizing_iid_p_p0.80000,4,5,15,40,40,dephase_z,iid_p,0.8,0.8,0.009690312021,0,TRUE,0.0312496776,0.9687503224,0.03125,,5,3,0.03125442199,0.03124970522,0.9687503224,0.9687502948,0.03125,0.03125
M5_N512_depolarizing_iid_p_p0.80000,5,5,18,48,48,dephase_z,iid_p,0.8,0.8,0.009690312021,0,TRUE,0.03125002351,0.9687499765,0.03125,,6,3,0.0312496776,0.03125002149,0.9687499765,0.9687499785,0.03125,0.03125
M5_N512_depolarizing_iid_p_p0.80000,6,5,21,56,56,dephase_z,iid_p,0.8,0.8,0.009690312021,0,TRUE,0.03124999829,0.9687500017,0.03125,,7,3,0.03125002351,0.03124999843,0.9687500017,0.9687500016,0.03125,0.03125
M5_N512_depolarizing_iid_p_p0.80000,7,5,24,64,64,dephase_z,iid_p,0.8,0.8,0.009690312021,0,TRUE,0.03125000012,0.9687499999,0.03125,,8,3,0.03124999829,0.03125000011,0.9687499999,0.9687499999,0.03125,0.03125
M5_N512_depolarizing_iid_p_p0.80000,8,5,27,72,72,dephase_z,iid_p,0.8,0.8,0.009690312021,0,TRUE,0.03124999999,0.96875,0.03125,,9,3,0.03125000012,0.03124999999,0.96875,0.96875,0.03125,0.03125
M5_N512_depolarizing_iid_p_p0.90000,0,5,3,8,8,dephase_z,iid_p,0.9,0.9,0.01016624688,0,TRUE,0.0092681864,0.9907318136,0.03979658423,,1,3,1,0.01024,0.9907318136,0.98976,0.03979658423,0.0380204032
M5_N512_depolarizing_iid_p_p0.90000,1,5,6,16,16,dephase_z,iid_p,0.9,0.9,0.009711292429,0,TRUE,0.03964043494,0.9603595651,0.03161866646,,2,3,0.0092681864,0.03884691115,0.9603595651,0.9611530888,0.03161866646,0.03155755868
M5_N512_depolarizing_iid_p_p0.90000,2,5,9,24,24,dephase_z,iid_p,0.9,0.9,0.009691311639,0,TRUE,0.02963080412,0.9703691959,0.03126755233,,3,3,0.03964043494,0.02976672297,0.9703691959,0.970233277,0.03126755233,0.03126467242
M5_N512_depolarizing_iid_p_p0.90000,3,5,12,32,32,dephase_z,iid_p,0.9,0.9,0.00969035984,0,TRUE,0.03161398036,0.9683860196,0.03125083962,,4,3,0.02963080412,0.03158265953,0.9683860196,0.9684173405,0.03125083962,0.03125070192
M5_N512_depolarizing_iid_p_p0.90000,4,5,15,40,40,dephase_z,iid_p,0.9,0.9,0.009690314309,0,TRUE,0.03117085789,0.9688291421,0.03125004017,,5,3,0.03161398036,0.031177631,0.9688291421,0.968822369,0.03125004017,0.03125003358
M5_N512_depolarizing_iid_p_p0.90000,5,5,18,48,48,dephase_z,iid_p,0.9,0.9,0.009690312131,0,TRUE,0.03126733405,0.9687326659,0.03125000192,,6,3,0.03117085789,0.0312658488,0.9687326659,0.9687341512,0.03125000192,0.03125000161
M5_N512_depolarizing_iid_p_p0.90000,6,5,21,56,56,dephase_z,iid_p,0.9,0.9,0.009690312027,0,TRUE,0.03124620946,0.9687537905,0.03125000009,,7,3,0.03126733405,0.03124653417,0.9687537905,0.9687534658,0.03125000009,0.03125000008
M5_N512_depolarizing_iid_p_p0.90000,7,5,24,64,64,dephase_z,iid_p,0.9,0.9,0.009690312022,0,TRUE,0.03125082919,0.9687491708,0.03125,,8,3,0.03124620946,0.03125075815,0.9687491708,0.9687492418,0.03125,0.03125
M5_N512_depolarizing_iid_p_p0.90000,8,5,27,72,72,dephase_z,iid_p,0.9,0.9,0.009690312021,0,TRUE,0.03124981863,0.9687501814,0.03125,,9,3,0.03125082919,0.03124983416,0.9687501814,0.9687501658,0.03125,0.03125
M5_N1024_depolarizing_iid_p_p0.60000,0,5,3,8,8,dephase_z,iid_p,0.6,0.6,0.01016624688,0,TRUE,0.08669440043,0.9133055996,0.03979658423,,1,3,1,0.07776,0.9133055996,0.92224,0.03979658423,0.0380204032
M5_N1024_depolarizing_iid_p_p0.60000,1,5,6,16,16,dephase_z,iid_p,0.6,0.6,0.009711292429,0,TRUE,0.03964043494,0.9603595651,0.03161866646,,2,3,0.08669440043,0.03884691115,0.9603595651,0.9611530888,0.03161866646,0.03155755868
M5_N1024_depolarizing_iid_p_p0.60000,2,5,9,24,24,dephase_z,iid_p,0.6,0.6,0.009691311639,0,TRUE,0.03294342701,0.967056573,0.03126755233,,3,3,0.03964043494,0.03279534382,0.967056573,0.9672046562,0.03126755233,0.03126467242
M5_N1024_depolarizing_iid_p_p0.60000,3,5,12,32,32,dephase_z,iid_p,0.6,0.6,0.00969035984,0,TRUE,0.03161398036,0.9683860196,0.03125083962,,4,3,0.03294342701,0.03158265953,0.9683860196,0.9684173405,0.03125083962,0.03125070192
M5_N1024_depolarizing_iid_p_p0.60000,4,5,15,40,40,dephase_z,iid_p,0.6,0.6,0.009690314309,0,TRUE,0.03132931203,0.968670688,0.03125004017,,5,3,0.03161398036,0.03132251105,0.968670688,0.968677489,0.03125004017,0.03125003358
M5_N1024_depolarizing_iid_p_p0.60000,5,5,18,48,48,dephase_z,iid_p,0.6,0.6,0.009690312131,0,TRUE,0.03126733405,0.9687326659,0.03125000192,,6,3,0.03132931203,0.0312658488,0.9687326659,0.9687341512,0.03125000192,0.03125000161
M5_N1024_depolarizing_iid_p_p0.60000,6,5,21,56,56,dephase_z,iid_p,0.6,0.6,0.009690312027,0,TRUE,0.03125379093,0.9687462091,0.03125000009,,7,3,0.03126733405,0.03125346616,0.9687462091,0.9687465338,0.03125000009,0.03125000008
M5_N1024_depolarizing_iid_p_p0.60000,7,5,24,64,64,dephase_z,iid_p,0.6,0.6,0.009690312022,0,TRUE,0.03125082919,0.9687491708,0.03125,,8,3,0.03125379093,0.03125075815,0.9687491708,0.9687492418,0.03125,0.03125
M5_N1024_depolarizing_iid_p_p0.60000,8,5,27,72,72,dephase_z,iid_p,0.6,0.6,0.009690312021,0,TRUE,0.03125018137,0.9687498186,0.03125,,9,3,0.03125082919,0.03125016584,0.9687498186,0.9687498342,0.03125,0.03125
M5_N1024_depolarizing_iid_p_p0.60000,9,5,30,80,80,dephase_z,iid_p,0.6,0.6,0.009690312021,0,TRUE,0.03125003967,0.9687499603,0.03125,,10,3,0.03125018137,0.03125003627,0.9687499603,0.9687499637,0.03125,0.03125
M5_N1024_depolarizing_iid_p_p0.70000,0,5,3,8,8,dephase_z,iid_p,0.7,0.7,0.009738197292,0,TRUE,0.04456529936,0.9554347006,0.03209271412,,1,3,1,0.04315127572,0.9554347006,0.9568487243,0.03209271412,0.03195064478
M5_N1024_depolarizing_iid_p_p0.70000,1,5,6,16,16,dephase_z,iid_p,0.7,0.7,0.009690564188,0,TRUE,0.03209115491,0.9679088451,0.03125442768,,2,3,0.04456529936,0.03201831931,0.9679088451,0.9679816807,0.03125442768,0.03125370148
M5_N1024_depolarizing_iid_p_p0.70000,2,5,9,24,24,dephase_z,iid_p,0.7,0.7,0.009690313362,0,TRUE,0.03131069386,0.9686893061,0.03125002354,,3,3,0.03209115491,0.03130549058,0.9686893061,0.9686945094,0.03125002354,0.03125001968
M5_N1024_depolarizing_iid_p_p0.70000,3,5,12,32,32,dephase_z,iid_p,0.7,0.7,0.009690312028,0,TRUE,0.03125442199,0.968745578,0.03125000013,,4,3,0.03131069386,0.03125404316,0.968745578,0.9687459568,0.03125000013,0.0312500001
M5_N1024_depolarizing_iid_p_p0.70000,4,5,15,40,40,dephase_z,iid_p,0.7,0.7,0.009690312021,0,TRUE,0.0312503224,0.9687496776,0.03125,,5,3,0.03125442199,0.03125029478,0.9687496776,0.9687497052,0.03125,0.03125
M5_N1024_depolarizing_iid_p_p0.70000,5,5,18,48,48,dephase_z,iid_p,0.7,0.7,0.009690312021,0,TRUE,0.03125002351,0.9687499765,0.03125,,6,3,0.0312503224,0.03125002149,0.9687499765,0.9687499785,0.03125,0.03125
M5_N1024_depolarizing_iid_p_p0.70000,6,5,21,56,56,dephase_z,iid_p,0.7,0.7,0.009690312021,0,TRUE,0.03125000171,0.9687499983,0.03125,,7,3,0.03125002351,0.03125000157,0.9687499983,0.9687499984,0.03125,0.03125
M5_N1024_depolarizing_iid_p_p0.70000,7,5,24,64,64,dephase_z,iid_p,0.7,0.7,0.009690312021,0,TRUE,0.03125000012,0.9687499999,0.03125,,8,3,0.03125000171,0.03125000011,0.9687499999,0.9687499999,0.03125,0.03125
M5_N1024_depolarizing_iid_p_p0.70000,8,5,27,72,72,dephase_z,iid_p,0.7,0.7,0.009690312021,0,TRUE,0.03125000001,0.96875,0.03125,,9,3,0.03125000012,0.03125000001,0.96875,0.96875,0.03125,0.03125
M5_N1024_depolarizing_iid_p_p0.70000,9,5,30,80,80,dephase_z,iid_p,0.7,0.7,0.009690312021,0,TRUE,0.03125,0.96875,0.03125,,10,3,0.03125000001,0.03125,0.96875,0.96875,0.03125,0.03125
M5_N1024_depolarizing_iid_p_p0.80000,0,5,3,8,8,dephase_z,iid_p,0.8,0.8,0.009738197292,0,TRUE,0.02145759495,0.9785424051,0.03209271412,,1,3,1,0.0221326749,0.9785424051,0.9778673251,0.03209271412,0.03195064478
M5_N1024_depolarizing_iid_p_p0.80000,1,5,6,16,16,dephase_z,iid_p,0.8,0.8,0.009690564188,0,TRUE,0.03209115491,0.9679088451,0.03125442768,,2,3,0.02145759495,0.03201831931,0.9679088451,0.9679816807,0.03125442768,0.03125370148
M5_N1024_depolarizing_iid_p_p0.80000,2,5,9,24,24,dephase_z,iid_p,0.8,0.8,0.009690313362,0,TRUE,0.03118940569,0.9688105943,0.03125002354,,3,3,0.03209115491,0.03119459264,0.9688105943,0.9688054074,0.03125002354,0.03125001968
M5_N1024_depolarizing_iid_p_p0.80000,3,5,12,32,32,dephase_z,iid_p,0.8,0.8,0.009690312028,0,TRUE,0.03125442199,0.968745578,0.03125000013,,4,3,0.03118940569,0.03125404316,0.968745578,0.9687459568,0.03125000013,0.0312500001
M5_N1024_depolarizing_iid_p_p0.80000,4,5,15,40,40,dephase_z,iid_p,0.8,0.8,0.009690312021,0,TRUE,0.0312496776,0.9687503224,0.03125,,5,3,0.03125442199,0.03124970522,0.9687503224,0.9687502948,0.03125,0.03125
M5_N1024_depolarizing_iid_p_p0.80000,5,5,18,48,48,dephase_z,iid_p,0.8,0.8,0.009690312021,0,TRUE,0.03125002351,0.9687499765,0.03125,,6,3,0.0312496776,0.03125002149,0.9687499765,0.9687499785,0.03125,0.03125
M5_N1024_depolarizing_iid_p_p0.80000,6,5,21,56,56,dephase_z,iid_p,0.8,0.8,0.009690312021,0,TRUE,0.03124999829,0.9687500017,0.03125,,7,3,0.03125002351,0.03124999843,0.9687500017,0.9687500016,0.03125,0.03125
M5_N1024_depolarizing_iid_p_p0.80000,7,5,24,64,64,dephase_z,iid_p,0.8,0.8,0.009690312021,0,TRUE,0.03125000012,0.9687499999,0.03125,,8,3,0.03124999829,0.03125000011,0.9687499999,0.9687499999,0.03125,0.03125
M5_N1024_depolarizing_iid_p_p0.80000,8,5,27,72,72,dephase_z,iid_p,0.8,0.8,0.009690312021,0,TRUE,0.03124999999,0.96875,0.03125,,9,3,0.03125000012,0.03124999999,0.96875,0.96875,0.03125,0.03125
M5_N1024_depolarizing_iid_p_p0.80000,9,5,30,80,80,dephase_z,iid_p,0.8,0.8,0.009690312021,0,TRUE,0.03125,0.96875,0.03125,,10,3,0.03124999999,0.03125,0.96875,0.96875,0.03125,0.03125
M5_N1024_depolarizing_iid_p_p0.90000,0,5,3,8,8,dephase_z,iid_p,0.9,0.9,0.01016624688,0,TRUE,0.0092681864,0.9907318136,0.03979658423,,1,3,1,0.01024,0.9907318136,0.98976,0.03979658423,0.0380204032
M5_N1024_depolarizing_iid_p_p0.90000,1,5,6,16,16,dephase_z,iid_p,0.9,0.9,0.009711292429,0,TRUE,0.03964043494,0.9603595651,0.03161866646,,2,3,0.0092681864,0.03884691115,0.9603595651,0.9611530888,0.03161866646,0.03155755868
M5_N1024_depolarizing_iid_p_p0.90000,2,5,9,24,24,dephase_z,iid_p,0.9,0.9,0.009691311639,0,TRUE,0.02963080412,0.9703691959,0.03126755233,,3,3,0.03964043494,0.02976672297,0.9703691959,0.970233277,0.03126755233,0.03126467242
M5_N1024_depolarizing_iid_p_p0.90000,3,5,12,32,32,dephase_z,iid_p,0.9,0.9,0.00969035984,0,TRUE,0.03161398036,0.9683860196,0.03125083962,,4,3,0.02963080412,0.03158265953,0.9683860196,0.9684173405,0.03125083962,0.03125070192
M5_N1024_depolarizing_iid_p_p0.90000,4,5,15,40,40,dephase_z,iid_p,0.9,0.9,0.009690314309,0,TRUE,0.03117085789,0.9688291421,0.03125004017,,5,3,0.03161398036,0.031177631,0.9688291421,0.968822369,0.03125004017,0.03125003358
M5_N1024_depolarizing_iid_p_p0.90000,5,5,18,48,48,dephase_z,iid_p,0.9,0.9,0.009690312131,0,TRUE,0.03126733405,0.9687326659,0.03125000192,,6,3,0.03117085789,0.0312658488,0.9687326659,0.9687341512,0.03125000192,0.03125000161
M5_N1024_depolarizing_iid_p_p0.90000,6,5,21,56,56,dephase_z,iid_p,0.9,0.9,0.009690312027,0,TRUE,0.03124620946,0.9687537905,0.03125000009,,7,3,0.03126733405,0.03124653417,0.9687537905,0.9687534658,0.03125000009,0.03125000008
M5_N1024_depolarizing_iid_p_p0.90000,7,5,24,64,64,dephase_z,iid_p,0.9,0.9,0.009690312022,0,TRUE,0.03125082919,0.9687491708,0.03125,,8,3,0.03124620946,0.03125075815,0.9687491708,0.9687492418,0.03125,0.03125
M5_N1024_depolarizing_iid_p_p0.90000,8,5,27,72,72,dephase_z,iid_p,0.9,0.9,0.009690312021,0,TRUE,0.03124981863,0.9687501814,0.03125,,9,3,0.03125082919,0.03124983416,0.9687501814,0.9687501658,0.03125,0.03125
M5_N1024_depolarizing_iid_p_p0.90000,9,5,30,80,80,dephase_z,iid_p,0.9,0.9,0.009690312021,0,TRUE,0.03125003967,0.9687499603,0.03125,,10,3,0.03124981863,0.03125003627,0.9687499603,0.9687499637,0.03125,0.03125
M5_N2_depolarizing_iid_p_p0.10000,0,5,3,8,8,dephase_z,iid_p,0.1,0.1,0.1959559894,0,TRUE,0.924188909,0.075811091,0.8550940886,,1,3,1,0.7082455967,0.075811091,0.2917544033,0.8550940886,0.5145392869
M5_N2_depolarizing_iid_p_p0.30000,0,5,3,8,8,dephase_z,iid_p,0.3,0.3,0.02279957429,0,TRUE,0.5095031836,0.4904968164,0.2833303203,,1,3,1,0.32768,0.4904968164,0.67232,0.2833303203,0.1453933568
M5_N4_depolarizing_iid_p_p0.10000,0,5,3,8,8,dephase_z,iid_p,0.1,0.1,0.1959559894,0,TRUE,0.924188909,0.075811091,0.8550940886,,1,3,1,0.7082455967,0.075811091,0.2917544033,0.8550940886,0.5145392869
M5_N4_depolarizing_iid_p_p0.10000,1,5,6,16,16,dephase_z,iid_p,0.1,0.1,0.1452755872,0,TRUE,0.8970826079,0.1029173921,0.806464665,,2,3,0.924188909,0.6580861393,0.1029173921,0.3419138607,0.806464665,0.4495455531
M5_N4_depolarizing_iid_p_p0.30000,0,5,3,8,8,dephase_z,iid_p,0.3,0.3,0.02279957429,0,TRUE,0.5095031836,0.4904968164,0.2833303203,,1,3,1,0.32768,0.4904968164,0.67232,0.2833303203,0.1453933568
M5_N4_depolarizing_iid_p_p0.30000,1,5,6,16,16,dephase_z,iid_p,0.3,0.3,0.01342831816,0,TRUE,0.2630925967,0.7369074033,0.1046809484,,2,3,0.5095031836,0.1968734927,0.7369074033,0.8031265073,0.1046809484,0.07591581132
M5_N8_depolarizing_iid_p_p0.10000,0,5,3,8,8,dephase_z,iid_p,0.1,0.1,0.1959559894,0,TRUE,0.924188909,0.075811091,0.8550940886,,1,3,1,0.7082455967,0.075811091,0.2917544033,0.8550940886,0.5145392869
M5_N8_depolarizing_iid_p_p0.10000,1,5,6,16,16,dephase_z,iid_p,0.1,0.1,0.1452755872,0,TRUE,0.8970826079,0.1029173921,0.806464665,,2,3,0.924188909,0.6580861393,0.1029173921,0.3419138607,0.806464665,0.4495455531
M5_N8_depolarizing_iid_p_p0.10000,2,5,9,24,24,dephase_z,iid_p,0.1,0.1,0.1302686108,0,TRUE,0.8855235542,0.1144764458,0.7862263729,,3,3,0.8970826079,0.6400465077,0.1144764458,0.3599534923,0.7862263729,0.4273508991
M5_N8_depolarizing_iid_p_p0.30000,0,5,3,8,8,dephase_z,iid_p,0.3,0.3,0.02279957429,0,TRUE,0.5095031836,0.4904968164,0.2833303203,,1,3,1,0.32768,0.4904968164,0.67232,0.2833303203,0.1453933568
M5_N8_depolarizing_iid_p_p0.30000,1,5,6,16,16,dephase_z,iid_p,0.3,0.3,0.01342831816,0,TRUE,0.2630925967,0.7369074033,0.1046809484,,2,3,0.5095031836,0.1968734927,0.7369074033,0.8031265073,0.1046809484,0.07591581132
M5_N8_depolarizing_iid_p_p0.30000,2,5,9,24,24,dephase_z,iid_p,0.3,0.3,0.01102083116,0,TRUE,0.1443372542,0.8556627458,0.05575432947,,3,3,0.2630925967,0.1226173965,0.8556627458,0.8773826035,0.05575432947,0.04927149342
M5_N16_depolarizing_iid_p_p0.10000,0,5,3,8,8,dephase_z,iid_p,0.1,0.1,0.1959559894,0,TRUE,0.924188909,0.075811091,0.8550940886,,1,3,1,0.7082455967,0.075811091,0.2917544033,0.8550940886,0.5145392869
M5_N16_depolarizing_iid_p_p0.10000,1,5,6,16,16,dephase_z,iid_p,0.1,0.1,0.1452755872,0,TRUE,0.8970826079,0.1029173921,0.806464665,,2,3,0.924188909,0.6580861393,0.1029173921,0.3419138607,0.806464665,0.4495455531
M5_N16_depolarizing_iid_p_p0.10000,2,5,9,24,24,dephase_z,iid_p,0.1,0.1,0.1302686108,0,TRUE,0.8855235542,0.1144764458,0.7862263729,,3,3,0.8970826079,0.6400465077,0.1144764458,0.3599534923,0.7862263729,0.4273508991
M5_N16_depolarizing_iid_p_p0.10000,3,5,12,32,32,dephase_z,iid_p,0.1,0.1,0.1243207665,0,TRUE,0.8802711348,0.1197288652,0.7771280905,,4,3,0.8855235542,0.6323396237,0.1197288652,0.3676603763,0.7771280905,0.4180602541
M5_N16_depolarizing_iid_p_p0.30000,0,5,3,8,8,dephase_z,iid_p,0.3,0.3,0.02279957429,0,TRUE,0.5095031836,0.4904968164,0.2833303203,,1,3,1,0.32768,0.4904968164,0.67232,0.2833303203,0.1453933568
M5_N16_depolarizing_iid_p_p0.30000,1,5,6,16,16,dephase_z,iid_p,0.3,0.3,0.01342831816,0,TRUE,0.2630925967,0.7369074033,0.1046809484,,2,3,0.5095031836,0.1968734927,0.7369074033,0.8031265073,0.1046809484,0.07591581132
M5_N16_depolarizing_iid_p_p0.30000,2,5,9,24,24,dephase_z,iid_p,0.3,0.3,0.01102083116,0,TRUE,0.1443372542,0.8556627458,0.05575432947,,3,3,0.2630925967,0.1226173965,0.8556627458,0.8773826035,0.05575432947,0.04927149342
M5_N16_depolarizing_iid_p_p0.30000,3,5,12,32,32,dephase_z,iid_p,0.3,0.3,0.01021019594,0,TRUE,0.09004627138,0.9099537286,0.04054986276,,4,3,0.1443372542,0.08173314983,0.9099537286,0.9182668502,0.04054986276,0.0386393493
M5_N32_depolarizing_iid_p_p0.10000,0,5,3,8,8,dephase_z,iid_p,0.1,0.1,0.1959559894,0,TRUE,0.924188909,0.075811091,0.8550940886,,1,3,1,0.7082455967,0.075811091,0.2917544033,0.8550940886,0.5145392869
M5_N32_depolarizing_iid_p_p0.10000,1,5,6,16,16,dephase_z,iid_p,0.1,0.1,0.1452755872,0,TRUE,0.8970826079,0.1029173921,0.806464665,,2,3,0.924188909,0.6580861393,0.1029173921,0.3419138607,0.806464665,0.4495455531
M5_N32_depolarizing_iid_p_p0.10000,2,5,9,24,24,dephase_z,iid_p,0.1,0.1,0.1302686108,0,TRUE,0.8855235542,0.1144764458,0.7862263729,,3,3,0.8970826079,0.6400465077,0.1144764458,0.3599534923,0.7862263729,0.4273508991
M5_N32_depolarizing_iid_p_p0.10000,3,5,12,32,32,dephase_z,iid_p,0.1,0.1,0.1243207665,0,TRUE,0.8802711348,0.1197288652,0.7771280905,,4,3,0.8855235542,0.6323396237,0.1197288652,0.3676603763,0.7771280905,0.4180602541
M5_N32_depolarizing_iid_p_p0.10000,4,5,15,40,40,dephase_z,iid_p,0.1,0.1,0.1217038361,0,TRUE,0.8778189511,0.1221810489,0.7729013043,,5,3,0.8802711348,0.6288350175,0.1221810489,0.3711649825,0.7729013043,0.4138734622
M5_N32_depolarizing_iid_p_p0.30000,0,5,3,8,8,dephase_z,iid_p,0.3,0.3,0.02279957429,0,TRUE,0.5095031836,0.4904968164,0.2833303203,,1,3,1,0.32768,0.4904968164,0.67232,0.2833303203,0.1453933568
M5_N32_depolarizing_iid_p_p0.30000,1,5,6,16,16,dephase_z,iid_p,0.3,0.3,0.01342831816,0,TRUE,0.2630925967,0.7369074033,0.1046809484,,2,3,0.5095031836,0.1968734927,0.7369074033,0.8031265073,0.1046809484,0.07591581132
M5_N32_depolarizing_iid_p_p0.30000,2,5,9,24,24,dephase_z,iid_p,0.3,0.3,0.01102083116,0,TRUE,0.1443372542,0.8556627458,0.05575432947,,3,3,0.2630925967,0.1226173965,0.8556627458,0.8773826035,0.05575432947,0.04927149342
M5_N32_depolarizing_iid_p_p0.30000,3,5,12,32,32,dephase_z,iid_p,0.3,0.3,0.01021019594,0,TRUE,0.09004627138,0.9099537286,0.04054986276,,4,3,0.1443372542,0.08173314983,0.9099537286,0.9182668502,0.04054986276,0.0386393493
M5_N32_depolarizing_iid_p_p0.30000,4,5,15,40,40,dephase_z,iid_p,0.3,0.3,0.009904295354,0,TRUE,0.06403938492,0.9359606151,0.03503613637,,5,3,0.09004627138,0.06018683753,0.9359606151,0.9398131625,0.03503613637,0.03434919774
M5_N64_depolarizing_iid_p_p0.10000,0,5,3,8,8,dephase_z,iid_p,0.1,0.1,0.1959559894,0,TRUE,0.924188909,0.075811091,0.8550940886,,1,3,1,0.7082455967,0.075811091,0.2917544033,0.8550940886,0.5145392869
M5_N64_depolarizing_iid_p_p0.10000,1,5,6,16,16,dephase_z,iid_p,0.1,0.1,0.1452755872,0,TRUE,0.8970826079,0.1029173921,0.806464665,,2,3,0.924188909,0.6580861393,0.1029173921,0.3419138607,0.806464665,0.4495455531
M5_N64_depolarizing_iid_p_p0.10000,2,5,9,24,24,dephase_z,iid_p,0.1,0.1,0.1302686108,0,TRUE,0.8855235542,0.1144764458,0.7862263729,,3,3,0.8970826079,0.6400465077,0.1144764458,0.3599534923,0.7862263729,0.4273508991
M5_N64_depolarizing_iid_p_p0.10000,3,5,12,32,32,dephase_z,iid_p,0.1,0.1,0.1243207665,0,TRUE,0.8802711348,0.1197288652,0.7771280905,,4,3,0.8855235542,0.6323396237,0.1197288652,0.3676603763,0.7771280905,0.4180602541
M5_N64_depolarizing_iid_p_p0.10000,4,5,15,40,40,dephase_z,iid_p,0.1,0.1,0.1217038361,0,TRUE,0.8778189511,0.1221810489,0.7729013043,,5,3,0.8802711348,0.6288350175,0.1221810489,0.3711649825,0.7729013043,0.4138734622
M5_N64_depolarizing_iid_p_p0.10000,5,5,18,48,48,dephase_z,iid_p,0.1,0.1,0.1205000885,0,TRUE,0.876659901,0.123340099,0.7709080973,,6,3,0.8778189511,0.6271982852,0.123340099,0.3728017148,0.7709080973,0.411926277
M5_N64_depolarizing_iid_p_p0.30000,0,5,3,8,8,dephase_z,iid_p,0.3,0.3,0.02279957429,0,TRUE,0.5095031836,0.4904968164,0.2833303203,,1,3,1,0.32768,0.4904968164,0.67232,0.2833303203,0.1453933568
M5_N64_depolarizing_iid_p_p0.30000,1,5,6,16,16,dephase_z,iid_p,0.3,0.3,0.01342831816,0,TRUE,0.2630925967,0.7369074033,0.1046809484,,2,3,0.5095031836,0.1968734927,0.7369074033,0.8031265073,0.1046809484,0.07591581132
M5_N64_depolarizing_iid_p_p0.30000,2,5,9,24,24,dephase_z,iid_p,0.3,0.3,0.01102083116,0,TRUE,0.1443372542,0.8556627458,0.05575432947,,3,3,0.2630925967,0.1226173965,0.8556627458,0.8773826035,0.05575432947,0.04927149342
M5_N64_depolarizing_iid_p_p0.30000,3,5,12,32,32,dephase_z,iid_p,0.3,0.3,0.01021019594,0,TRUE,0.09004627138,0.9099537286,0.04054986276,,4,3,0.1443372542,0.08173314983,0.9099537286,0.9182668502,0.04054986276,0.0386393493
M5_N64_depolarizing_iid_p_p0.30000,4,5,15,40,40,dephase_z,iid_p,0.3,0.3,0.009904295354,0,TRUE,0.06403938492,0.9359606151,0.03503613637,,5,3,0.09004627138,0.06018683753,0.9359606151,0.9398131625,0.03503613637,0.03434919774
M5_N64_depolarizing_iid_p_p0.30000,5,5,18,48,48,dephase_z,iid_p,0.3,0.3,0.009780640826,0,TRUE,0.05054126978,0.9494587302,0.03284119628,,6,3,0.06403938492,0.04851720467,0.9494587302,0.9514827953,0.03284119628,0.03256840273
M5_N128_depolarizing_iid_p_p0.10000,0,5,3,8,8,dephase_z,iid_p,0.1,0.1,0.1959559894,0,TRUE,0.924188909,0.075811091,0.8550940886,,1,3,1,0.7082455967,0.075811091,0.2917544033,0.8550940886,0.5145392869
M5_N128_depolarizing_iid_p_p0.10000,1,5,6,16,16,dephase_z,iid_p,0.1,0.1,0.1452755872,0,TRUE,0.8970826079,0.1029173921,0.806464665,,2,3,0.924188909,0.6580861393,0.1029173921,0.3419138607,0.806464665,0.4495455531
M5_N128_depolarizing_iid_p_p0.10000,2,5,9,24,24,dephase_z,iid_p,0.1,0.1,0.1302686108,0,TRUE,0.8855235542,0.1144764458,0.7862263729,,3,3,0.8970826079,0.6400465077,0.1144764458,0.3599534923,0.7862263729,0.4273508991
M5_N128_depolarizing_iid_p_p0.10000,3,5,12,32,32,dephase_z,iid_p,0.1,0.1,0.1243207665,0,TRUE,0.8802711348,0.1197288652,0.7771280905,,4,3,0.8855235542,0.6323396237,0.1197288652,0.3676603763,0.7771280905,0.4180602541
M5_N128_depolarizing_iid_p_p0.10000,4,5,15,40,40,dephase_z,iid_p,0.1,0.1,0.1217038361,0,TRUE,0.8778189511,0.1221810489,0.7729013043,,5,3,0.8802711348,0.6288350175,0.1221810489,0.3711649825,0.7729013043,0.4138734622
M5_N128_depolarizing_iid_p_p0.10000,5,5,18,48,48,dephase_z,iid_p,0.1,0.1,0.1205000885,0,TRUE,0.876659901,0.123340099,0.7709080973,,6,3,0.8778189511,0.6271982852,0.123340099,0.3728017148,0.7709080973,0.411926277
M5_N128_depolarizing_iid_p_p0.10000,6,5,21,56,56,dephase_z,iid_p,0.1,0.1,0.1199350832,0,TRUE,0.8761089077,0.1238910923,0.7699616003,,7,3,0.876659901,0.6264245478,0.1238910923,0.3735754522,0.7699616003,0.411007585
M5_N128_depolarizing_iid_p_p0.30000,0,5,3,8,8,dephase_z,iid_p,0.3,0.3,0.02279957429,0,TRUE,0.5095031836,0.4904968164,0.2833303203,,1,3,1,0.32768,0.4904968164,0.67232,0.2833303203,0.1453933568
M5_N128_depolarizing_iid_p_p0.30000,1,5,6,16,16,dephase_z,iid_p,0.3,0.3,0.01342831816,0,TRUE,0.2630925967,0.7369074033,0.1046809484,,2,3,0.5095031836,0.1968734927,0.7369074033,0.8031265073,0.1046809484,0.07591581132
M5_N128_depolarizing_iid_p_p0.30000,2,5,9,24,24,dephase_z,iid_p,0.3,0.3,0.01102083116,0,TRUE,0.1443372542,0.8556627458,0.05575432947,,3,3,0.2630925967,0.1226173965,0.8556627458,0.8773826035,0.05575432947,0.04927149342
M5_N128_depolarizing_iid_p_p0.30000,3,5,12,32,32,dephase_z,iid_p,0.3,0.3,0.01021019594,0,TRUE,0.09004627138,0.9099537286,0.04054986276,,4,3,0.1443372542,0.08173314983,0.9099537286,0.9182668502,0.04054986276,0.0386393493
M5_N128_depolarizing_iid_p_p0.30000,4,5,15,40,40,dephase_z,iid_p,0.3,0.3,0.009904295354,0,TRUE,0.06403938492,0.9359606151,0.03503613637,,5,3,0.09004627138,0.06018683753,0.9359606151,0.9398131625,0.03503613637,0.03434919774
M5_N128_depolarizing_iid_p_p0.30000,5,5,18,48,48,dephase_z,iid_p,0.3,0.3,0.009780640826,0,TRUE,0.05054126978,0.9494587302,0.03284119628,,6,3,0.06403938492,0.04851720467,0.9494587302,0.9514827953,0.03284119628,0.03256840273
M5_N128_depolarizing_iid_p_p0.30000,6,5,21,56,56,dephase_z,iid_p,0.3,0.3,0.009728874854,0,TRUE,0.04302652064,0.9569734794,0.03192804454,,7,3,0.05054126978,0.04187638018,0.9569734794,0.9581236198,0.03192804454,0.03181468383
M5_N256_depolarizing_iid_p_p0.10000,0,5,3,8,8,dephase_z,iid_p,0.1,0.1,0.1959559894,0,TRUE,0.924188909,0.075811091,0.8550940886,,1,3,1,0.7082455967,0.075811091,0.2917544033,0.8550940886,0.5145392869
M5_N256_depolarizing_iid_p_p0.10000,1,5,6,16,16,dephase_z,iid_p,0.1,0.1,0.1452755872,0,TRUE,0.8970826079,0.1029173921,0.806464665,,2,3,0.924188909,0.6580861393,0.1029173921,0.3419138607,0.806464665,0.4495455531
M5_N256_depolarizing_iid_p_p0.10000,2,5,9,24,24,dephase_z,iid_p,0.1,0.1,0.1302686108,0,TRUE,0.8855235542,0.1144764458,0.7862263729,,3,3,0.8970826079,0.6400465077,0.1144764458,0.3599534923,0.7862263729,0.4273508991
M5_N256_depolarizing_iid_p_p0.10000,3,5,12,32,32,dephase_z,iid_p,0.1,0.1,0.1243207665,0,TRUE,0.8802711348,0.1197288652,0.7771280905,,4,3,0.8855235542,0.6323396237,0.1197288652,0.3676603763,0.7771280905,0.4180602541
M5_N256_depolarizing_iid_p_p0.10000,4,5,15,40,40,dephase_z,iid_p,0.1,0.1,0.1217038361,0,TRUE,0.8778189511,0.1221810489,0.7729013043,,5,3,0.8802711348,0.6288350175,0.1221810489,0.3711649825,0.7729013043,0.4138734622
M5_N256_depolarizing_iid_p_p0.10000,5,5,18,48,48,dephase_z,iid_p,0.1,0.1,0.1205000885,0,TRUE,0.876659901,0.123340099,0.7709080973,,6,3,0.8778189511,0.6271982852,0.123340099,0.3728017148,0.7709080973,0.411926277
M5_N256_depolarizing_iid_p_p0.10000,6,5,21,56,56,dephase_z,iid_p,0.1,0.1,0.1199350832,0,TRUE,0.8761089077,0.1238910923,0.7699616003,,7,3,0.876659901,0.6264245478,0.1238910923,0.3735754522,0.7699616003,0.411007585
M5_N256_depolarizing_iid_p_p0.10000,7,5,24,64,64,dephase_z,iid_p,0.1,0.1,0.1196673753,0,TRUE,0.8758462601,0.1241537399,0.7695106597,,8,3,0.8761089077,0.6260566989,0.1241537399,0.3739433011,0.7695106597,0.4105712286
M5_N256_depolarizing_iid_p_p0.30000,0,5,3,8,8,dephase_z,iid_p,0.3,0.3,0.02279957429,0,TRUE,0.5095031836,0.4904968164,0.2833303203,,1,3,1,0.32768,0.4904968164,0.67232,0.2833303203,0.1453933568
M5_N256_depolarizing_iid_p_p0.30000,1,5,6,16,16,dephase_z,iid_p,0.3,0.3,0.01342831816,0,TRUE,0.2630925967,0.7369074033,0.1046809484,,2,3,0.5095031836,0.1968734927,0.7369074033,0.8031265073,0.1046809484,0.07591581132
M5_N256_depolarizing_iid_p_p0.30000,2,5,9,24,24,dephase_z,iid_p,0.3,0.3,0.01102083116,0,TRUE,0.1443372542,0.8556627458,0.05575432947,,3,3,0.2630925967,0.1226173965,0.8556627458,0.8773826035,0.05575432947,0.04927149342
M5_N256_depolarizing_iid_p_p0.30000,3,5,12,32,32,dephase_z,iid_p,0.3,0.3,0.01021019594,0,TRUE,0.09004627138,0.9099537286,0.04054986276,,4,3,0.1443372542,0.08173314983,0.9099537286,0.9182668502,0.04054986276,0.0386393493
M5_N256_depolarizing_iid_p_p0.30000,4,5,15,40,40,dephase_z,iid_p,0.3,0.3,0.009904295354,0,TRUE,0.06403938492,0.9359606151,0.03503613637,,5,3,0.09004627138,0.06018683753,0.9359606151,0.9398131625,0.03503613637,0.03434919774
M5_N256_depolarizing_iid_p_p0.30000,5,5,18,48,48,dephase_z,iid_p,0.3,0.3,0.009780640826,0,TRUE,0.05054126978,0.9494587302,0.03284119628,,6,3,0.06403938492,0.04851720467,0.9494587302,0.9514827953,0.03284119628,0.03256840273
M5_N256_depolarizing_iid_p_p0.30000,6,5,21,56,56,dephase_z,iid_p,0.3,0.3,0.009728874854,0,TRUE,0.04302652064,0.9569734794,0.03192804454,,7,3,0.05054126978,0.04187638018,0.9569734794,0.9581236198,0.03192804454,0.03181468383
M5_N256_depolarizing_iid_p_p0.30000,7,5,24,64,64,dephase_z,iid_p,0.3,0.3,0.009706856088,0,TRUE,0.03861873721,0.9613812628,0.03154066116,,8,3,0.04302652064,0.03793138641,0.9613812628,0.9620686136,0.03154066116,0.03149259546
M5_N512_depolarizing_iid_p_p0.10000,0,5,3,8,8,dephase_z,iid_p,0.1,0.1,0.1959559894,0,TRUE,0.924188909,0.075811091,0.8550940886,,1,3,1,0.7082455967,0.075811091,0.2917544033,0.8550940886,0.5145392869
M5_N512_depolarizing_iid_p_p0.10000,1,5,6,16,16,dephase_z,iid_p,0.1,0.1,0.1452755872,0,TRUE,0.8970826079,0.1029173921,0.806464665,,2,3,0.924188909,0.6580861393,0.1029173921,0.3419138607,0.806464665,0.4495455531
M5_N512_depolarizing_iid_p_p0.10000,2,5,9,24,24,dephase_z,iid_p,0.1,0.1,0.1302686108,0,TRUE,0.8855235542,0.1144764458,0.7862263729,,3,3,0.8970826079,0.6400465077,0.1144764458,0.3599534923,0.7862263729,0.4273508991
M5_N512_depolarizing_iid_p_p0.10000,3,5,12,32,32,dephase_z,iid_p,0.1,0.1,0.1243207665,0,TRUE,0.8802711348,0.1197288652,0.7771280905,,4,3,0.8855235542,0.6323396237,0.1197288652,0.3676603763,0.7771280905,0.4180602541
M5_N512_depolarizing_iid_p_p0.10000,4,5,15,40,40,dephase_z,iid_p,0.1,0.1,0.1217038361,0,TRUE,0.8778189511,0.1221810489,0.7729013043,,5,3,0.8802711348,0.6288350175,0.1221810489,0.3711649825,0.7729013043,0.4138734622
M5_N512_depolarizing_iid_p_p0.10000,5,5,18,48,48,dephase_z,iid_p,0.1,0.1,0.1205000885,0,TRUE,0.876659901,0.123340099,0.7709080973,,6,3,0.8778189511,0.6271982852,0.123340099,0.3728017148,0.7709080973,0.411926277
M5_N512_depolarizing_iid_p_p0.10000,6,5,21,56,56,dephase_z,iid_p,0.1,0.1,0.1199350832,0,TRUE,0.8761089077,0.1238910923,0.7699616003,,7,3,0.876659901,0.6264245478,0.1238910923,0.3735754522,0.7699616003,0.411007585
M5_N512_depolarizing_iid_p_p0.10000,7,5,24,64,64,dephase_z,iid_p,0.1,0.1,0.1196673753,0,TRUE,0.8758462601,0.1241537399,0.7695106597,,8,3,0.8761089077,0.6260566989,0.1241537399,0.3739433011,0.7695106597,0.4105712286
M5_N512_depolarizing_iid_p_p0.10000,8,5,27,72,72,dephase_z,iid_p,0.1,0.1,0.119539965,0,TRUE,0.8757208989,0.1242791011,0.7692954806,,9,3,0.8758462601,0.6258813465,0.1242791011,0.3741186535,0.7692954806,0.410363311
M5_N512_depolarizing_iid_p_p0.30000,0,5,3,8,8,dephase_z,iid_p,0.3,0.3,0.02279957429,0,TRUE,0.5095031836,0.4904968164,0.2833303203,,1,3,1,0.32768,0.4904968164,0.67232,0.2833303203,0.1453933568
M5_N512_depolarizing_iid_p_p0.30000,1,5,6,16,16,dephase_z,iid_p,0.3,0.3,0.01342831816,0,TRUE,0.2630925967,0.7369074033,0.1046809484,,2,3,0.5095031836,0.1968734927,0.7369074033,0.8031265073,0.1046809484,0.07591581132
M5_N512_depolarizing_iid_p_p0.30000,2,5,9,24,24,dephase_z,iid_p,0.3,0.3,0.01102083116,0,TRUE,0.1443372542,0.8556627458,0.05575432947,,3,3,0.2630925967,0.1226173965,0.8556627458,0.8773826035,0.05575432947,0.04927149342
M5_N512_depolarizing_iid_p_p0.30000,3,5,12,32,32,dephase_z,iid_p,0.3,0.3,0.01021019594,0,TRUE,0.09004627138,0.9099537286,0.04054986276,,4,3,0.1443372542,0.08173314983,0.9099537286,0.9182668502,0.04054986276,0.0386393493
M5_N512_depolarizing_iid_p_p0.30000,4,5,15,40,40,dephase_z,iid_p,0.3,0.3,0.009904295354,0,TRUE,0.06403938492,0.9359606151,0.03503613637,,5,3,0.09004627138,0.06018683753,0.9359606151,0.9398131625,0.03503613637,0.03434919774
M5_N512_depolarizing_iid_p_p0.30000,5,5,18,48,48,dephase_z,iid_p,0.3,0.3,0.009780640826,0,TRUE,0.05054126978,0.9494587302,0.03284119628,,6,3,0.06403938492,0.04851720467,0.9494587302,0.9514827953,0.03284119628,0.03256840273
M5_N512_depolarizing_iid_p_p0.30000,6,5,21,56,56,dephase_z,iid_p,0.3,0.3,0.009728874854,0,TRUE,0.04302652064,0.9569734794,0.03192804454,,7,3,0.05054126978,0.04187638018,0.9569734794,0.9581236198,0.03192804454,0.03181468383
M5_N512_depolarizing_iid_p_p0.30000,7,5,24,64,64,dephase_z,iid_p,0.3,0.3,0.009706856088,0,TRUE,0.03861873721,0.9613812628,0.03154066116,,8,3,0.04302652064,0.03793138641,0.9613812628,0.9620686136,0.03154066116,0.03149259546
M5_N512_depolarizing_iid_p_p0.30000,8,5,27,72,72,dephase_z,iid_p,0.3,0.3,0.009697424759,0,TRUE,0.03593657218,0.9640634278,0.03137492045,,9,3,0.03861873721,0.03551219726,0.9640634278,0.9644878027,0.03137492045,0.03135436055
M5_N1024_depolarizing_iid_p_p0.10000,0,5,3,8,8,dephase_z,iid_p,0.1,0.1,0.1959559894,0,TRUE,0.924188909,0.075811091,0.8550940886,,1,3,1,0.7082455967,0.075811091,0.2917544033,0.8550940886,0.5145392869
M5_N1024_depolarizing_iid_p_p0.10000,1,5,6,16,16,dephase_z,iid_p,0.1,0.1,0.1452755872,0,TRUE,0.8970826079,0.1029173921,0.806464665,,2,3,0.924188909,0.6580861393,0.1029173921,0.3419138607,0.806464665,0.4495455531
M5_N1024_depolarizing_iid_p_p0.10000,2,5,9,24,24,dephase_z,iid_p,0.1,0.1,0.1302686108,0,TRUE,0.8855235542,0.1144764458,0.7862263729,,3,3,0.8970826079,0.6400465077,0.1144764458,0.3599534923,0.7862263729,0.4273508991
M5_N1024_depolarizing_iid_p_p0.10000,3,5,12,32,32,dephase_z,iid_p,0.1,0.1,0.1243207665,0,TRUE,0.8802711348,0.1197288652,0.7771280905,,4,3,0.8855235542,0.6323396237,0.1197288652,0.3676603763,0.7771280905,0.4180602541
M5_N1024_depolarizing_iid_p_p0.10000,4,5,15,40,40,dephase_z,iid_p,0.1,0.1,0.1217038361,0,TRUE,0.8778189511,0.1221810489,0.7729013043,,5,3,0.8802711348,0.6288350175,0.1221810489,0.3711649825,0.7729013043,0.4138734622
M5_N1024_depolarizing_iid_p_p0.10000,5,5,18,48,48,dephase_z,iid_p,0.1,0.1,0.1205000885,0,TRUE,0.876659901,0.123340099,0.7709080973,,6,3,0.8778189511,0.6271982852,0.123340099,0.3728017148,0.7709080973,0.411926277
M5_N1024_depolarizing_iid_p_p0.10000,6,5,21,56,56,dephase_z,iid_p,0.1,0.1,0.1199350832,0,TRUE,0.8761089077,0.1238910923,0.7699616003,,7,3,0.876659901,0.6264245478,0.1238910923,0.3735754522,0.7699616003,0.411007585
M5_N1024_depolarizing_iid_p_p0.10000,7,5,24,64,64,dephase_z,iid_p,0.1,0.1,0.1196673753,0,TRUE,0.8758462601,0.1241537399,0.7695106597,,8,3,0.8761089077,0.6260566989,0.1241537399,0.3739433011,0.7695106597,0.4105712286
M5_N1024_depolarizing_iid_p_p0.10000,8,5,27,72,72,dephase_z,iid_p,0.1,0.1,0.119539965,0,TRUE,0.8757208989,0.1242791011,0.7692954806,,9,3,0.8758462601,0.6258813465,0.1242791011,0.3741186535,0.7692954806,0.410363311
M5_N1024_depolarizing_iid_p_p0.10000,9,5,30,80,80,dephase_z,iid_p,0.1,0.1,0.119479198,0,TRUE,0.8756610275,0.1243389725,0.769192725,,10,3,0.8757208989,0.6257976498,0.1243389725,0.3742023502,0.769192725,0.4102640918
M5_N1024_depolarizing_iid_p_p0.30000,0,5,3,8,8,dephase_z,iid_p,0.3,0.3,0.02279957429,0,TRUE,0.5095031836,0.4904968164,0.2833303203,,1,3,1,0.32768,0.4904968164,0.67232,0.2833303203,0.1453933568
M5_N1024_depolarizing_iid_p_p0.30000,1,5,6,16,16,dephase_z,iid_p,0.3,0.3,0.01342831816,0,TRUE,0.2630925967,0.7369074033,0.1046809484,,2,3,0.5095031836,0.1968734927,0.7369074033,0.8031265073,0.1046809484,0.07591581132
M5_N1024_depolarizing_iid_p_p0.30000,2,5,9,24,24,dephase_z,iid_p,0.3,0.3,0.01102083116,0,TRUE,0.1443372542,0.8556627458,0.05575432947,,3,3,0.2630925967,0.1226173965,0.8556627458,0.8773826035,0.05575432947,0.04927149342
M5_N1024_depolarizing_iid_p_p0.30000,3,5,12,32,32,dephase_z,iid_p,0.3,0.3,0.01021019594,0,TRUE,0.09004627138,0.9099537286,0.04054986276,,4,3,0.1443372542,0.08173314983,0.9099537286,0.9182668502,0.04054986276,0.0386393493
M5_N1024_depolarizing_iid_p_p0.30000,4,5,15,40,40,dephase_z,iid_p,0.3,0.3,0.009904295354,0,TRUE,0.06403938492,0.9359606151,0.03503613637,,5,3,0.09004627138,0.06018683753,0.9359606151,0.9398131625,0.03503613637,0.03434919774
M5_N1024_depolarizing_iid_p_p0.30000,5,5,18,48,48,dephase_z,iid_p,0.3,0.3,0.009780640826,0,TRUE,0.05054126978,0.9494587302,0.03284119628,,6,3,0.06403938492,0.04851720467,0.9494587302,0.9514827953,0.03284119628,0.03256840273
M5_N1024_depolarizing_iid_p_p0.30000,6,5,21,56,56,dephase_z,iid_p,0.3,0.3,0.009728874854,0,TRUE,0.04302652064,0.9569734794,0.03192804454,,7,3,0.05054126978,0.04187638018,0.9569734794,0.9581236198,0.03192804454,0.03181468383
M5_N1024_depolarizing_iid_p_p0.30000,7,5,24,64,64,dephase_z,iid_p,0.3,0.3,0.009706856088,0,TRUE,0.03861873721,0.9613812628,0.03154066116,,8,3,0.04302652064,0.03793138641,0.9613812628,0.9620686136,0.03154066116,0.03149259546
M5_N1024_depolarizing_iid_p_p0.30000,8,5,27,72,72,dephase_z,iid_p,0.3,0.3,0.009697424759,0,TRUE,0.03593657218,0.9640634278,0.03137492045,,9,3,0.03861873721,0.03551219726,0.9640634278,0.9644878027,0.03137492045,0.03135436055
M5_N1024_depolarizing_iid_p_p0.30000,9,5,30,80,80,dephase_z,iid_p,0.3,0.3,0.009693372776,0,TRUE,0.03426288392,0.9657371161,0.03130374792,,10,3,0.03593657218,0.03399526493,0.9657371161,0.9660047351,0.03130374792,0.03129491998
,,,,,,dephase_z,,,,,,TRUE,,,,,,,,,,,,
,,,,,,dephase_z,,,,,,TRUE,,,,,,,,,,,,
,,,,,,dephase_z,,,,,,TRUE,,,,,,,,,,,,
,,,,,,dephase_z,,,,,,TRUE,,,,,,,,,,,,
,,,,,,dephase_z,,,,,,TRUE,,,,,,,,,,,,
,,,,,,dephase_z,,,,,,TRUE,,,,,,,,,,,,
,,,,,,dephase_z,,,,,,TRUE,,,,,,,,,,,,
,,,,,,dephase_z,,,,,,TRUE,,,,,,,,,,,,
,,,,,,dephase_z,,,,,,TRUE,,,,,,,,,,,,
,,,,,,dephase_z,,,,,,TRUE,,,,,,,,,,,,
,,,,,,dephase_z,,,,,,TRUE,,,,,,,,,,,,
,,,,,,dephase_z,,,,,,TRUE,,,,,,,,,,,,
,,,,,,dephase_z,,,,,,TRUE,,,,,,,,,,,,
,,,,,,dephase_z,,,,,,TRUE,,,,,,,,,,,,
,,,,,,dephase_z,,,,,,TRUE,,,,,,,,,,,,
,,,,,,dephase_z,,,,,,TRUE,,,,,,,,,,,,
,,,,,,dephase_z,,,,,,TRUE,,,,,,,,,,,,
,,,,,,dephase_z,,,,,,TRUE,,,,,,,,,,,,
,,,,,,dephase_z,,,,,,TRUE,,,,,,,,,,,,
,,,,,,dephase_z,,,,,,TRUE,,,,,,,,,,,,
,,,,,,dephase_z,,,,,,TRUE,,,,,,,,,,,,
,,,,,,dephase_z,,,,,,TRUE,,,,,,,,,,,,
,,,,,,dephase_z,,,,,,TRUE,,,,,,,,,,,,
,,,,,,dephase_z,,,,,,TRUE,,,,,,,,,,,,
,,,,,,dephase_z,,,,,,TRUE,,,,,,,,,,,,
,,,,,,dephase_z,,,,,,TRUE,,,,,,,,,,,,
,,,,,,dephase_z,,,,,,TRUE,,,,,,,,,,,,
,,,,,,dephase_z,,,,,,TRUE,,,,,,,,,,,,
,,,,,,dephase_z,,,,,,TRUE,,,,,,,,,,,,
,,,,,,dephase_z,,,,,,TRUE,,,,,,,,,,,,
,,,,,,dephase_z,,,,,,TRUE,,,,,,,,,,,,
,,,,,,dephase_z,,,,,,TRUE,,,,,,,,,,,,
,,,,,,dephase_z,,,,,,TRUE,,,,,,,,,,,,
,,,,,,dephase_z,,,,,,TRUE,,,,,,,,,,,,
,,,,,,dephase_z,,,,,,TRUE,,,,,,,,,,,,
,,,,,,dephase_z,,,,,,TRUE,,,,,,,,,,,,
,,,,,,dephase_z,,,,,,TRUE,,,,,,,,,,,,
,,,,,,dephase_z,,,,,,TRUE,,,,,,,,,,,,
,,,,,,dephase_z,,,,,,TRUE,,,,,,,,,,,,
,,,,,,dephase_z,,,,,,TRUE,,,,,,,,,,,,
,,,,,,dephase_z,,,,,,TRUE,,,,,,,,,,,,
,,,,,,dephase_z,,,,,,TRUE,,,,,,,,,,,,
,,,,,,dephase_z,,,,,,TRUE,,,,,,,,,,,,
,,,,,,dephase_z,,,,,,TRUE,,,,,,,,,,,,
,,,,,,dephase_z,,,,,,TRUE,,,,,,,,,,,,
,,,,,,dephase_z,,,,,,TRUE,,,,,,,,,,,,
,,,,,,dephase_z,,,,,,TRUE,,,,,,,,,,,,
,,,,,,dephase_z,,,,,,TRUE,,,,,,,,,,,,
,,,,,,dephase_z,,,,,,TRUE,,,,,,,,,,,,
,,,,,,dephase_z,,,,,,TRUE,,,,,,,,,,,,
,,,,,,dephase_z,,,,,,TRUE,,,,,,,,,,,,
,,,,,,dephase_z,,,,,,TRUE,,,,,,,,,,,,
,,,,,,dephase_z,,,,,,TRUE,,,,,,,,,,,,
,,,,,,dephase_z,,,,,,TRUE,,,,,,,,,,,,
,,,,,,dephase_z,,,,,,TRUE,,,,,,,,,,,,
,,,,,,dephase_z,,,,,,TRUE,,,,,,,,,,,,
,,,,,,dephase_z,,,,,,TRUE,,,,,,,,,,,,
,,,,,,dephase_z,,,,,,TRUE,,,,,,,,,,,,
,,,,,,dephase_z,,,,,,TRUE,,,,,,,,,,,,
,,,,,,dephase_z,,,,,,TRUE,,,,,,,,,,,,
,,,,,,dephase_z,,,,,,TRUE,,,,,,,,,,,,
,,,,,,dephase_z,,,,,,TRUE,,,,,,,,,,,,
,,,,,,dephase_z,,,,,,TRUE,,,,,,,,,,,,
,,,,,,dephase_z,,,,,,TRUE,,,,,,,,,,,,
,,,,,,dephase_z,,,,,,TRUE,,,,,,,,,,,,
,,,,,,dephase_z,,,,,,TRUE,,,,,,,,,,,,
,,,,,,dephase_z,,,,,,TRUE,,,,,,,,,,,,
,,,,,,dephase_z,,,,,,TRUE,,,,,,,,,,,,
,,,,,,dephase_z,,,,,,TRUE,,,,,,,,,,,,
,,,,,,dephase_z,,,,,,TRUE,,,,,,,,,,,,
,,,,,,dephase_z,,,,,,TRUE,,,,,,,,,,,,
,,,,,,dephase_z,,,,,,TRUE,,,,,,,,,,,,
,,,,,,dephase_z,,,,,,TRUE,,,,,,,,,,,,
,,,,,,dephase_z,,,,,,TRUE,,,,,,,,,,,,
,,,,,,dephase_z,,,,,,TRUE,,,,,,,,,,,,
,,,,,,dephase_z,,,,,,TRUE,,,,,,,,,,,,
,,,,,,dephase_z,,,,,,TRUE,,,,,,,,,,,,
,,,,,,dephase_z,,,,,,TRUE,,,,,,,,,,,,
,,,,,,dephase_z,,,,,,TRUE,,,,,,,,,,,,
,,,,,,dephase_z,,,,,,TRUE,,,,,,,,,,,,
,,,,,,dephase_z,,,,,,TRUE,,,,,,,,,,,,
,,,,,,dephase_z,,,,,,TRUE,,,,,,,,,,,,
,,,,,,dephase_z,,,,,,TRUE,,,,,,,,,,,,
,,,,,,dephase_z,,,,,,TRUE,,,,,,,,,,,,
,,,,,,dephase_z,,,,,,TRUE,,,,,,,,,,,,
,,,,,,dephase_z,,,,,,TRUE,,,,,,,,,,,,
,,,,,,dephase_z,,,,,,TRUE,,,,,,,,,,,,
,,,,,,dephase_z,,,,,,TRUE,,,,,,,,,,,,
,,,,,,dephase_z,,,,,,TRUE,,,,,,,,,,,,
,,,,,,dephase_z,,,,,,TRUE,,,,,,,,,,,,
,,,,,,dephase_z,,,,,,TRUE,,,,,,,,,,,,
,,,,,,dephase_z,,,,,,TRUE,,,,,,,,,,,,
,,,,,,dephase_z,,,,,,TRUE,,,,,,,,,,,,
,,,,,,dephase_z,,,,,,TRUE,,,,,,,,,,,,
,,,,,,dephase_z,,,,,,TRUE,,,,,,,,,,,,
,,,,,,dephase_z,,,,,,TRUE,,,,,,,,,,,,
,,,,,,dephase_z,,,,,,TRUE,,,,,,,,,,,,
,,,,,,dephase_z,,,,,,TRUE,,,,,,,,,,,,
,,,,,,dephase_z,,,,,,TRUE,,,,,,,,,,,,
,,,,,,dephase_z,,,,,,TRUE,,,,,,,,,,,,
,,,,,,dephase_z,,,,,,TRUE,,,,,,,,,,,,
,,,,,,dephase_z,,,,,,TRUE,,,,,,,,,,,,
,,,,,,dephase_z,,,,,,TRUE,,,,,,,,,,,,
,,,,,,dephase_z,,,,,,TRUE,,,,,,,,,,,,
,,,,,,dephase_z,,,,,,TRUE,,,,,,,,,,,,
,,,,,,dephase_z,,,,,,TRUE,,,,,,,,,,,,
,,,,,,dephase_z,,,,,,TRUE,,,,,,,,,,,,
,,,,,,dephase_z,,,,,,TRUE,,,,,,,,,,,,
,,,,,,dephase_z,,,,,,TRUE,,,,,,,,,,,,
,,,,,,dephase_z,,,,,,TRUE,,,,,,,,,,,,
,,,,,,dephase_z,,,,,,TRUE,,,,,,,,,,,,
,,,,,,dephase_z,,,,,,TRUE,,,,,,,,,,,,
,,,,,,dephase_z,,,,,,TRUE,,,,,,,,,,,,
,,,,,,dephase_z,,,,,,TRUE,,,,,,,,,,,,
,,,,,,dephase_z,,,,,,TRUE,,,,,,,,,,,,
,,,,,,dephase_z,,,,,,TRUE,,,,,,,,,,,,
,,,,,,dephase_z,,,,,,TRUE,,,,,,,,,,,,
,,,,,,dephase_z,,,,,,TRUE,,,,,,,,,,,,
,,,,,,dephase_z,,,,,,TRUE,,,,,,,,,,,,
,,,,,,dephase_z,,,,,,TRUE,,,,,,,,,,,,
,,,,,,dephase_z,,,,,,TRUE,,,,,,,,,,,,
,,,,,,dephase_z,,,,,,TRUE,,,,,,,,,,,,
,,,,,,dephase_z,,,,,,TRUE,,,,,,,,,,,,
,,,,,,dephase_z,,,,,,TRUE,,,,,,,,,,,,
,,,,,,dephase_z,,,,,,TRUE,,,,,,,,,,,,
,,,,,,dephase_z,,,,,,TRUE,,,,,,,,,,,,
,,,,,,dephase_z,,,,,,TRUE,,,,,,,,,,,,
,,,,,,dephase_z,,,,,,TRUE,,,,,,,,,,,,
,,,,,,dephase_z,,,,,,TRUE,,,,,,,,,,,,
,,,,,,dephase_z,,,,,,TRUE,,,,,,,,,,,,
,,,,,,dephase_z,,,,,,TRUE,,,,,,,,,,,,
,,,,,,dephase_z,,,,,,TRUE,,,,,,,,,,,,
,,,,,,dephase_z,,,,,,TRUE,,,,,,,,,,,,
,,,,,,dephase_z,,,,,,TRUE,,,,,,,,,,,,
,,,,,,dephase_z,,,,,,TRUE,,,,,,,,,,,,
,,,,,,dephase_z,,,,,,TRUE,,,,,,,,,,,,
,,,,,,dephase_z,,,,,,TRUE,,,,,,,,,,,,
,,,,,,dephase_z,,,,,,TRUE,,,,,,,,,,,,
,,,,,,dephase_z,,,,,,TRUE,,,,,,,,,,,,
,,,,,,dephase_z,,,,,,TRUE,,,,,,,,,,,,
,,,,,,dephase_z,,,,,,TRUE,,,,,,,,,,,,
,,,,,,dephase_z,,,,,,TRUE,,,,,,,,,,,,
,,,,,,dephase_z,,,,,,TRUE,,,,,,,,,,,,
,,,,,,dephase_z,,,,,,TRUE,,,,,,,,,,,,
,,,,,,dephase_z,,,,,,TRUE,,,,,,,,,,,,
,,,,,,dephase_z,,,,,,TRUE,,,,,,,,,,,,
,,,,,,dephase_z,,,,,,TRUE,,,,,,,,,,,,
,,,,,,dephase_z,,,,,,TRUE,,,,,,,,,,,,
,,,,,,dephase_z,,,,,,TRUE,,,,,,,,,,,,
,,,,,,dephase_z,,,,,,TRUE,,,,,,,,,,,,
,,,,,,dephase_z,,,,,,TRUE,,,,,,,,,,,,
,,,,,,dephase_z,,,,,,TRUE,,,,,,,,,,,,
,,,,,,dephase_z,,,,,,TRUE,,,,,,,,,,,,
,,,,,,dephase_z,,,,,,TRUE,,,,,,,,,,,,
,,,,,,dephase_z,,,,,,TRUE,,,,,,,,,,,,
,,,,,,dephase_z,,,,,,TRUE,,,,,,,,,,,,
,,,,,,dephase_z,,,,,,TRUE,,,,,,,,,,,,
,,,,,,dephase_z,,,,,,TRUE,,,,,,,,,,,,
,,,,,,dephase_z,,,,,,TRUE,,,,,,,,,,,,
,,,,,,dephase_z,,,,,,TRUE,,,,,,,,,,,,
,,,,,,dephase_z,,,,,,TRUE,,,,,,,,,,,,
,,,,,,dephase_z,,,,,,TRUE,,,,,,,,,,,,
,,,,,,dephase_z,,,,,,TRUE,,,,,,,,,,,,
,,,,,,dephase_z,,,,,,TRUE,,,,,,,,,,,,
,,,,,,dephase_z,,,,,,TRUE,,,,,,,,,,,,
,,,,,,dephase_z,,,,,,TRUE,,,,,,,,,,,,
,,,,,,dephase_z,,,,,,TRUE,,,,,,,,,,,,
,,,,,,dephase_z,,,,,,TRUE,,,,,,,,,,,,
,,,,,,dephase_z,,,,,,TRUE,,,,,,,,,,,,
,,,,,,dephase_z,,,,,,TRUE,,,,,,,,,,,,
,,,,,,dephase_z,,,,,,TRUE,,,,,,,,,,,,
,,,,,,dephase_z,,,,,,TRUE,,,,,,,,,,,,
,,,,,,dephase_z,,,,,,TRUE,,,,,,,,,,,,
,,,,,,dephase_z,,,,,,TRUE,,,,,,,,,,,,
,,,,,,dephase_z,,,,,,TRUE,,,,,,,,,,,,
,,,,,,dephase_z,,,,,,TRUE,,,,,,,,,,,,
,,,,,,dephase_z,,,,,,TRUE,,,,,,,,,,,,
,,,,,,dephase_z,,,,,,TRUE,,,,,,,,,,,,
,,,,,,dephase_z,,,,,,TRUE,,,,,,,,,,,,
,,,,,,dephase_z,,,,,,TRUE,,,,,,,,,,,,
,,,,,,dephase_z,,,,,,TRUE,,,,,,,,,,,,
,,,,,,dephase_z,,,,,,TRUE,,,,,,,,,,,,
,,,,,,dephase_z,,,,,,TRUE,,,,,,,,,,,,
,,,,,,dephase_z,,,,,,TRUE,,,,,,,,,,,,
,,,,,,dephase_z,,,,,,TRUE,,,,,,,,,,,,
,,,,,,dephase_z,,,,,,TRUE,,,,,,,,,,,,
,,,,,,dephase_z,,,,,,TRUE,,,,,,,,,,,,
,,,,,,dephase_z,,,,,,TRUE,,,,,,,,,,,,
,,,,,,dephase_z,,,,,,TRUE,,,,,,,,,,,,
,,,,,,dephase_z,,,,,,TRUE,,,,,,,,,,,,
,,,,,,dephase_z,,,,,,TRUE,,,,,,,,,,,,
,,,,,,dephase_z,,,,,,TRUE,,,,,,,,,,,,
,,,,,,dephase_z,,,,,,TRUE,,,,,,,,,,,,
,,,,,,dephase_z,,,,,,TRUE,,,,,,,,,,,,
,,,,,,dephase_z,,,,,,TRUE,,,,,,,,,,,,
,,,,,,dephase_z,,,,,,TRUE,,,,,,,,,,,,
,,,,,,dephase_z,,,,,,TRUE,,,,,,,,,,,,
,,,,,,dephase_z,,,,,,TRUE,,,,,,,,,,,,
,,,,,,dephase_z,,,,,,TRUE,,,,,,,,,,,,
,,,,,,dephase_z,,,,,,TRUE,,,,,,,,,,,,
,,,,,,dephase_z,,,,,,TRUE,,,,,,,,,,,,
,,,,,,dephase_z,,,,,,TRUE,,,,,,,,,,,,
,,,,,,dephase_z,,,,,,TRUE,,,,,,,,,,,,
,,,,,,dephase_z,,,,,,TRUE,,,,,,,,,,,,
,,,,,,dephase_z,,,,,,TRUE,,,,,,,,,,,,
,,,,,,dephase_z,,,,,,TRUE,,,,,,,,,,,,
,,,,,,dephase_z,,,,,,TRUE,,,,,,,,,,,,
,,,,,,dephase_z,,,,,,TRUE,,,,,,,,,,,,
,,,,,,dephase_z,,,,,,TRUE,,,,,,,,,,,,
,,,,,,dephase_z,,,,,,TRUE,,,,,,,,,,,,
,,,,,,dephase_z,,,,,,TRUE,,,,,,,,,,,,
,,,,,,dephase_z,,,,,,TRUE,,,,,,,,,,,,
,,,,,,dephase_z,,,,,,TRUE,,,,,,,,,,,,
,,,,,,dephase_z,,,,,,TRUE,,,,,,,,,,,,
,,,,,,dephase_z,,,,,,TRUE,,,,,,,,,,,,
,,,,,,dephase_z,,,,,,TRUE,,,,,,,,,,,,
,,,,,,dephase_z,,,,,,TRUE,,,,,,,,,,,,
,,,,,,dephase_z,,,,,,TRUE,,,,,,,,,,,,
,,,,,,dephase_z,,,,,,TRUE,,,,,,,,,,,,
,,,,,,dephase_z,,,,,,TRUE,,,,,,,,,,,,
,,,,,,dephase_z,,,,,,TRUE,,,,,,,,,,,,
,,,,,,dephase_z,,,,,,TRUE,,,,,,,,,,,,
,,,,,,dephase_z,,,,,,TRUE,,,,,,,,,,,,
,,,,,,dephase_z,,,,,,TRUE,,,,,,,,,,,,
,,,,,,dephase_z,,,,,,TRUE,,,,,,,,,,,,
,,,,,,dephase_z,,,,,,TRUE,,,,,,,,,,,,
,,,,,,dephase_z,,,,,,TRUE,,,,,,,,,,,,
,,,,,,dephase_z,,,,,,TRUE,,,,,,,,,,,,
,,,,,,dephase_z,,,,,,TRUE,,,,,,,,,,,,
,,,,,,dephase_z,,,,,,TRUE,,,,,,,,,,,,
,,,,,,dephase_z,,,,,,TRUE,,,,,,,,,,,,
,,,,,,dephase_z,,,,,,TRUE,,,,,,,,,,,,
,,,,,,dephase_z,,,,,,TRUE,,,,,,,,,,,,
,,,,,,dephase_z,,,,,,TRUE,,,,,,,,,,,,
,,,,,,dephase_z,,,,,,TRUE,,,,,,,,,,,,
,,,,,,dephase_z,,,,,,TRUE,,,,,,,,,,,,
,,,,,,dephase_z,,,,,,TRUE,,,,,,,,,,,,
,,,,,,dephase_z,,,,,,TRUE,,,,,,,,,,,,
,,,,,,dephase_z,,,,,,TRUE,,,,,,,,,,,,
,,,,,,dephase_z,,,,,,TRUE,,,,,,,,,,,,
,,,,,,dephase_z,,,,,,TRUE,,,,,,,,,,,,
,,,,,,dephase_z,,,,,,TRUE,,,,,,,,,,,,
,,,,,,dephase_z,,,,,,TRUE,,,,,,,,,,,,
,,,,,,dephase_z,,,,,,TRUE,,,,,,,,,,,,
,,,,,,dephase_z,,,,,,TRUE,,,,,,,,,,,,
,,,,,,dephase_z,,,,,,TRUE,,,,,,,,,,,,
,,,,,,dephase_z,,,,,,TRUE,,,,,,,,,,,,
,,,,,,dephase_z,,,,,,TRUE,,,,,,,,,,,,
,,,,,,dephase_z,,,,,,TRUE,,,,,,,,,,,,
,,,,,,dephase_z,,,,,,TRUE,,,,,,,,,,,,
,,,,,,dephase_z,,,,,,TRUE,,,,,,,,,,,,
,,,,,,dephase_z,,,,,,TRUE,,,,,,,,,,,,
,,,,,,dephase_z,,,,,,TRUE,,,,,,,,,,,,
,,,,,,dephase_z,,,,,,TRUE,,,,,,,,,,,,
,,,,,,dephase_z,,,,,,TRUE,,,,,,,,,,,,
,,,,,,dephase_z,,,,,,TRUE,,,,,,,,,,,,
,,,,,,dephase_z,,,,,,TRUE,,,,,,,,,,,,
,,,,,,dephase_z,,,,,,TRUE,,,,,,,,,,,,
,,,,,,dephase_z,,,,,,TRUE,,,,,,,,,,,,
,,,,,,dephase_z,,,,,,TRUE,,,,,,,,,,,,
,,,,,,dephase_z,,,,,,TRUE,,,,,,,,,,,,
,,,,,,dephase_z,,,,,,TRUE,,,,,,,,,,,,
,,,,,,dephase_z,,,,,,TRUE,,,,,,,,,,,,
,,,,,,dephase_z,,,,,,TRUE,,,,,,,,,,,,
,,,,,,dephase_z,,,,,,TRUE,,,,,,,,,,,,
,,,,,,dephase_z,,,,,,TRUE,,,,,,,,,,,,
,,,,,,dephase_z,,,,,,TRUE,,,,,,,,,,,,
,,,,,,dephase_z,,,,,,TRUE,,,,,,,,,,,,
,,,,,,dephase_z,,,,,,TRUE,,,,,,,,,,,,
,,,,,,dephase_z,,,,,,TRUE,,,,,,,,,,,,
,,,,,,dephase_z,,,,,,TRUE,,,,,,,,,,,,
,,,,,,dephase_z,,,,,,TRUE,,,,,,,,,,,,
,,,,,,dephase_z,,,,,,TRUE,,,,,,,,,,,,
,,,,,,dephase_z,,,,,,TRUE,,,,,,,,,,,,
,,,,,,dephase_z,,,,,,TRUE,,,,,,,,,,,,
,,,,,,dephase_z,,,,,,TRUE,,,,,,,,,,,,
,,,,,,dephase_z,,,,,,TRUE,,,,,,,,,,,,
,,,,,,dephase_z,,,,,,TRUE,,,,,,,,,,,,
,,,,,,dephase_z,,,,,,TRUE,,,,,,,,,,,,
,,,,,,dephase_z,,,,,,TRUE,,,,,,,,,,,,
,,,,,,dephase_z,,,,,,TRUE,,,,,,,,,,,,
,,,,,,dephase_z,,,,,,TRUE,,,,,,,,,,,,
,,,,,,dephase_z,,,,,,TRUE,,,,,,,,,,,,
,,,,,,dephase_z,,,,,,TRUE,,,,,,,,,,,,
,,,,,,dephase_z,,,,,,TRUE,,,,,,,,,,,,
,,,,,,dephase_z,,,,,,TRUE,,,,,,,,,,,,
,,,,,,dephase_z,,,,,,TRUE,,,,,,,,,,,,
,,,,,,dephase_z,,,,,,TRUE,,,,,,,,,,,,
,,,,,,dephase_z,,,,,,TRUE,,,,,,,,,,,,
,,,,,,dephase_z,,,,,,TRUE,,,,,,,,,,,,
,,,,,,dephase_z,,,,,,TRUE,,,,,,,,,,,,
,,,,,,dephase_z,,,,,,TRUE,,,,,,,,,,,,
,,,,,,dephase_z,,,,,,TRUE,,,,,,,,,,,,
,,,,,,dephase_z,,,,,,TRUE,,,,,,,,,,,,
,,,,,,dephase_z,,,,,,TRUE,,,,,,,,,,,,
,,,,,,dephase_z,,,,,,TRUE,,,,,,,,,,,,
,,,,,,dephase_z,,,,,,TRUE,,,,,,,,,,,,
,,,,,,dephase_z,,,,,,TRUE,,,,,,,,,,,,
,,,,,,dephase_z,,,,,,TRUE,,,,,,,,,,,,
,,,,,,dephase_z,,,,,,TRUE,,,,,,,,,,,,
,,,,,,dephase_z,,,,,,TRUE,,,,,,,,,,,,
,,,,,,dephase_z,,,,,,TRUE,,,,,,,,,,,,
,,,,,,dephase_z,,,,,,TRUE,,,,,,,,,,,,
,,,,,,dephase_z,,,,,,TRUE,,,,,,,,,,,,
,,,,,,dephase_z,,,,,,TRUE,,,,,,,,,,,,
,,,,,,dephase_z,,,,,,TRUE,,,,,,,,,,,,
,,,,,,dephase_z,,,,,,TRUE,,,,,,,,,,,,
,,,,,,dephase_z,,,,,,TRUE,,,,,,,,,,,,
,,,,,,dephase_z,,,,,,TRUE,,,,,,,,,,,,
,,,,,,dephase_z,,,,,,TRUE,,,,,,,,,,,,
,,,,,,dephase_z,,,,,,TRUE,,,,,,,,,,,,
,,,,,,dephase_z,,,,,,TRUE,,,,,,,,,,,,
,,,,,,dephase_z,,,,,,TRUE,,,,,,,,,,,,
,,,,,,dephase_z,,,,,,TRUE,,,,,,,,,,,,
,,,,,,dephase_z,,,,,,TRUE,,,,,,,,,,,,
,,,,,,dephase_z,,,,,,TRUE,,,,,,,,,,,,
,,,,,,dephase_z,,,,,,TRUE,,,,,,,,,,,,
,,,,,,dephase_z,,,,,,TRUE,,,,,,,,,,,,
,,,,,,dephase_z,,,,,,TRUE,,,,,,,,,,,,
,,,,,,dephase_z,,,,,,TRUE,,,,,,,,,,,,
,,,,,,dephase_z,,,,,,TRUE,,,,,,,,,,,,
,,,,,,dephase_z,,,,,,TRUE,,,,,,,,,,,,
,,,,,,dephase_z,,,,,,TRUE,,,,,,,,,,,,
,,,,,,dephase_z,,,,,,TRUE,,,,,,,,,,,,
,,,,,,dephase_z,,,,,,TRUE,,,,,,,,,,,,
,,,,,,dephase_z,,,,,,TRUE,,,,,,,,,,,,
,,,,,,dephase_z,,,,,,TRUE,,,,,,,,,,,,
,,,,,,dephase_z,,,,,,TRUE,,,,,,,,,,,,
,,,,,,dephase_z,,,,,,TRUE,,,,,,,,,,,,
,,,,,,dephase_z,,,,,,TRUE,,,,,,,,,,,,
,,,,,,dephase_z,,,,,,TRUE,,,,,,,,,,,,
,,,,,,dephase_z,,,,,,TRUE,,,,,,,,,,,,
,,,,,,dephase_z,,,,,,TRUE,,,,,,,,,,,,
,,,,,,dephase_z,,,,,,TRUE,,,,,,,,,,,,
,,,,,,dephase_z,,,,,,TRUE,,,,,,,,,,,,
,,,,,,dephase_z,,,,,,TRUE,,,,,,,,,,,,
,,,,,,dephase_z,,,,,,TRUE,,,,,,,,,,,,
,,,,,,dephase_z,,,,,,TRUE,,,,,,,,,,,,
,,,,,,dephase_z,,,,,,TRUE,,,,,,,,,,,,
,,,,,,dephase_z,,,,,,TRUE,,,,,,,,,,,,
,,,,,,dephase_z,,,,,,TRUE,,,,,,,,,,,,
,,,,,,dephase_z,,,,,,TRUE,,,,,,,,,,,,
,,,,,,dephase_z,,,,,,TRUE,,,,,,,,,,,,
,,,,,,dephase_z,,,,,,TRUE,,,,,,,,,,,,
,,,,,,dephase_z,,,,,,TRUE,,,,,,,,,,,,
,,,,,,dephase_z,,,,,,TRUE,,,,,,,,,,,,
,,,,,,dephase_z,,,,,,TRUE,,,,,,,,,,,,
,,,,,,dephase_z,,,,,,TRUE,,,,,,,,,,,,
,,,,,,dephase_z,,,,,,TRUE,,,,,,,,,,,,
,,,,,,dephase_z,,,,,,TRUE,,,,,,,,,,,,
,,,,,,dephase_z,,,,,,TRUE,,,,,,,,,,,,
,,,,,,dephase_z,,,,,,TRUE,,,,,,,,,,,,
,,,,,,dephase_z,,,,,,TRUE,,,,,,,,,,,,
,,,,,,dephase_z,,,,,,TRUE,,,,,,,,,,,,
,,,,,,dephase_z,,,,,,TRUE,,,,,,,,,,,,
,,,,,,dephase_z,,,,,,TRUE,,,,,,,,,,,,
,,,,,,dephase_z,,,,,,TRUE,,,,,,,,,,,,
,,,,,,dephase_z,,,,,,TRUE,,,,,,,,,,,,
,,,,,,dephase_z,,,,,,TRUE,,,,,,,,,,,,
,,,,,,dephase_z,,,,,,TRUE,,,,,,,,,,,,
,,,,,,dephase_z,,,,,,TRUE,,,,,,,,,,,,
,,,,,,dephase_z,,,,,,TRUE,,,,,,,,,,,,
,,,,,,dephase_z,,,,,,TRUE,,,,,,,,,,,,
,,,,,,dephase_z,,,,,,TRUE,,,,,,,,,,,,
,,,,,,dephase_z,,,,,,TRUE,,,,,,,,,,,,
,,,,,,dephase_z,,,,,,TRUE,,,,,,,,,,,,
,,,,,,dephase_z,,,,,,TRUE,,,,,,,,,,,,
,,,,,,dephase_z,,,,,,TRUE,,,,,,,,,,,,
,,,,,,dephase_z,,,,,,TRUE,,,,,,,,,,,,
,,,,,,dephase_z,,,,,,TRUE,,,,,,,,,,,,
,,,,,,dephase_z,,,,,,TRUE,,,,,,,,,,,,
,,,,,,dephase_z,,,,,,TRUE,,,,,,,,,,,,
,,,,,,dephase_z,,,,,,TRUE,,,,,,,,,,,,
,,,,,,dephase_z,,,,,,TRUE,,,,,,,,,,,,
,,,,,,dephase_z,,,,,,TRUE,,,,,,,,,,,,
,,,,,,dephase_z,,,,,,TRUE,,,,,,,,,,,,
,,,,,,dephase_z,,,,,,TRUE,,,,,,,,,,,,
,,,,,,dephase_z,,,,,,TRUE,,,,,,,,,,,,
,,,,,,dephase_z,,,,,,TRUE,,,,,,,,,,,,
,,,,,,dephase_z,,,,,,TRUE,,,,,,,,,,,,
,,,,,,dephase_z,,,,,,TRUE,,,,,,,,,,,,
,,,,,,dephase_z,,,,,,TRUE,,,,,,,,,,,,
,,,,,,dephase_z,,,,,,TRUE,,,,,,,,,,,,
,,,,,,dephase_z,,,,,,TRUE,,,,,,,,,,,,
,,,,,,dephase_z,,,,,,TRUE,,,,,,,,,,,,
,,,,,,dephase_z,,,,,,TRUE,,,,,,,,,,,,
,,,,,,dephase_z,,,,,,TRUE,,,,,,,,,,,,
,,,,,,dephase_z,,,,,,TRUE,,,,,,,,,,,,
,,,,,,dephase_z,,,,,,TRUE,,,,,,,,,,,,
,,,,,,dephase_z,,,,,,TRUE,,,,,,,,,,,,
,,,,,,dephase_z,,,,,,TRUE,,,,,,,,,,,,
,,,,,,dephase_z,,,,,,TRUE,,,,,,,,,,,,
,,,,,,dephase_z,,,,,,TRUE,,,,,,,,,,,,
,,,,,,dephase_z,,,,,,TRUE,,,,,,,,,,,,
,,,,,,dephase_z,,,,,,TRUE,,,,,,,,,,,,
,,,,,,dephase_z,,,,,,TRUE,,,,,,,,,,,,
,,,,,,dephase_z,,,,,,TRUE,,,,,,,,,,,,
,,,,,,dephase_z,,,,,,TRUE,,,,,,,,,,,,
,,,,,,dephase_z,,,,,,TRUE,,,,,,,,,,,,
,,,,,,dephase_z,,,,,,TRUE,,,,,,,,,,,,
,,,,,,dephase_z,,,,,,TRUE,,,,,,,,,,,,
,,,,,,dephase_z,,,,,,TRUE,,,,,,,,,,,,
,,,,,,dephase_z,,,,,,TRUE,,,,,,,,,,,,
,,,,,,dephase_z,,,,,,TRUE,,,,,,,,,,,,
,,,,,,dephase_z,,,,,,TRUE,,,,,,,,,,,,
,,,,,,dephase_z,,,,,,TRUE,,,,,,,,,,,,
,,,,,,dephase_z,,,,,,TRUE,,,,,,,,,,,,
,,,,,,dephase_z,,,,,,TRUE,,,,,,,,,,,,
,,,,,,dephase_z,,,,,,TRUE,,,,,,,,,,,,
,,,,,,dephase_z,,,,,,TRUE,,,,,,,,,,,,
,,,,,,dephase_z,,,,,,TRUE,,,,,,,,,,,,
,,,,,,dephase_z,,,,,,TRUE,,,,,,,,,,,,
,,,,,,dephase_z,,,,,,TRUE,,,,,,,,,,,,
,,,,,,dephase_z,,,,,,TRUE,,,,,,,,,,,,
,,,,,,dephase_z,,,,,,TRUE,,,,,,,,,,,,
,,,,,,dephase_z,,,,,,TRUE,,,,,,,,,,,,
,,,,,,dephase_z,,,,,,TRUE,,,,,,,,,,,,
,,,,,,dephase_z,,,,,,TRUE,,,,,,,,,,,,
,,,,,,dephase_z,,,,,,TRUE,,,,,,,,,,,,
,,,,,,dephase_z,,,,,,TRUE,,,,,,,,,,,,
,,,,,,dephase_z,,,,,,TRUE,,,,,,,,,,,,
,,,,,,dephase_z,,,,,,TRUE,,,,,,,,,,,,
,,,,,,dephase_z,,,,,,TRUE,,,,,,,,,,,,
,,,,,,dephase_z,,,,,,TRUE,,,,,,,,,,,,
,,,,,,dephase_z,,,,,,TRUE,,,,,,,,,,,,
,,,,,,dephase_z,,,,,,TRUE,,,,,,,,,,,,
,,,,,,dephase_z,,,,,,TRUE,,,,,,,,,,,,
,,,,,,dephase_z,,,,,,TRUE,,,,,,,,,,,,
,,,,,,dephase_z,,,,,,TRUE,,,,,,,,,,,,
,,,,,,dephase_z,,,,,,TRUE,,,,,,,,,,,,
,,,,,,dephase_z,,,,,,TRUE,,,,,,,,,,,,
,,,,,,dephase_z,,,,,,TRUE,,,,,,,,,,,,
,,,,,,dephase_z,,,,,,TRUE,,,,,,,,,,,,
,,,,,,dephase_z,,,,,,TRUE,,,,,,,,,,,,
,,,,,,dephase_z,,,,,,TRUE,,,,,,,,,,,,
,,,,,,dephase_z,,,,,,TRUE,,,,,,,,,,,,
,,,,,,dephase_z,,,,,,TRUE,,,,,,,,,,,,
,,,,,,dephase_z,,,,,,TRUE,,,,,,,,,,,,
,,,,,,dephase_z,,,,,,TRUE,,,,,,,,,,,,
,,,,,,dephase_z,,,,,,TRUE,,,,,,,,,,,,
,,,,,,dephase_z,,,,,,TRUE,,,,,,,,,,,,
,,,,,,dephase_z,,,,,,TRUE,,,,,,,,,,,,
,,,,,,dephase_z,,,,,,TRUE,,,,,,,,,,,,
,,,,,,dephase_z,,,,,,TRUE,,,,,,,,,,,,
,,,,,,dephase_z,,,,,,TRUE,,,,,,,,,,,,
,,,,,,dephase_z,,,,,,TRUE,,,,,,,,,,,,
,,,,,,dephase_z,,,,,,TRUE,,,,,,,,,,,,
,,,,,,dephase_z,,,,,,TRUE,,,,,,,,,,,,
,,,,,,dephase_z,,,,,,TRUE,,,,,,,,,,,,
,,,,,,dephase_z,,,,,,TRUE,,,,,,,,,,,,
,,,,,,dephase_z,,,,,,TRUE,,,,,,,,,,,,
,,,,,,dephase_z,,,,,,TRUE,,,,,,,,,,,,
,,,,,,dephase_z,,,,,,TRUE,,,,,,,,,,,,
,,,,,,dephase_z,,,,,,TRUE,,,,,,,,,,,,
,,,,,,dephase_z,,,,,,TRUE,,,,,,,,,,,,
,,,,,,dephase_z,,,,,,TRUE,,,,,,,,,,,,
,,,,,,dephase_z,,,,,,TRUE,,,,,,,,,,,,
,,,,,,dephase_z,,,,,,TRUE,,,,,,,,,,,,
,,,,,,dephase_z,,,,,,TRUE,,,,,,,,,,,,
,,,,,,dephase_z,,,,,,TRUE,,,,,,,,,,,,
,,,,,,dephase_z,,,,,,TRUE,,,,,,,,,,,,
,,,,,,dephase_z,,,,,,TRUE,,,,,,,,,,,,
,,,,,,dephase_z,,,,,,TRUE,,,,,,,,,,,,
,,,,,,dephase_z,,,,,,TRUE,,,,,,,,,,,,
,,,,,,dephase_z,,,,,,TRUE,,,,,,,,,,,,
,,,,,,dephase_z,,,,,,TRUE,,,,,,,,,,,,
,,,,,,dephase_z,,,,,,TRUE,,,,,,,,,,,,
,,,,,,dephase_z,,,,,,TRUE,,,,,,,,,,,,
,,,,,,dephase_z,,,,,,TRUE,,,,,,,,,,,,
,,,,,,dephase_z,,,,,,TRUE,,,,,,,,,,,,
,,,,,,dephase_z,,,,,,TRUE,,,,,,,,,,,,
,,,,,,dephase_z,,,,,,TRUE,,,,,,,,,,,,
,,,,,,dephase_z,,,,,,TRUE,,,,,,,,,,,,
,,,,,,dephase_z,,,,,,TRUE,,,,,,,,,,,,
,,,,,,dephase_z,,,,,,TRUE,,,,,,,,,,,,
,,,,,,dephase_z,,,,,,TRUE,,,,,,,,,,,,
,,,,,,dephase_z,,,,,,TRUE,,,,,,,,,,,,
,,,,,,dephase_z,,,,,,TRUE,,,,,,,,,,,,
,,,,,,dephase_z,,,,,,TRUE,,,,,,,,,,,,
,,,,,,dephase_z,,,,,,TRUE,,,,,,,,,,,,
,,,,,,dephase_z,,,,,,TRUE,,,,,,,,,,,,
,,,,,,dephase_z,,,,,,TRUE,,,,,,,,,,,,
,,,,,,dephase_z,,,,,,TRUE,,,,,,,,,,,,
,,,,,,dephase_z,,,,,,TRUE,,,,,,,,,,,,
,,,,,,dephase_z,,,,,,TRUE,,,,,,,,,,,,
,,,,,,dephase_z,,,,,,TRUE,,,,,,,,,,,,
,,,,,,dephase_z,,,,,,TRUE,,,,,,,,,,,,
,,,,,,dephase_z,,,,,,TRUE,,,,,,,,,,,,
,,,,,,dephase_z,,,,,,TRUE,,,,,,,,,,,,
,,,,,,dephase_z,,,,,,TRUE,,,,,,,,,,,,
,,,,,,dephase_z,,,,,,TRUE,,,,,,,,,,,,
,,,,,,dephase_z,,,,,,TRUE,,,,,,,,,,,,
,,,,,,dephase_z,,,,,,TRUE,,,,,,,,,,,,
,,,,,,dephase_z,,,,,,TRUE,,,,,,,,,,,,
,,,,,,dephase_z,,,,,,TRUE,,,,,,,,,,,,
,,,,,,dephase_z,,,,,,TRUE,,,,,,,,,,,,
,,,,,,dephase_z,,,,,,TRUE,,,,,,,,,,,,
,,,,,,dephase_z,,,,,,TRUE,,,,,,,,,,,,
,,,,,,dephase_z,,,,,,TRUE,,,,,,,,,,,,
,,,,,,dephase_z,,,,,,TRUE,,,,,,,,,,,,
,,,,,,dephase_z,,,,,,TRUE,,,,,,,,,,,,
,,,,,,dephase_z,,,,,,TRUE,,,,,,,,,,,,
,,,,,,dephase_z,,,,,,TRUE,,,,,,,,,,,,
,,,,,,dephase_z,,,,,,TRUE,,,,,,,,,,,,
,,,,,,dephase_z,,,,,,TRUE,,,,,,,,,,,,
,,,,,,dephase_z,,,,,,TRUE,,,,,,,,,,,,
,,,,,,dephase_z,,,,,,TRUE,,,,,,,,,,,,
,,,,,,dephase_z,,,,,,TRUE,,,,,,,,,,,,
,,,,,,dephase_z,,,,,,TRUE,,,,,,,,,,,,
,,,,,,dephase_z,,,,,,TRUE,,,,,,,,,,,,
,,,,,,dephase_z,,,,,,TRUE,,,,,,,,,,,,
,,,,,,dephase_z,,,,,,TRUE,,,,,,,,,,,,
,,,,,,dephase_z,,,,,,TRUE,,,,,,,,,,,,
,,,,,,dephase_z,,,,,,TRUE,,,,,,,,,,,,
,,,,,,dephase_z,,,,,,TRUE,,,,,,,,,,,,
,,,,,,dephase_z,,,,,,TRUE,,,,,,,,,,,,
,,,,,,dephase_z,,,,,,TRUE,,,,,,,,,,,,
,,,,,,dephase_z,,,,,,TRUE,,,,,,,,,,,,
,,,,,,dephase_z,,,,,,TRUE,,,,,,,,,,,,
,,,,,,dephase_z,,,,,,TRUE,,,,,,,,,,,,
,,,,,,dephase_z,,,,,,TRUE,,,,,,,,,,,,
,,,,,,dephase_z,,,,,,TRUE,,,,,,,,,,,,
,,,,,,dephase_z,,,,,,TRUE,,,,,,,,,,,,
,,,,,,dephase_z,,,,,,TRUE,,,,,,,,,,,,
,,,,,,dephase_z,,,,,,TRUE,,,,,,,,,,,,
,,,,,,dephase_z,,,,,,TRUE,,,,,,,,,,,,
,,,,,,dephase_z,,,,,,TRUE,,,,,,,,,,,,
,,,,,,dephase_z,,,,,,TRUE,,,,,,,,,,,,
,,,,,,dephase_z,,,,,,TRUE,,,,,,,,,,,,
,,,,,,dephase_z,,,,,,TRUE,,,,,,,,,,,,
,,,,,,dephase_z,,,,,,TRUE,,,,,,,,,,,,
,,,,,,dephase_z,,,,,,TRUE,,,,,,,,,,,,
,,,,,,dephase_z,,,,,,TRUE,,,,,,,,,,,,
,,,,,,dephase_z,,,,,,TRUE,,,,,,,,,,,,
,,,,,,dephase_z,,,,,,TRUE,,,,,,,,,,,,
,,,,,,dephase_z,,,,,,TRUE,,,,,,,,,,,,
,,,,,,dephase_z,,,,,,TRUE,,,,,,,,,,,,
,,,,,,dephase_z,,,,,,TRUE,,,,,,,,,,,,
,,,,,,dephase_z,,,,,,TRUE,,,,,,,,,,,,
,,,,,,dephase_z,,,,,,TRUE,,,,,,,,,,,,
,,,,,,dephase_z,,,,,,TRUE,,,,,,,,,,,,
,,,,,,dephase_z,,,,,,TRUE,,,,,,,,,,,,
,,,,,,dephase_z,,,,,,TRUE,,,,,,,,,,,,
,,,,,,dephase_z,,,,,,TRUE,,,,,,,,,,,,
,,,,,,dephase_z,,,,,,TRUE,,,,,,,,,,,,
,,,,,,dephase_z,,,,,,TRUE,,,,,,,,,,,,
,,,,,,dephase_z,,,,,,TRUE,,,,,,,,,,,,
,,,,,,dephase_z,,,,,,TRUE,,,,,,,,,,,,
,,,,,,dephase_z,,,,,,TRUE,,,,,,,,,,,,
,,,,,,dephase_z,,,,,,TRUE,,,,,,,,,,,,
,,,,,,dephase_z,,,,,,TRUE,,,,,,,,,,,,
,,,,,,dephase_z,,,,,,TRUE,,,,,,,,,,,,
,,,,,,dephase_z,,,,,,TRUE,,,,,,,,,,,,
,,,,,,dephase_z,,,,,,TRUE,,,,,,,,,,,,
,,,,,,dephase_z,,,,,,TRUE,,,,,,,,,,,,
,,,,,,dephase_z,,,,,,TRUE,,,,,,,,,,,,
,,,,,,dephase_z,,,,,,TRUE,,,,,,,,,,,,
,,,,,,dephase_z,,,,,,TRUE,,,,,,,,,,,,
,,,,,,dephase_z,,,,,,TRUE,,,,,,,,,,,,
,,,,,,dephase_z,,,,,,TRUE,,,,,,,,,,,,
,,,,,,dephase_z,,,,,,TRUE,,,,,,,,,,,,
,,,,,,dephase_z,,,,,,TRUE,,,,,,,,,,,,
,,,,,,dephase_z,,,,,,TRUE,,,,,,,,,,,,
,,,,,,dephase_z,,,,,,TRUE,,,,,,,,,,,,
,,,,,,dephase_z,,,,,,TRUE,,,,,,,,,,,,
,,,,,,dephase_z,,,,,,TRUE,,,,,,,,,,,,
,,,,,,dephase_z,,,,,,TRUE,,,,,,,,,,,,
,,,,,,dephase_z,,,,,,TRUE,,,,,,,,,,,,
,,,,,,dephase_z,,,,,,TRUE,,,,,,,,,,,,
,,,,,,dephase_z,,,,,,TRUE,,,,,,,,,,,,
,,,,,,dephase_z,,,,,,TRUE,,,,,,,,,,,,
,,,,,,dephase_z,,,,,,TRUE,,,,,,,,,,,,
,,,,,,dephase_z,,,,,,TRUE,,,,,,,,,,,,
,,,,,,dephase_z,,,,,,TRUE,,,,,,,,,,,,
,,,,,,dephase_z,,,,,,TRUE,,,,,,,,,,,,
,,,,,,dephase_z,,,,,,TRUE,,,,,,,,,,,,
,,,,,,dephase_z,,,,,,TRUE,,,,,,,,,,,,
,,,,,,dephase_z,,,,,,TRUE,,,,,,,,,,,,
,,,,,,dephase_z,,,,,,TRUE,,,,,,,,,,,,
,,,,,,dephase_z,,,,,,TRUE,,,,,,,,,,,,
,,,,,,dephase_z,,,,,,TRUE,,,,,,,,,,,,
,,,,,,dephase_z,,,,,,TRUE,,,,,,,,,,,,
,,,,,,dephase_z,,,,,,TRUE,,,,,,,,,,,,
,,,,,,dephase_z,,,,,,TRUE,,,,,,,,,,,,
,,,,,,dephase_z,,,,,,TRUE,,,,,,,,,,,,
,,,,,,dephase_z,,,,,,TRUE,,,,,,,,,,,,
,,,,,,dephase_z,,,,,,TRUE,,,,,,,,,,,,
,,,,,,dephase_z,,,,,,TRUE,,,,,,,,,,,,
,,,,,,dephase_z,,,,,,TRUE,,,,,,,,,,,,
,,,,,,dephase_z,,,,,,TRUE,,,,,,,,,,,,
,,,,,,dephase_z,,,,,,TRUE,,,,,,,,,,,,
,,,,,,dephase_z,,,,,,TRUE,,,,,,,,,,,,
,,,,,,dephase_z,,,,,,TRUE,,,,,,,,,,,,
,,,,,,dephase_z,,,,,,TRUE,,,,,,,,,,,,
,,,,,,dephase_z,,,,,,TRUE,,,,,,,,,,,,
,,,,,,dephase_z,,,,,,TRUE,,,,,,,,,,,,
,,,,,,dephase_z,,,,,,TRUE,,,,,,,,,,,,
,,,,,,dephase_z,,,,,,TRUE,,,,,,,,,,,,
,,,,,,dephase_z,,,,,,TRUE,,,,,,,,,,,,
,,,,,,dephase_z,,,,,,TRUE,,,,,,,,,,,,
,,,,,,dephase_z,,,,,,TRUE,,,,,,,,,,,,
,,,,,,dephase_z,,,,,,TRUE,,,,,,,,,,,,
,,,,,,dephase_z,,,,,,TRUE,,,,,,,,,,,,
,,,,,,dephase_z,,,,,,TRUE,,,,,,,,,,,,
,,,,,,dephase_z,,,,,,TRUE,,,,,,,,,,,,
,,,,,,dephase_z,,,,,,TRUE,,,,,,,,,,,,
,,,,,,dephase_z,,,,,,TRUE,,,,,,,,,,,,
,,,,,,dephase_z,,,,,,TRUE,,,,,,,,,,,,
,,,,,,dephase_z,,,,,,TRUE,,,,,,,,,,,,
,,,,,,dephase_z,,,,,,TRUE,,,,,,,,,,,,
,,,,,,dephase_z,,,,,,TRUE,,,,,,,,,,,,
,,,,,,dephase_z,,,,,,TRUE,,,,,,,,,,,,
,,,,,,dephase_z,,,,,,TRUE,,,,,,,,,,,,
,,,,,,dephase_z,,,,,,TRUE,,,,,,,,,,,,
,,,,,,dephase_z,,,,,,TRUE,,,,,,,,,,,,
,,,,,,dephase_z,,,,,,TRUE,,,,,,,,,,,,
,,,,,,dephase_z,,,,,,TRUE,,,,,,,,,,,,
,,,,,,dephase_z,,,,,,TRUE,,,,,,,,,,,,
,,,,,,dephase_z,,,,,,TRUE,,,,,,,,,,,,
,,,,,,dephase_z,,,,,,TRUE,,,,,,,,,,,,
,,,,,,dephase_z,,,,,,TRUE,,,,,,,,,,,,
,,,,,,dephase_z,,,,,,TRUE,,,,,,,,,,,,
,,,,,,dephase_z,,,,,,TRUE,,,,,,,,,,,,
,,,,,,dephase_z,,,,,,TRUE,,,,,,,,,,,,
,,,,,,dephase_z,,,,,,TRUE,,,,,,,,,,,,
,,,,,,dephase_z,,,,,,TRUE,,,,,,,,,,,,
,,,,,,dephase_z,,,,,,TRUE,,,,,,,,,,,,
,,,,,,dephase_z,,,,,,TRUE,,,,,,,,,,,,
,,,,,,dephase_z,,,,,,TRUE,,,,,,,,,,,,
,,,,,,dephase_z,,,,,,TRUE,,,,,,,,,,,,
,,,,,,dephase_z,,,,,,TRUE,,,,,,,,,,,,
,,,,,,dephase_z,,,,,,TRUE,,,,,,,,,,,,
,,,,,,dephase_z,,,,,,TRUE,,,,,,,,,,,,
,,,,,,dephase_z,,,,,,TRUE,,,,,,,,,,,,
,,,,,,dephase_z,,,,,,TRUE,,,,,,,,,,,,
,,,,,,dephase_z,,,,,,TRUE,,,,,,,,,,,,
,,,,,,dephase_z,,,,,,TRUE,,,,,,,,,,,,
,,,,,,dephase_z,,,,,,TRUE,,,,,,,,,,,,
,,,,,,dephase_z,,,,,,TRUE,,,,,,,,,,,,
,,,,,,dephase_z,,,,,,TRUE,,,,,,,,,,,,
,,,,,,dephase_z,,,,,,TRUE,,,,,,,,,,,,
,,,,,,dephase_z,,,,,,TRUE,,,,,,,,,,,,
,,,,,,dephase_z,,,,,,TRUE,,,,,,,,,,,,
,,,,,,dephase_z,,,,,,TRUE,,,,,,,,,,,,
,,,,,,dephase_z,,,,,,TRUE,,,,,,,,,,,,
,,,,,,dephase_z,,,,,,TRUE,,,,,,,,,,,,
,,,,,,dephase_z,,,,,,TRUE,,,,,,,,,,,,
,,,,,,dephase_z,,,,,,TRUE,,,,,,,,,,,,
,,,,,,dephase_z,,,,,,TRUE,,,,,,,,,,,,
,,,,,,dephase_z,,,,,,TRUE,,,,,,,,,,,,
,,,,,,dephase_z,,,,,,TRUE,,,,,,,,,,,,
,,,,,,dephase_z,,,,,,TRUE,,,,,,,,,,,,
,,,,,,dephase_z,,,,,,TRUE,,,,,,,,,,,,
,,,,,,dephase_z,,,,,,TRUE,,,,,,,,,,,,
,,,,,,dephase_z,,,,,,TRUE,,,,,,,,,,,,
,,,,,,dephase_z,,,,,,TRUE,,,,,,,,,,,,
,,,,,,dephase_z,,,,,,TRUE,,,,,,,,,,,,
,,,,,,dephase_z,,,,,,TRUE,,,,,,,,,,,,
,,,,,,dephase_z,,,,,,TRUE,,,,,,,,,,,,
,,,,,,dephase_z,,,,,,TRUE,,,,,,,,,,,,
,,,,,,dephase_z,,,,,,TRUE,,,,,,,,,,,,
,,,,,,dephase_z,,,,,,TRUE,,,,,,,,,,,,
,,,,,,dephase_z,,,,,,TRUE,,,,,,,,,,,,
,,,,,,dephase_z,,,,,,TRUE,,,,,,,,,,,,
,,,,,,dephase_z,,,,,,TRUE,,,,,,,,,,,,
,,,,,,dephase_z,,,,,,TRUE,,,,,,,,,,,,
,,,,,,dephase_z,,,,,,TRUE,,,,,,,,,,,,
,,,,,,dephase_z,,,,,,TRUE,,,,,,,,,,,,
,,,,,,dephase_z,,,,,,TRUE,,,,,,,,,,,,