run_id,M,N,noise,mode,p,p_channel,fidelity_init,fidelity_final,eps_L_init,eps_L_final,purity_init,purity_final,error_reduction_ratio,max_depth,twirling_enabled,bloch_r_init,bloch_r_final
M1_N2_dephase_z_iid_p_d0.01000_twirl,1,2,dephase_z,iid_p,0.01,0.01,0.99,0.9948995051,0.01,0.0051004949,0.9802,0.9898510403,0.51004949,1,TRUE,0.98,0.9897990102
M1_N2_dephase_z_iid_p_d0.10000_twirl,1,2,dephase_z,iid_p,0.1,0.1,0.9,0.9395604396,0.1,0.06043956044,0.82,0.8864267601,0.6043956044,1,TRUE,0.8,0.8791208791
M1_N2_dephase_z_iid_p_d0.20000_twirl,1,2,dephase_z,iid_p,0.2,0.2,0.8,0.8571428571,0.2,0.1428571429,0.68,0.7551020408,0.7142857143,1,TRUE,0.6,0.7142857143
M1_N2_dephase_z_iid_p_d0.30000_twirl,1,2,dephase_z,iid_p,0.3,0.3,0.7,0.753164557,0.3,0.246835443,0.58,0.6281845858,0.8227848101,1,TRUE,0.4,0.5063291139
M1_N2_dephase_z_iid_p_d0.40000_twirl,1,2,dephase_z,iid_p,0.4,0.4,0.6,0.6315789474,0.4,0.3684210526,0.52,0.5346260388,0.9210526316,1,TRUE,0.2,0.2631578947
M1_N2_dephase_z_iid_p_d0.50000_twirl,1,2,dephase_z,iid_p,0.5,0.5,0.5,0.5,0.5,0.5,0.5,0.5,1,1,TRUE,2.22E-16,3.33E-16
M1_N2_dephase_z_iid_p_d0.60000_twirl,1,2,dephase_z,iid_p,0.6,0.6,0.4,0.3684210526,0.6,0.6315789474,0.52,0.5346260388,1.052631579,1,TRUE,0.2,0.2631578947
M1_N2_dephase_z_iid_p_d0.70000_twirl,1,2,dephase_z,iid_p,0.7,0.7,0.3,0.246835443,0.7,0.753164557,0.58,0.6281845858,1.075949367,1,TRUE,0.4,0.5063291139
M1_N2_dephase_z_iid_p_d0.80000_twirl,1,2,dephase_z,iid_p,0.8,0.8,0.2,0.1428571429,0.8,0.8571428571,0.68,0.7551020408,1.071428571,1,TRUE,0.6,0.7142857143
M1_N2_dephase_z_iid_p_d0.90000_twirl,1,2,dephase_z,iid_p,0.9,0.9,0.1,0.06043956044,0.9,0.9395604396,0.82,0.8864267601,1.043956044,1,TRUE,0.8,0.8791208791
M1_N4_dephase_z_iid_p_d0.01000_twirl,1,4,dephase_z,iid_p,0.01,0.01,0.99,0.9974236715,0.01,0.002576328501,0.9802,0.9948606179,0.2576328501,2,TRUE,0.98,0.994847343
M1_N4_dephase_z_iid_p_d0.10000_twirl,1,4,dephase_z,iid_p,0.1,0.1,0.9,0.9660243895,0.1,0.03397561054,0.82,0.9343574631,0.3397561054,2,TRUE,0.8,0.9320487789
M1_N4_dephase_z_iid_p_d0.20000_twirl,1,4,dephase_z,iid_p,0.2,0.2,0.8,0.9069767442,0.2,0.09302325581,0.68,0.8312601406,0.4651162791,2,TRUE,0.6,0.8139534884
M1_N4_dephase_z_iid_p_d0.30000_twirl,1,4,dephase_z,iid_p,0.3,0.3,0.7,0.81097771,0.3,0.18902229,0.58,0.6934142722,0.6300743001,2,TRUE,0.4,0.62195542
M1_N4_dephase_z_iid_p_d0.40000_twirl,1,4,dephase_z,iid_p,0.4,0.4,0.6,0.6714801444,0.4,0.3285198556,0.52,0.5588108798,0.821299639,2,TRUE,0.2,0.3429602888
M1_N4_dephase_z_iid_p_d0.50000_twirl,1,4,dephase_z,iid_p,0.5,0.5,0.5,0.5,0.5,0.5,0.5,0.5,1,2,TRUE,2.22E-16,3.89E-16
M1_N4_dephase_z_iid_p_d0.60000_twirl,1,4,dephase_z,iid_p,0.6,0.6,0.4,0.3285198556,0.6,0.6714801444,0.52,0.5588108798,1.119133574,2,TRUE,0.2,0.3429602888
M1_N4_dephase_z_iid_p_d0.70000_twirl,1,4,dephase_z,iid_p,0.7,0.7,0.3,0.18902229,0.7,0.81097771,0.58,0.6934142722,1.158539586,2,TRUE,0.4,0.62195542
M1_N4_dephase_z_iid_p_d0.80000_twirl,1,4,dephase_z,iid_p,0.8,0.8,0.2,0.09302325581,0.8,0.9069767442,0.68,0.8312601406,1.13372093,2,TRUE,0.6,0.8139534884
M1_N4_dephase_z_iid_p_d0.90000_twirl,1,4,dephase_z,iid_p,0.9,0.9,0.1,0.03397561054,0.9,0.9660243895,0.82,0.9343574631,1.073360433,2,TRUE,0.8,0.9320487789
M1_N8_dephase_z_iid_p_d0.01000_twirl,1,8,dephase_z,iid_p,0.01,0.01,0.99,0.9987051898,0.01,0.001294810247,0.9802,0.9974137326,0.1294810247,3,TRUE,0.98,0.9974103795
M1_N8_dephase_z_iid_p_d0.10000_twirl,1,8,dephase_z,iid_p,0.1,0.1,0.9,0.9818389551,0.1,0.01816104485,0.82,0.9643375574,0.1816104485,3,TRUE,0.8,0.9636779103
M1_N8_dephase_z_iid_p_d0.20000_twirl,1,8,dephase_z,iid_p,0.2,0.2,0.8,0.9444772593,0.2,0.0555227407,0.68,0.8951200681,0.2776137035,3,TRUE,0.6,0.8889545186
M1_N8_dephase_z_iid_p_d0.30000_twirl,1,8,dephase_z,iid_p,0.3,0.3,0.7,0.8672789525,0.3,0.1327210475,0.58,0.7697876578,0.4424034918,3,TRUE,0.4,0.7345579049
M1_N8_dephase_z_iid_p_d0.40000_twirl,1,8,dephase_z,iid_p,0.4,0.4,0.6,0.7200140461,0.4,0.2799859539,0.52,0.596812361,0.6999648847,3,TRUE,0.2,0.4400280922
M1_N8_dephase_z_iid_p_d0.50000_twirl,1,8,dephase_z,iid_p,0.5,0.5,0.5,0.5,0.5,0.5,0.5,0.5,1,3,TRUE,2.22E-16,5.55E-16
M1_N8_dephase_z_iid_p_d0.60000_twirl,1,8,dephase_z,iid_p,0.6,0.6,0.4,0.2799859539,0.6,0.7200140461,0.52,0.596812361,1.20002341,3,TRUE,0.2,0.4400280922
M1_N8_dephase_z_iid_p_d0.70000_twirl,1,8,dephase_z,iid_p,0.7,0.7,0.3,0.1327210475,0.7,0.8672789525,0.58,0.7697876578,1.238969932,3,TRUE,0.4,0.7345579049
M1_N8_dephase_z_iid_p_d0.80000_twirl,1,8,dephase_z,iid_p,0.8,0.8,0.2,0.0555227407,0.8,0.9444772593,0.68,0.8951200681,1.180596574,3,TRUE,0.6,0.8889545186
M1_N8_dephase_z_iid_p_d0.90000_twirl,1,8,dephase_z,iid_p,0.9,0.9,0.1,0.01816104485,0.9,0.9818389551,0.82,0.9643375574,1.090932172,3,TRUE,0.8,0.9636779103
M1_N16_dephase_z_iid_p_d0.01000_twirl,1,16,dephase_z,iid_p,0.01,0.01,0.99,0.9993509173,0.01,0.0006490827411,0.9802,0.9987026771,0.06490827411,4,TRUE,0.98,0.9987018345
M1_N16_dephase_z_iid_p_d0.10000_twirl,1,16,dephase_z,iid_p,0.1,0.1,0.9,0.9905867154,0.1,0.009413284561,0.82,0.9813506507,0.09413284561,4,TRUE,0.8,0.9811734309
M1_N16_dephase_z_iid_p_d0.20000_twirl,1,16,dephase_z,iid_p,0.2,0.2,0.8,0.969075566,0.2,0.03092443398,0.68,0.9400637733,0.1546221699,4,TRUE,0.6,0.938151132
M1_N16_dephase_z_iid_p_d0.30000_twirl,1,16,dephase_z,iid_p,0.3,0.3,0.7,0.915054259,0.3,0.084945741,0.58,0.8445400758,0.28315247,4,TRUE,0.4,0.830108518
M1_N16_dephase_z_iid_p_d0.40000_twirl,1,16,dephase_z,iid_p,0.4,0.4,0.6,0.7755665619,0.4,0.2244334381,0.52,0.65187386,0.5610835954,4,TRUE,0.2,0.5511331237
M1_N16_dephase_z_iid_p_d0.50000_twirl,1,16,dephase_z,iid_p,0.5,0.5,0.5,0.5,0.5,0.5,0.5,0.5,1,4,TRUE,2.22E-16,7.77E-16
M1_N16_dephase_z_iid_p_d0.60000_twirl,1,16,dephase_z,iid_p,0.6,0.6,0.4,0.2244334381,0.6,0.7755665619,0.52,0.65187386,1.292610936,4,TRUE,0.2,0.5511331237
M1_N16_dephase_z_iid_p_d0.70000_twirl,1,16,dephase_z,iid_p,0.7,0.7,0.3,0.084945741,0.7,0.915054259,0.58,0.8445400758,1.30722037,4,TRUE,0.4,0.830108518
M1_N16_dephase_z_iid_p_d0.80000_twirl,1,16,dephase_z,iid_p,0.8,0.8,0.2,0.03092443398,0.8,0.969075566,0.68,0.9400637733,1.211344458,4,TRUE,0.6,0.938151132
M1_N16_dephase_z_iid_p_d0.90000_twirl,1,16,dephase_z,iid_p,0.9,0.9,0.1,0.009413284561,0.9,0.9905867154,0.82,0.9813506507,1.100651906,4,TRUE,0.8,0.9811734309
M1_N32_dephase_z_iid_p_d0.01000_twirl,1,32,dephase_z,iid_p,0.01,0.01,0.99,0.9996750372,0.01,0.0003249628156,0.9802,0.9993502856,0.03249628156,5,TRUE,0.98,0.9993500744
M1_N32_dephase_z_iid_p_d0.10000_twirl,1,32,dephase_z,iid_p,0.1,0.1,0.9,0.9952043347,0.1,0.004795665262,0.82,0.9904546663,0.04795665262,5,TRUE,0.8,0.9904086695
M1_N32_dephase_z_iid_p_d0.20000_twirl,1,32,dephase_z,iid_p,0.2,0.2,0.8,0.9835671615,0.2,0.01643283847,0.68,0.9676743994,0.08216419233,5,TRUE,0.6,0.9671343231
M1_N32_dephase_z_iid_p_d0.30000_twirl,1,32,dephase_z,iid_p,0.3,0.3,0.7,0.9500355015,0.3,0.04996449853,0.58,0.9050639052,0.1665483284,5,TRUE,0.4,0.9000710029
M1_N32_dephase_z_iid_p_d0.40000_twirl,1,32,dephase_z,iid_p,0.4,0.4,0.6,0.8336411678,0.4,0.1663588322,0.52,0.7226328577,0.4158970805,5,TRUE,0.2,0.6672823356
M1_N32_dephase_z_iid_p_d0.50000_twirl,1,32,dephase_z,iid_p,0.5,0.5,0.5,0.5,0.5,0.5,0.5,0.5,1,5,TRUE,2.22E-16,9.99E-16
M1_N32_dephase_z_iid_p_d0.60000_twirl,1,32,dephase_z,iid_p,0.6,0.6,0.4,0.1663588322,0.6,0.8336411678,0.52,0.7226328577,1.389401946,5,TRUE,0.2,0.6672823356
M1_N32_dephase_z_iid_p_d0.70000_twirl,1,32,dephase_z,iid_p,0.7,0.7,0.3,0.04996449853,0.7,0.9500355015,0.58,0.9050639052,1.357193574,5,TRUE,0.4,0.9000710029
M1_N32_dephase_z_iid_p_d0.80000_twirl,1,32,dephase_z,iid_p,0.8,0.8,0.2,0.01643283847,0.8,0.9835671615,0.68,0.9676743994,1.229458952,5,TRUE,0.6,0.9671343231
M1_N32_dephase_z_iid_p_d0.90000_twirl,1,32,dephase_z,iid_p,0.9,0.9,0.1,0.004795665262,0.9,0.9952043347,0.82,0.9904546663,1.105782594,5,TRUE,0.8,0.9904086695
M1_N64_dephase_z_iid_p_d0.01000_twirl,1,64,dephase_z,iid_p,0.01,0.01,0.99,0.999837413,0.01,0.0001625870258,0.9802,0.9996748788,0.01625870258,6,TRUE,0.98,0.9996748259
M1_N64_dephase_z_iid_p_d0.10000_twirl,1,64,dephase_z,iid_p,0.1,0.1,0.9,0.9975791141,0.1,0.002420885916,0.82,0.9951699495,0.02420885916,6,TRUE,0.8,0.9951582282
M1_N64_dephase_z_iid_p_d0.20000_twirl,1,64,dephase_z,iid_p,0.2,0.2,0.8,0.9915113615,0.2,0.008488638491,0.68,0.983166837,0.04244319246,6,TRUE,0.6,0.983022723
M1_N64_dephase_z_iid_p_d0.30000_twirl,1,64,dephase_z,iid_p,0.3,0.3,0.7,0.9724623675,0.3,0.02753763247,0.58,0.9464413775,0.09179210823,6,TRUE,0.4,0.9449247351
M1_N64_dephase_z_iid_p_d0.40000_twirl,1,64,dephase_z,iid_p,0.4,0.4,0.6,0.8873618993,0.4,0.1126381007,0.52,0.8000984821,0.2815952517,6,TRUE,0.2,0.7747237986
M1_N64_dephase_z_iid_p_d0.50000_twirl,1,64,dephase_z,iid_p,0.5,0.5,0.5,0.5,0.5,0.5,0.5,0.5,1,6,TRUE,2.22E-16,1.28E-15
M1_N64_dephase_z_iid_p_d0.60000_twirl,1,64,dephase_z,iid_p,0.6,0.6,0.4,0.1126381007,0.6,0.8873618993,0.52,0.8000984821,1.478936499,6,TRUE,0.2,0.7747237986
M1_N64_dephase_z_iid_p_d0.70000_twirl,1,64,dephase_z,iid_p,0.7,0.7,0.3,0.02753763247,0.7,0.9724623675,0.58,0.9464413775,1.389231954,6,TRUE,0.4,0.9449247351
M1_N64_dephase_z_iid_p_d0.80000_twirl,1,64,dephase_z,iid_p,0.8,0.8,0.2,0.008488638491,0.8,0.9915113615,0.68,0.983166837,1.239389202,6,TRUE,0.6,0.983022723
M1_N64_dephase_z_iid_p_d0.90000_twirl,1,64,dephase_z,iid_p,0.9,0.9,0.1,0.002420885916,0.9,0.9975791141,0.82,0.9951699495,1.108421238,6,TRUE,0.8,0.9951582282
M1_N128_dephase_z_iid_p_d0.01000_twirl,1,128,dephase_z,iid_p,0.01,0.01,0.99,0.9999186801,0.01,8.13E-05,0.9802,0.9998373733,0.008131994958,7,TRUE,0.98,0.9998373601
M1_N128_dephase_z_iid_p_d0.10000_twirl,1,128,dephase_z,iid_p,0.1,0.1,0.9,0.9987836893,0.1,0.001216310723,0.82,0.9975703374,0.01216310723,7,TRUE,0.8,0.9975673786
M1_N128_dephase_z_iid_p_d0.20000_twirl,1,128,dephase_z,iid_p,0.2,0.2,0.8,0.9956833206,0.2,0.004316679422,0.68,0.9914039086,0.02158339711,7,TRUE,0.6,0.9913666412
M1_N128_dephase_z_iid_p_d0.30000_twirl,1,128,dephase_z,iid_p,0.3,0.3,0.7,0.985462725,0.3,0.01453727505,0.58,0.9713481146,0.04845758349,7,TRUE,0.4,0.9709254499
M1_N128_dephase_z_iid_p_d0.40000_twirl,1,128,dephase_z,iid_p,0.4,0.4,0.6,0.9303785634,0.4,0.06962143663,0.52,0.8704514156,0.1740535916,7,TRUE,0.2,0.8607571267
M1_N128_dephase_z_iid_p_d0.50000_twirl,1,128,dephase_z,iid_p,0.5,0.5,0.5,0.5,0.5,0.5,0.5,0.5,1,7,TRUE,2.22E-16,1.67E-15
M1_N128_dephase_z_iid_p_d0.60000_twirl,1,128,dephase_z,iid_p,0.6,0.6,0.4,0.06962143663,0.6,0.9303785634,0.52,0.8704514156,1.550630939,7,TRUE,0.2,0.8607571267
M1_N128_dephase_z_iid_p_d0.70000_twirl,1,128,dephase_z,iid_p,0.7,0.7,0.3,0.01453727505,0.7,0.985462725,0.58,0.9713481146,1.407803893,7,TRUE,0.4,0.9709254499
M1_N128_dephase_z_iid_p_d0.80000_twirl,1,128,dephase_z,iid_p,0.8,0.8,0.2,0.004316679422,0.8,0.9956833206,0.68,0.9914039086,1.244604151,7,TRUE,0.6,0.9913666412
M1_N128_dephase_z_iid_p_d0.90000_twirl,1,128,dephase_z,iid_p,0.9,0.9,0.1,0.001216310723,0.9,0.9987836893,0.82,0.9975703374,1.109759655,7,TRUE,0.8,0.9975673786
M1_N256_dephase_z_iid_p_d0.01000_twirl,1,256,dephase_z,iid_p,0.01,0.01,0.99,0.9999593334,0.01,4.07E-05,0.9802,0.9999186701,0.004066658799,8,TRUE,0.98,0.9999186668
M1_N256_dephase_z_iid_p_d0.10000_twirl,1,256,dephase_z,iid_p,0.1,0.1,0.9,0.9993903643,0.1,0.000609635672,0.82,0.998781472,0.00609635672,8,TRUE,0.8,0.9987807287
M1_N256_dephase_z_iid_p_d0.20000_twirl,1,256,dephase_z,iid_p,0.2,0.2,0.8,0.9978229865,0.2,0.002177013475,0.68,0.9956554518,0.01088506737,8,TRUE,0.6,0.9956459731
M1_N256_dephase_z_iid_p_d0.30000_twirl,1,256,dephase_z,iid_p,0.3,0.3,0.7,0.992518517,0.3,0.007481483004,0.58,0.9851489792,0.02493827668,8,TRUE,0.4,0.985037034
M1_N256_dephase_z_iid_p_d0.40000_twirl,1,256,dephase_z,iid_p,0.4,0.4,0.6,0.9601868402,0.4,0.03981315978,0.52,0.9235438558,0.09953289945,8,TRUE,0.2,0.9203736804
M1_N256_dephase_z_iid_p_d0.50000_twirl,1,256,dephase_z,iid_p,0.5,0.5,0.5,0.5,0.5,0.5,0.5,0.5,1,8,TRUE,2.22E-16,2.16E-15
M1_N256_dephase_z_iid_p_d0.60000_twirl,1,256,dephase_z,iid_p,0.6,0.6,0.4,0.03981315978,0.6,0.9601868402,0.52,0.9235438558,1.6003114,8,TRUE,0.2,0.9203736804
M1_N256_dephase_z_iid_p_d0.70000_twirl,1,256,dephase_z,iid_p,0.7,0.7,0.3,0.007481483004,0.7,0.992518517,0.58,0.9851489792,1.417883596,8,TRUE,0.4,0.985037034
M1_N256_dephase_z_iid_p_d0.80000_twirl,1,256,dephase_z,iid_p,0.8,0.8,0.2,0.002177013475,0.8,0.9978229865,0.68,0.9956554518,1.247278733,8,TRUE,0.6,0.9956459731
M1_N256_dephase_z_iid_p_d0.90000_twirl,1,256,dephase_z,iid_p,0.9,0.9,0.1,0.000609635672,0.9,0.9993903643,0.82,0.998781472,1.110433738,8,TRUE,0.8,0.9987807287
M1_N512_dephase_z_iid_p_d0.01000_twirl,1,512,dephase_z,iid_p,0.01,0.01,0.99,0.9999796651,0.01,2.03E-05,0.9802,0.9999593309,0.00203349478,9,TRUE,0.98,0.9999593301
M1_N512_dephase_z_iid_p_d0.10000_twirl,1,512,dephase_z,iid_p,0.1,0.1,0.9,0.9996948104,0.1,0.0003051896049,0.82,0.9993898071,0.003051896049,9,TRUE,0.8,0.9993896208
M1_N512_dephase_z_iid_p_d0.20000_twirl,1,512,dephase_z,iid_p,0.2,0.2,0.8,0.9989067487,0.2,0.001093251273,0.68,0.9978158879,0.005466256363,9,TRUE,0.6,0.9978134975
M1_N512_dephase_z_iid_p_d0.30000_twirl,1,512,dephase_z,iid_p,0.3,0.3,0.7,0.9962030781,0.3,0.003796921879,0.58,0.9924349895,0.01265640626,9,TRUE,0.4,0.9924061562
M1_N512_dephase_z_iid_p_d0.40000_twirl,1,512,dephase_z,iid_p,0.4,0.4,0.6,0.9784781369,0.4,0.02152186307,0.52,0.957882655,0.05380465767,9,TRUE,0.2,0.9569562739
M1_N512_dephase_z_iid_p_d0.50000_twirl,1,512,dephase_z,iid_p,0.5,0.5,0.5,0.5,0.5,0.5,0.5,0.5,1,9,TRUE,2.22E-16,2.83E-15
M1_N512_dephase_z_iid_p_d0.60000_twirl,1,512,dephase_z,iid_p,0.6,0.6,0.4,0.02152186307,0.6,0.9784781369,0.52,0.957882655,1.630796895,9,TRUE,0.2,0.9569562739
M1_N512_dephase_z_iid_p_d0.70000_twirl,1,512,dephase_z,iid_p,0.7,0.7,0.3,0.003796921879,0.7,0.9962030781,0.58,0.9924349895,1.423147254,9,TRUE,0.4,0.9924061562
M1_N512_dephase_z_iid_p_d0.80000_twirl,1,512,dephase_z,iid_p,0.8,0.8,0.2,0.001093251273,0.8,0.9989067487,0.68,0.9978158879,1.248633436,9,TRUE,0.6,0.9978134975
M1_N512_dephase_z_iid_p_d0.90000_twirl,1,512,dephase_z,iid_p,0.9,0.9,0.1,0.0003051896049,0.9,0.9996948104,0.82,0.9993898071,1.110772012,9,TRUE,0.8,0.9993896208
M1_N1024_dephase_z_iid_p_d0.01000_twirl,1,1024,dephase_z,iid_p,0.01,0.01,0.99,0.9999898321,0.01,1.02E-05,0.9802,0.9999796644,0.001016788741,10,TRUE,0.98,0.9999796642
M1_N1024_dephase_z_iid_p_d0.10000_twirl,1,1024,dephase_z,iid_p,0.1,0.1,0.9,0.999847312,0.1,0.0001526879573,0.82,0.9996946707,0.001526879573,10,TRUE,0.8,0.9996946241
M1_N1024_dephase_z_iid_p_d0.20000_twirl,1,1024,dephase_z,iid_p,0.2,0.2,0.8,0.9994521785,0.2,0.0005478214873,0.68,0.9989049572,0.002739107436,10,TRUE,0.6,0.998904357
M1_N1024_dephase_z_iid_p_d0.30000_twirl,1,1024,dephase_z,iid_p,0.3,0.3,0.7,0.9980870952,0.3,0.00191290482,0.58,0.9961815088,0.006376349399,10,TRUE,0.4,0.9961741904
M1_N1024_dephase_z_iid_p_d0.40000_twirl,1,1024,dephase_z,iid_p,0.4,0.4,0.6,0.9887710055,0.4,0.01122899455,0.52,0.9777941915,0.02807248637,10,TRUE,0.2,0.9775420109
M1_N1024_dephase_z_iid_p_d0.50000_twirl,1,1024,dephase_z,iid_p,0.5,0.5,0.5,0.5,0.5,0.5,0.5,0.5,1,10,TRUE,2.22E-16,3.83E-15
M1_N1024_dephase_z_iid_p_d0.60000_twirl,1,1024,dephase_z,iid_p,0.6,0.6,0.4,0.01122899455,0.6,0.9887710055,0.52,0.9777941915,1.647951676,10,TRUE,0.2,0.9775420109
M1_N1024_dephase_z_iid_p_d0.70000_twirl,1,1024,dephase_z,iid_p,0.7,0.7,0.3,0.00191290482,0.7,0.9980870952,0.58,0.9961815088,1.425838707,10,TRUE,0.4,0.9961741904
M1_N1024_dephase_z_iid_p_d0.80000_twirl,1,1024,dephase_z,iid_p,0.8,0.8,0.2,0.0005478214873,0.8,0.9994521785,0.68,0.9989049572,1.249315223,10,TRUE,0.6,0.998904357
M1_N1024_dephase_z_iid_p_d0.90000_twirl,1,1024,dephase_z,iid_p,0.9,0.9,0.1,0.0001526879573,0.9,0.999847312,0.82,0.9996946707,1.110941458,10,TRUE,0.8,0.9996946241
M2_N2_dephase_z_iid_p_d0.01000_twirl,2,2,dephase_z,iid_p,0.01,0.01,0.9801,0.9897510651,0.0199,0.01024893492,0.96079204,0.9796591723,0.515021855,1,TRUE,,
M2_N2_dephase_z_iid_p_d0.10000_twirl,2,2,dephase_z,iid_p,0.1,0.1,0.81,0.8766443435,0.19,0.1233556565,0.6724,0.7754233497,0.6492402976,1,TRUE,,
M2_N2_dephase_z_iid_p_d0.20000_twirl,2,2,dephase_z,iid_p,0.2,0.2,0.64,0.7177242888,0.36,0.2822757112,0.4624,0.5481520141,0.7840991977,1,TRUE,,
M2_N2_dephase_z_iid_p_d0.30000_twirl,2,2,dephase_z,iid_p,0.3,0.3,0.49,0.5463184675,0.51,0.4536815325,0.3364,0.3761570104,0.8895716323,1,TRUE,,
M2_N2_dephase_z_iid_p_d0.40000_twirl,2,2,dephase_z,iid_p,0.4,0.4,0.36,0.3853904282,0.64,0.6146095718,0.2704,0.2796223566,0.9603274559,1,TRUE,,
M2_N2_dephase_z_iid_p_d0.50000_twirl,2,2,dephase_z,iid_p,0.5,0.5,0.25,0.25,0.75,0.75,0.25,0.25,1,1,TRUE,,
M2_N2_dephase_z_iid_p_d0.60000_twirl,2,2,dephase_z,iid_p,0.6,0.6,0.16,0.1460957179,0.84,0.8539042821,0.2704,0.2796223566,1.016552717,1,TRUE,,
M2_N2_dephase_z_iid_p_d0.70000_twirl,2,2,dephase_z,iid_p,0.7,0.7,0.09,0.07340616582,0.91,0.9265938342,0.3364,0.3761570104,1.018234983,1,TRUE,,
M2_N2_dephase_z_iid_p_d0.80000_twirl,2,2,dephase_z,iid_p,0.8,0.8,0.04,0.0284463895,0.96,0.9715536105,0.4624,0.5481520141,1.012035011,1,TRUE,,
M2_N2_dephase_z_iid_p_d0.90000_twirl,2,2,dephase_z,iid_p,0.9,0.9,0.01,0.006039225066,0.99,0.9939607749,0.6724,0.7754233497,1.004000783,1,TRUE,,
M2_N4_dephase_z_iid_p_d0.01000_twirl,2,4,dephase_z,iid_p,0.01,0.01,0.9801,0.994784244,0.0199,0.005215755953,0.96079204,0.9896092246,0.2620982891,2,TRUE,,
M2_N4_dephase_z_iid_p_d0.10000_twirl,2,4,dephase_z,iid_p,0.1,0.1,0.81,0.9255799088,0.19,0.07442009117,0.6724,0.8592988436,0.3916846904,2,TRUE,,
M2_N4_dephase_z_iid_p_d0.20000_twirl,2,4,dephase_z,iid_p,0.2,0.2,0.64,0.7935545727,0.36,0.2064454273,0.4624,0.6481016153,0.5734595202,2,TRUE,,
M2_N4_dephase_z_iid_p_d0.30000_twirl,2,4,dephase_z,iid_p,0.3,0.3,0.49,0.610999707,0.51,0.389000293,0.3364,0.4322618168,0.7627456726,2,TRUE,,
M2_N4_dephase_z_iid_p_d0.40000_twirl,2,4,dephase_z,iid_p,0.4,0.4,0.36,0.4161295121,0.64,0.5838704879,0.2704,0.2931144181,0.9122976373,2,TRUE,,
M2_N4_dephase_z_iid_p_d0.50000_twirl,2,4,dephase_z,iid_p,0.5,0.5,0.25,0.25,0.75,0.75,0.25,0.25,1,2,TRUE,,
M2_N4_dephase_z_iid_p_d0.60000_twirl,2,4,dephase_z,iid_p,0.6,0.6,0.16,0.1297352241,0.84,0.8702647759,0.2704,0.2931144181,1.036029495,2,TRUE,,
M2_N4_dephase_z_iid_p_d0.70000_twirl,2,4,dephase_z,iid_p,0.7,0.7,0.09,0.05438610932,0.91,0.9456138907,0.3364,0.4322618168,1.039136144,2,TRUE,,
M2_N4_dephase_z_iid_p_d0.80000_twirl,2,4,dephase_z,iid_p,0.8,0.8,0.04,0.01611356818,0.96,0.9838864318,0.4624,0.6481016153,1.0248817,2,TRUE,,
M2_N4_dephase_z_iid_p_d0.90000_twirl,2,4,dephase_z,iid_p,0.9,0.9,0.01,0.002378154532,0.99,0.9976218455,0.6724,0.8592988436,1.007698834,2,TRUE,,
M2_N8_dephase_z_iid_p_d0.01000_twirl,2,8,dephase_z,iid_p,0.01,0.01,0.9801,0.9973684023,0.0199,0.002631597693,0.96079204,0.9947471835,0.1322410901,3,TRUE,,
M2_N8_dephase_z_iid_p_d0.10000_twirl,2,8,dephase_z,iid_p,0.1,0.1,0.81,0.9580893468,0.19,0.04191065319,0.6724,0.9187810343,0.2205823852,3,TRUE,,
M2_N8_dephase_z_iid_p_d0.20000_twirl,2,8,dephase_z,iid_p,0.2,0.2,0.64,0.861326133,0.36,0.138673867,0.4624,0.7505224141,0.3852051861,3,TRUE,,
M2_N8_dephase_z_iid_p_d0.30000_twirl,2,8,dephase_z,iid_p,0.3,0.3,0.49,0.6835915777,0.51,0.3164084223,0.3364,0.5078289024,0.6204086712,3,TRUE,,
M2_N8_dephase_z_iid_p_d0.40000_twirl,2,8,dephase_z,iid_p,0.4,0.4,0.36,0.4538394504,0.64,0.5461605496,0.2704,0.3128743927,0.8533758587,3,TRUE,,
M2_N8_dephase_z_iid_p_d0.50000_twirl,2,8,dephase_z,iid_p,0.5,0.5,0.25,0.25,0.75,0.75,0.25,0.25,1,3,TRUE,,
M2_N8_dephase_z_iid_p_d0.60000_twirl,2,8,dephase_z,iid_p,0.6,0.6,0.16,0.1114669394,0.84,0.8885330606,0.2704,0.3128743927,1.057777453,3,TRUE,,
M2_N8_dephase_z_iid_p_d0.70000_twirl,2,8,dephase_z,iid_p,0.7,0.7,0.09,0.03638002754,0.91,0.9636199725,0.3364,0.5078289024,1.058923047,3,TRUE,,
M2_N8_dephase_z_iid_p_d0.80000_twirl,2,8,dephase_z,iid_p,0.8,0.8,0.04,0.00767111298,0.96,0.992328887,0.4624,0.7505224141,1.033675924,3,TRUE,,
M2_N8_dephase_z_iid_p_d0.90000_twirl,2,8,dephase_z,iid_p,0.9,0.9,0.01,0.000796078726,0.99,0.9992039213,0.6724,0.9187810343,1.00929689,3,TRUE,,
M2_N16_dephase_z_iid_p_d0.01000_twirl,2,16,dephase_z,iid_p,0.01,0.01,0.9801,0.9986781526,0.0199,0.00132184742,0.96079204,0.9973589249,0.06642449349,4,TRUE,,
M2_N16_dephase_z_iid_p_d0.10000_twirl,2,16,dephase_z,iid_p,0.1,0.1,0.81,0.9775395927,0.19,0.02246040729,0.6724,0.9558306304,0.1182126699,4,TRUE,,
M2_N16_dephase_z_iid_p_d0.20000_twirl,2,16,dephase_z,iid_p,0.2,0.2,0.64,0.9145223893,0.36,0.08547761071,0.4624,0.8397544361,0.2374378075,4,TRUE,,
M2_N16_dephase_z_iid_p_d0.30000_twirl,2,16,dephase_z,iid_p,0.3,0.3,0.49,0.7597837633,0.51,0.2402162367,0.3364,0.60164967,0.4710122289,4,TRUE,,
M2_N16_dephase_z_iid_p_d0.40000_twirl,2,16,dephase_z,iid_p,0.4,0.4,0.36,0.500018311,0.64,0.499981689,0.2704,0.3417480216,0.7812213891,4,TRUE,,
M2_N16_dephase_z_iid_p_d0.50000_twirl,2,16,dephase_z,iid_p,0.5,0.5,0.25,0.25,0.75,0.75,0.25,0.25,1,4,TRUE,,
M2_N16_dephase_z_iid_p_d0.60000_twirl,2,16,dephase_z,iid_p,0.6,0.6,0.16,0.09181636704,0.84,0.908183633,0.2704,0.3417480216,1.081170992,4,TRUE,,
M2_N16_dephase_z_iid_p_d0.70000_twirl,2,16,dephase_z,iid_p,0.7,0.7,0.09,0.02151333545,0.91,0.9784866645,0.3364,0.60164967,1.075260071,4,TRUE,,
M2_N16_dephase_z_iid_p_d0.80000_twirl,2,16,dephase_z,iid_p,0.8,0.8,0.04,0.003092253617,0.96,0.9969077464,0.4624,0.8397544361,1.038445569,4,TRUE,,
M2_N16_dephase_z_iid_p_d0.90000_twirl,2,16,dephase_z,iid_p,0.9,0.9,0.01,0.0002379635669,0.99,0.9997620364,0.6724,0.9558306304,1.009860643,4,TRUE,,
M2_N32_dephase_z_iid_p_d0.01000_twirl,2,32,dephase_z,iid_p,0.01,0.01,0.9801,0.9993375488,0.0199,0.0006624511581,0.96079204,0.9986757558,0.03328900292,5,TRUE,,
M2_N32_dephase_z_iid_p_d0.10000_twirl,2,32,dephase_z,iid_p,0.1,0.1,0.81,0.9883340911,0.19,0.01166590891,0.6724,0.9768715602,0.06139952057,5,TRUE,,
M2_N32_dephase_z_iid_p_d0.20000_twirl,2,32,dephase_z,iid_p,0.2,0.2,0.64,0.9510739352,0.36,0.04892606476,0.4624,0.9056878225,0.1359057354,5,TRUE,,
M2_N32_dephase_z_iid_p_d0.30000_twirl,2,32,dephase_z,iid_p,0.3,0.3,0.49,0.8320592274,0.51,0.1679407726,0.3364,0.7047612663,0.3292956326,5,TRUE,,
M2_N32_dephase_z_iid_p_d0.40000_twirl,2,32,dephase_z,iid_p,0.4,0.4,0.36,0.5558245498,0.64,0.4441754502,0.2704,0.383487863,0.6940241409,5,TRUE,,
M2_N32_dephase_z_iid_p_d0.50000_twirl,2,32,dephase_z,iid_p,0.5,0.5,0.25,0.25,0.75,0.75,0.25,0.25,1,5,TRUE,,
M2_N32_dephase_z_iid_p_d0.60000_twirl,2,32,dephase_z,iid_p,0.6,0.6,0.16,0.07153838015,0.84,0.9284616198,0.2704,0.383487863,1.105311452,5,TRUE,,
M2_N32_dephase_z_iid_p_d0.70000_twirl,2,32,dephase_z,iid_p,0.7,0.7,0.09,0.01098143756,0.91,0.9890185624,0.3364,0.7047612663,1.086833585,5,TRUE,,
M2_N32_dephase_z_iid_p_d0.80000_twirl,2,32,dephase_z,iid_p,0.8,0.8,0.04,0.001071184942,0.96,0.9989288151,0.4624,0.9056878225,1.040550849,5,TRUE,,
M2_N32_dephase_z_iid_p_d0.90000_twirl,2,32,dephase_z,iid_p,0.9,0.9,0.01,6.59E-05,0.99,0.9999341146,0.6724,0.9768715602,1.010034459,5,TRUE,,
M2_N64_dephase_z_iid_p_d0.01000_twirl,2,64,dephase_z,iid_p,0.01,0.01,0.9801,0.9996683906,0.0199,0.000331609385,0.96079204,0.9993369462,0.01666378819,6,TRUE,,
M2_N64_dephase_z_iid_p_d0.10000_twirl,2,64,dephase_z,iid_p,0.1,0.1,0.81,0.9940488445,0.19,0.005951155546,0.6724,0.9881507101,0.0313218713,6,TRUE,,
M2_N64_dephase_z_iid_p_d0.20000_twirl,2,64,dephase_z,iid_p,0.2,0.2,0.64,0.9734906683,0.36,0.02650933172,0.4624,0.9480269063,0.07363703257,6,TRUE,,
M2_N64_dephase_z_iid_p_d0.30000_twirl,2,64,dephase_z,iid_p,0.3,0.3,0.49,0.8924438085,0.51,0.1075561915,0.3364,0.8017616331,0.2108944932,6,TRUE,,
M2_N64_dephase_z_iid_p_d0.40000_twirl,2,64,dephase_z,iid_p,0.4,0.4,0.36,0.6214129603,0.64,0.3785870397,0.2704,0.4422413483,0.5915422495,6,TRUE,,
M2_N64_dephase_z_iid_p_d0.50000_twirl,2,64,dephase_z,iid_p,0.5,0.5,0.25,0.25,0.75,0.75,0.25,0.25,1,6,TRUE,,
M2_N64_dephase_z_iid_p_d0.60000_twirl,2,64,dephase_z,iid_p,0.6,0.6,0.16,0.05175898571,0.84,0.9482410143,0.2704,0.4422413483,1.12885835,6,TRUE,,
M2_N64_dephase_z_iid_p_d0.70000_twirl,2,64,dephase_z,iid_p,0.7,0.7,0.09,0.004765407014,0.91,0.995234593,0.3364,0.8017616331,1.093664388,6,TRUE,,
M2_N64_dephase_z_iid_p_d0.80000_twirl,2,64,dephase_z,iid_p,0.8,0.8,0.04,0.0003285316063,0.96,0.9996714684,0.4624,0.9480269063,1.041324446,6,TRUE,,
M2_N64_dephase_z_iid_p_d0.90000_twirl,2,64,dephase_z,iid_p,0.9,0.9,0.01,1.74E-05,0.99,0.9999825921,0.6724,0.9881507101,1.010083426,6,TRUE,,
M2_N128_dephase_z_iid_p_d0.01000_twirl,2,128,dephase_z,iid_p,0.01,0.01,0.9801,0.9998340991,0.0199,0.000165900889,0.96079204,0.9996682395,0.008336728089,7,TRUE,,
M2_N128_dephase_z_iid_p_d0.10000_twirl,2,128,dephase_z,iid_p,0.1,0.1,0.81,0.9969935567,0.19,0.003006443332,0.6724,0.9940006579,0.01582338596,7,TRUE,,
M2_N128_dephase_z_iid_p_d0.20000_twirl,2,128,dephase_z,iid_p,0.2,0.2,0.64,0.9861395032,0.36,0.01386049679,0.4624,0.9725659073,0.03850137998,7,TRUE,,
M2_N128_dephase_z_iid_p_d0.30000_twirl,2,128,dephase_z,iid_p,0.3,0.3,0.49,0.9364659326,0.51,0.06353406736,0.3364,0.8788793758,0.1245766027,7,TRUE,,
M2_N128_dephase_z_iid_p_d0.40000_twirl,2,128,dephase_z,iid_p,0.4,0.4,0.36,0.6948264716,0.64,0.3051735284,0.2704,0.5207155101,0.4768336381,7,TRUE,,
M2_N128_dephase_z_iid_p_d0.50000_twirl,2,128,dephase_z,iid_p,0.5,0.5,0.25,0.25,0.75,0.75,0.25,0.25,1,7,TRUE,,
M2_N128_dephase_z_iid_p_d0.60000_twirl,2,128,dephase_z,iid_p,0.6,0.6,0.16,0.03395993191,0.84,0.9660400681,0.2704,0.5207155101,1.1500477,7,TRUE,,
M2_N128_dephase_z_iid_p_d0.70000_twirl,2,128,dephase_z,iid_p,0.7,0.7,0.09,0.001763132492,0.91,0.9982368675,0.3364,0.8788793758,1.096963591,7,TRUE,,
M2_N128_dephase_z_iid_p_d0.80000_twirl,2,128,dephase_z,iid_p,0.8,0.8,0.04,9.25E-05,0.96,0.9999075086,0.4624,0.9725659073,1.041570321,7,TRUE,,
M2_N128_dephase_z_iid_p_d0.90000_twirl,2,128,dephase_z,iid_p,0.9,0.9,0.01,4.48E-06,0.99,0.9999955203,0.6724,0.9940006579,1.010096485,7,TRUE,,
M2_N256_dephase_z_iid_p_d0.01000_twirl,2,256,dephase_z,iid_p,0.01,0.01,0.9801,0.9999170255,0.0199,8.30E-05,0.96079204,0.9998340613,0.004169574088,8,TRUE,,
M2_N256_dephase_z_iid_p_d0.10000_twirl,2,256,dephase_z,iid_p,0.1,0.1,0.81,0.9984888859,0.19,0.001511114091,0.6724,0.9969811953,0.007953232057,8,TRUE,,
M2_N256_dephase_z_iid_p_d0.20000_twirl,2,256,dephase_z,iid_p,0.2,0.2,0.64,0.9929030994,0.36,0.007096900627,0.4624,0.9858815735,0.01971361285,8,TRUE,,
M2_N256_dephase_z_iid_p_d0.30000_twirl,2,256,dephase_z,iid_p,0.3,0.3,0.49,0.9647969942,0.51,0.03520300582,0.3364,0.9314333217,0.06902550162,8,TRUE,,
M2_N256_dephase_z_iid_p_d0.40000_twirl,2,256,dephase_z,iid_p,0.4,0.4,0.36,0.77095501,0.64,0.22904499,0.2704,0.6166781864,0.3578827968,8,TRUE,,
M2_N256_dephase_z_iid_p_d0.50000_twirl,2,256,dephase_z,iid_p,0.5,0.5,0.25,0.25,0.75,0.75,0.25,0.25,1,8,TRUE,,
M2_N256_dephase_z_iid_p_d0.60000_twirl,2,256,dephase_z,iid_p,0.6,0.6,0.16,0.01966584331,0.84,0.9803341567,0.2704,0.6166781864,1.167064472,8,TRUE,,
M2_N256_dephase_z_iid_p_d0.70000_twirl,2,256,dephase_z,iid_p,0.7,0.7,0.09,0.0005689772995,0.91,0.9994310227,0.3364,0.9314333217,1.098275849,8,TRUE,,
M2_N256_dephase_z_iid_p_d0.80000_twirl,2,256,dephase_z,iid_p,0.8,0.8,0.04,2.47E-05,0.96,0.9999753215,0.4624,0.9858815735,1.04164096,8,TRUE,,
M2_N256_dephase_z_iid_p_d0.90000_twirl,2,256,dephase_z,iid_p,0.9,0.9,0.01,1.14E-06,0.99,0.9999988634,0.6724,0.9969811953,1.010099862,8,TRUE,,
M2_N512_dephase_z_iid_p_d0.01000_twirl,2,512,dephase_z,iid_p,0.01,0.01,0.9801,0.9999585067,0.0199,4.15E-05,0.96079204,0.999917016,0.002085089749,9,TRUE,,
M2_N512_dephase_z_iid_p_d0.10000_twirl,2,512,dephase_z,iid_p,0.1,0.1,0.81,0.999242447,0.19,0.0007575529569,0.6724,0.9984857547,0.003987120826,9,TRUE,,
M2_N512_dephase_z_iid_p_d0.20000_twirl,2,512,dephase_z,iid_p,0.2,0.2,0.64,0.9964076867,0.36,0.003592313258,0.4624,0.9928347077,0.009978647938,9,TRUE,,
M2_N512_dephase_z_iid_p_d0.30000_twirl,2,512,dephase_z,iid_p,0.3,0.3,0.49,0.9813339887,0.51,0.01866601126,0.3364,0.9631875538,0.03660002208,9,TRUE,,
M2_N512_dephase_z_iid_p_d0.40000_twirl,2,512,dephase_z,iid_p,0.4,0.4,0.36,0.84192703,0.64,0.15807297,0.2704,0.7199289982,0.2469890157,9,TRUE,,
M2_N512_dephase_z_iid_p_d0.50000_twirl,2,512,dephase_z,iid_p,0.5,0.5,0.25,0.25,0.75,0.75,0.25,0.25,1,9,TRUE,,
M2_N512_dephase_z_iid_p_d0.60000_twirl,2,512,dephase_z,iid_p,0.6,0.6,0.16,0.009804681706,0.84,0.9901953183,0.2704,0.7199289982,1.17880395,9,TRUE,,
M2_N512_dephase_z_iid_p_d0.70000_twirl,2,512,dephase_z,iid_p,0.7,0.7,0.09,0.0001658004062,0.91,0.9998341996,0.3364,0.9631875538,1.098718901,9,TRUE,,
M2_N512_dephase_z_iid_p_d0.80000_twirl,2,512,dephase_z,iid_p,0.8,0.8,0.04,6.38E-06,0.96,0.999993615,0.4624,0.9928347077,1.041660016,9,TRUE,,
M2_N512_dephase_z_iid_p_d0.90000_twirl,2,512,dephase_z,iid_p,0.9,0.9,0.01,2.86E-07,0.99,0.9999997137,0.6724,0.9984857547,1.010100721,9,TRUE,,
M2_N1024_dephase_z_iid_p_d0.01000_twirl,2,1024,dephase_z,iid_p,0.01,0.01,0.9801,0.9999792519,0.0199,2.07E-05,0.96079204,0.9999585043,0.001042620575,10,TRUE,,
M2_N1024_dephase_z_iid_p_d0.10000_twirl,2,1024,dephase_z,iid_p,0.1,0.1,0.81,0.9996207216,0.19,0.0003792783597,0.6724,0.999241659,0.001996201893,10,TRUE,,
M2_N1024_dephase_z_iid_p_d0.20000_twirl,2,1024,dephase_z,iid_p,0.2,0.2,0.64,0.9981925796,0.36,0.001807420383,0.4624,0.9963900565,0.005020612175,10,TRUE,,
M2_N1024_dephase_z_iid_p_d0.30000_twirl,2,1024,dephase_z,iid_p,0.3,0.3,0.49,0.9903655111,0.51,0.00963448894,0.3364,0.980869825,0.01889115478,10,TRUE,,
M2_N1024_dephase_z_iid_p_d0.40000_twirl,2,1024,dephase_z,iid_p,0.4,0.4,0.36,0.9000425018,0.64,0.09995749818,0.2704,0.8146830547,0.1561835909,10,TRUE,,
M2_N1024_dephase_z_iid_p_d0.50000_twirl,2,1024,dephase_z,iid_p,0.5,0.5,0.25,0.25,0.75,0.75,0.25,0.25,1,10,TRUE,,
M2_N1024_dephase_z_iid_p_d0.60000_twirl,2,1024,dephase_z,iid_p,0.6,0.6,0.16,0.004152414594,0.84,0.9958475854,0.2704,0.8146830547,1.18553284,10,TRUE,,
M2_N1024_dephase_z_iid_p_d0.70000_twirl,2,1024,dephase_z,iid_p,0.7,0.7,0.09,4.52E-05,0.91,0.9999548251,0.3364,0.980869825,1.098851456,10,TRUE,,
M2_N1024_dephase_z_iid_p_d0.80000_twirl,2,1024,dephase_z,iid_p,0.8,0.8,0.04,1.62E-06,0.96,0.9999983753,0.4624,0.9963900565,1.041664974,10,TRUE,,
M2_N1024_dephase_z_iid_p_d0.90000_twirl,2,1024,dephase_z,iid_p,0.9,0.9,0.01,7.18E-08,0.99,0.9999999282,0.6724,0.999241659,1.010100938,10,TRUE,,
M3_N2_dephase_z_iid_p_d0.01000_twirl,3,2,dephase_z,iid_p,0.01,0.01,0.970299,0.9845557231,0.029701,0.01544427691,0.9417683576,0.9694279158,0.5199918154,1,TRUE,,
M3_N2_dephase_z_iid_p_d0.10000_twirl,3,2,dephase_z,iid_p,0.1,0.1,0.729,0.812470671,0.271,0.187529329,0.551368,0.6697686111,0.6919901437,1,TRUE,,
M3_N2_dephase_z_iid_p_d0.20000_twirl,3,2,dephase_z,iid_p,0.2,0.2,0.512,0.5889570552,0.488,0.4110429448,0.314432,0.3849996019,0.8423011164,1,TRUE,,
M3_N2_dephase_z_iid_p_d0.30000_twirl,3,2,dephase_z,iid_p,0.3,0.3,0.343,0.3854442094,0.657,0.6145557906,0.195112,0.2182381285,0.9353969415,1,TRUE,,
M3_N2_dephase_z_iid_p_d0.40000_twirl,3,2,dephase_z,iid_p,0.4,0.4,0.216,0.2302771855,0.784,0.7697228145,0.140608,0.1446981139,0.9817893042,1,TRUE,,
M3_N2_dephase_z_iid_p_d0.50000_twirl,3,2,dephase_z,iid_p,0.5,0.5,0.125,0.125,0.875,0.875,0.125,0.125,1,1,TRUE,,
M3_N2_dephase_z_iid_p_d0.60000_twirl,3,2,dephase_z,iid_p,0.6,0.6,0.064,0.05970149254,0.936,0.9402985075,0.140608,0.1446981139,1.004592423,1,TRUE,,
M3_N2_dephase_z_iid_p_d0.70000_twirl,3,2,dephase_z,iid_p,0.7,0.7,0.027,0.02320200952,0.973,0.9767979905,0.195112,0.2182381285,1.003903382,1,TRUE,,
M3_N2_dephase_z_iid_p_d0.80000_twirl,3,2,dephase_z,iid_p,0.8,0.8,0.008,0.006134969325,0.992,0.9938650307,0.314432,0.3849996019,1.001880071,1,TRUE,,
M3_N2_dephase_z_iid_p_d0.90000_twirl,3,2,dephase_z,iid_p,0.9,0.9,0.001,0.0006452369779,0.999,0.999354763,0.551368,0.6697686111,1.000355118,1,TRUE,,
M3_N4_dephase_z_iid_p_d0.01000_twirl,3,4,dephase_z,iid_p,0.01,0.01,0.970299,0.9920936865,0.029701,0.007906313531,0.9417683576,0.9842704403,0.2661968799,2,TRUE,,
M3_N4_dephase_z_iid_p_d0.10000_twirl,3,4,dephase_z,iid_p,0.1,0.1,0.729,0.8799093121,0.271,0.1200906879,0.551368,0.7783751697,0.4431390698,2,TRUE,,
M3_N4_dephase_z_iid_p_d0.20000_twirl,3,4,dephase_z,iid_p,0.2,0.2,0.512,0.6711278608,0.488,0.3288721392,0.314432,0.4761115557,0.673918318,2,TRUE,,
M3_N4_dephase_z_iid_p_d0.30000_twirl,3,4,dephase_z,iid_p,0.3,0.3,0.343,0.4347139108,0.657,0.5652860892,0.195112,0.2502958875,0.8604050064,2,TRUE,,
M3_N4_dephase_z_iid_p_d0.40000_twirl,3,4,dephase_z,iid_p,0.4,0.4,0.216,0.2464533458,0.784,0.7535466542,0.140608,0.1499772575,0.9611564467,2,TRUE,,
M3_N4_dephase_z_iid_p_d0.50000_twirl,3,4,dephase_z,iid_p,0.5,0.5,0.125,0.125,0.875,0.875,0.125,0.125,1,2,TRUE,,
M3_N4_dephase_z_iid_p_d0.60000_twirl,3,4,dephase_z,iid_p,0.6,0.6,0.064,0.05469917821,0.936,0.9453008218,0.140608,0.1499772575,1.009936775,2,TRUE,,
M3_N4_dephase_z_iid_p_d0.70000_twirl,3,4,dephase_z,iid_p,0.7,0.7,0.027,0.01841687513,0.973,0.9815831249,0.195112,0.2502958875,1.0088213,2,TRUE,,
M3_N4_dephase_z_iid_p_d0.80000_twirl,3,4,dephase_z,iid_p,0.8,0.8,0.008,0.003778914172,0.992,0.9962210858,0.314432,0.4761115557,1.004255127,2,TRUE,,
M3_N4_dephase_z_iid_p_d0.90000_twirl,3,4,dephase_z,iid_p,0.9,0.9,0.001,0.0002679952389,0.999,0.9997320048,0.551368,0.7783751697,1.000732737,2,TRUE,,
M3_N8_dephase_z_iid_p_d0.01000_twirl,3,8,dephase_z,iid_p,0.01,0.01,0.970299,0.9959921928,0.029701,0.004007807234,0.9417683576,0.992005765,0.1349384611,3,TRUE,,
M3_N8_dephase_z_iid_p_d0.10000_twirl,3,8,dephase_z,iid_p,0.1,0.1,0.729,0.9285162752,0.271,0.07148372479,0.551368,0.8636841415,0.2637775823,3,TRUE,,
M3_N8_dephase_z_iid_p_d0.20000_twirl,3,8,dephase_z,iid_p,0.2,0.2,0.512,0.7538809977,0.488,0.2461190023,0.314432,0.58373031,0.5043422178,3,TRUE,,
M3_N8_dephase_z_iid_p_d0.30000_twirl,3,8,dephase_z,iid_p,0.3,0.3,0.343,0.4925023625,0.657,0.5074976375,0.195112,0.2945721616,0.7724469368,3,TRUE,,
M3_N8_dephase_z_iid_p_d0.40000_twirl,3,8,dephase_z,iid_p,0.4,0.4,0.216,0.265128877,0.784,0.734871123,0.140608,0.1568326752,0.937335616,3,TRUE,,
M3_N8_dephase_z_iid_p_d0.50000_twirl,3,8,dephase_z,iid_p,0.5,0.5,0.125,0.125,0.875,0.875,0.125,0.125,1,3,TRUE,,
M3_N8_dephase_z_iid_p_d0.60000_twirl,3,8,dephase_z,iid_p,0.6,0.6,0.064,0.04915117709,0.936,0.9508488229,0.140608,0.1568326752,1.015864127,3,TRUE,,
M3_N8_dephase_z_iid_p_d0.70000_twirl,3,8,dephase_z,iid_p,0.7,0.7,0.027,0.01334632744,0.973,0.9866536726,0.195112,0.2945721616,1.014032551,3,TRUE,,
M3_N8_dephase_z_iid_p_d0.80000_twirl,3,8,dephase_z,iid_p,0.8,0.8,0.008,0.00180470811,0.992,0.9981952919,0.314432,0.58373031,1.006245254,3,TRUE,,
M3_N8_dephase_z_iid_p_d0.90000_twirl,3,8,dephase_z,iid_p,0.9,0.9,0.001,6.93E-05,0.999,0.9999306886,0.551368,0.8636841415,1.00093162,3,TRUE,,
M3_N16_dephase_z_iid_p_d0.01000_twirl,3,16,dephase_z,iid_p,0.01,0.01,0.970299,0.9979819421,0.029701,0.002018057878,0.9417683576,0.9959693095,0.06794578896,4,TRUE,,
M3_N16_dephase_z_iid_p_d0.10000_twirl,3,16,dephase_z,iid_p,0.1,0.1,0.729,0.9600833359,0.271,0.03991666414,0.551368,0.9222599365,0.1472939636,4,TRUE,,
M3_N16_dephase_z_iid_p_d0.20000_twirl,3,16,dephase_z,iid_p,0.2,0.2,0.512,0.8302270279,0.488,0.1697729721,0.314432,0.697123727,0.3478954346,4,TRUE,,
M3_N16_dephase_z_iid_p_d0.30000_twirl,3,16,dephase_z,iid_p,0.3,0.3,0.343,0.5602697542,0.657,0.4397302458,0.195112,0.3553677405,0.6693002219,4,TRUE,,
M3_N16_dephase_z_iid_p_d0.40000_twirl,3,16,dephase_z,iid_p,0.4,0.4,0.216,0.2871887627,0.784,0.7128112373,0.140608,0.1658470446,0.9091980068,4,TRUE,,
M3_N16_dephase_z_iid_p_d0.50000_twirl,3,16,dephase_z,iid_p,0.5,0.5,0.125,0.125,0.875,0.875,0.125,0.125,1,4,TRUE,,
M3_N16_dephase_z_iid_p_d0.60000_twirl,3,16,dephase_z,iid_p,0.6,0.6,0.064,0.04329620375,0.936,0.9567037962,0.140608,0.1658470446,1.02211944,4,TRUE,,
M3_N16_dephase_z_iid_p_d0.70000_twirl,3,16,dephase_z,iid_p,0.7,0.7,0.027,0.008790767881,0.973,0.9912092321,0.195112,0.3553677405,1.018714524,4,TRUE,,
M3_N16_dephase_z_iid_p_d0.80000_twirl,3,16,dephase_z,iid_p,0.8,0.8,0.008,0.0006882695565,0.992,0.9993117304,0.314432,0.697123727,1.007370696,4,TRUE,,
M3_N16_dephase_z_iid_p_d0.90000_twirl,3,16,dephase_z,iid_p,0.9,0.9,0.001,1.41E-05,0.999,0.9999858863,0.551368,0.9222599365,1.000986873,4,TRUE,,
M3_N32_dephase_z_iid_p_d0.01000_twirl,3,32,dephase_z,iid_p,0.01,0.01,0.970299,0.9989873673,0.029701,0.00101263275,0.9417683576,0.9979761011,0.03409423083,5,TRUE,,
M3_N32_dephase_z_iid_p_d0.10000_twirl,3,32,dephase_z,iid_p,0.1,0.1,0.729,0.9787057545,0.271,0.0212942455,0.551368,0.958010999,0.07857655166,5,TRUE,,
M3_N32_dephase_z_iid_p_d0.20000_twirl,3,32,dephase_z,iid_p,0.2,0.2,0.512,0.8924703715,0.488,0.1075296285,0.314432,0.7998535742,0.2203475993,5,TRUE,,
M3_N32_dephase_z_iid_p_d0.30000_twirl,3,32,dephase_z,iid_p,0.3,0.3,0.343,0.6372396471,0.657,0.3627603529,0.195112,0.4362465623,0.5521466559,5,TRUE,,
M3_N32_dephase_z_iid_p_d0.40000_twirl,3,32,dephase_z,iid_p,0.4,0.4,0.216,0.3135884721,0.784,0.6864115279,0.140608,0.1778621547,0.8755249081,5,TRUE,,
M3_N32_dephase_z_iid_p_d0.50000_twirl,3,32,dephase_z,iid_p,0.5,0.5,0.125,0.125,0.875,0.875,0.125,0.125,1,5,TRUE,,
M3_N32_dephase_z_iid_p_d0.60000_twirl,3,32,dephase_z,iid_p,0.6,0.6,0.064,0.03727237971,0.936,0.9627276203,0.140608,0.1778621547,1.02855515,5,TRUE,,
M3_N32_dephase_z_iid_p_d0.70000_twirl,3,32,dephase_z,iid_p,0.7,0.7,0.027,0.00514269075,0.973,0.9948573093,0.195112,0.4362465623,1.022463833,5,TRUE,,
M3_N32_dephase_z_iid_p_d0.80000_twirl,3,32,dephase_z,iid_p,0.8,0.8,0.008,0.0002075996298,0.992,0.9997924004,0.314432,0.7998535742,1.007855242,5,TRUE,,
M3_N32_dephase_z_iid_p_d0.90000_twirl,3,32,dephase_z,iid_p,0.9,0.9,0.001,2.40E-06,0.999,0.9999975961,0.551368,0.958010999,1.000998595,5,TRUE,,
M3_N64_dephase_z_iid_p_d0.01000_twirl,3,64,dephase_z,iid_p,0.01,0.01,0.970299,0.9994927742,0.029701,0.0005072257729,0.9417683576,0.9989858914,0.01707773384,6,TRUE,,
M3_N64_dephase_z_iid_p_d0.10000_twirl,3,64,dephase_z,iid_p,0.1,0.1,0.729,0.9889645216,0.271,0.01103547838,0.551368,0.9780906722,0.04072132243,6,TRUE,,
M3_N64_dephase_z_iid_p_d0.20000_twirl,3,64,dephase_z,iid_p,0.2,0.2,0.512,0.9369562642,0.488,0.06304373582,0.314432,0.879098003,0.1291879832,6,TRUE,,
M3_N64_dephase_z_iid_p_d0.30000_twirl,3,64,dephase_z,iid_p,0.3,0.3,0.343,0.7193877576,0.657,0.2806122424,0.195112,0.5369047147,0.42711148,6,TRUE,,
M3_N64_dephase_z_iid_p_d0.40000_twirl,3,64,dephase_z,iid_p,0.4,0.4,0.216,0.3454018896,0.784,0.6545981104,0.140608,0.1940936969,0.8349465694,6,TRUE,,
M3_N64_dephase_z_iid_p_d0.50000_twirl,3,64,dephase_z,iid_p,0.5,0.5,0.125,0.125,0.875,0.875,0.125,0.125,1,6,TRUE,,
M3_N64_dephase_z_iid_p_d0.60000_twirl,3,64,dephase_z,iid_p,0.6,0.6,0.064,0.03117239539,0.936,0.9688276046,0.140608,0.1940936969,1.035072227,6,TRUE,,
M3_N64_dephase_z_iid_p_d0.70000_twirl,3,64,dephase_z,iid_p,0.7,0.7,0.027,0.002579714443,0.973,0.9974202856,0.195112,0.5369047147,1.02509793,6,TRUE,,
M3_N64_dephase_z_iid_p_d0.80000_twirl,3,64,dephase_z,iid_p,0.8,0.8,0.008,4.96E-05,0.992,0.9999504132,0.314432,0.879098003,1.008014529,6,TRUE,,
M3_N64_dephase_z_iid_p_d0.90000_twirl,3,64,dephase_z,iid_p,0.9,0.9,0.001,3.61E-07,0.999,0.999999639,0.551368,0.9780906722,1.00100064,6,TRUE,,
M3_N128_dephase_z_iid_p_d0.01000_twirl,3,128,dephase_z,iid_p,0.01,0.01,0.970299,0.9997461587,0.029701,0.000253841313,0.9417683576,0.9994924033,0.008546557793,7,TRUE,,
M3_N128_dephase_z_iid_p_d0.10000_twirl,3,128,dephase_z,iid_p,0.1,0.1,0.729,0.9943763308,0.271,0.00562366918,0.551368,0.9887947273,0.02075154679,7,TRUE,,
M3_N128_dephase_z_iid_p_d0.20000_twirl,3,128,dephase_z,iid_p,0.2,0.2,0.512,0.9652092346,0.488,0.0347907654,0.314432,0.9320112735,0.07129255205,7,TRUE,,
M3_N128_dephase_z_iid_p_d0.30000_twirl,3,128,dephase_z,iid_p,0.3,0.3,0.343,0.7992854443,0.657,0.2007145557,0.195112,0.6495090247,0.3055016069,7,TRUE,,
M3_N128_dephase_z_iid_p_d0.40000_twirl,3,128,dephase_z,iid_p,0.4,0.4,0.216,0.3839293308,0.784,0.6160706692,0.140608,0.2163190109,0.785804425,7,TRUE,,
M3_N128_dephase_z_iid_p_d0.50000_twirl,3,128,dephase_z,iid_p,0.5,0.5,0.125,0.125,0.875,0.875,0.125,0.125,1,7,TRUE,,
M3_N128_dephase_z_iid_p_d0.60000_twirl,3,128,dephase_z,iid_p,0.6,0.6,0.064,0.02512717234,0.936,0.9748728277,0.140608,0.2163190109,1.041530799,7,TRUE,,
M3_N128_dephase_z_iid_p_d0.70000_twirl,3,128,dephase_z,iid_p,0.7,0.7,0.027,0.00106933545,0.973,0.9989306646,0.195112,0.6495090247,1.026650221,7,TRUE,,
M3_N128_dephase_z_iid_p_d0.80000_twirl,3,128,dephase_z,iid_p,0.8,0.8,0.008,9.63E-06,0.992,0.999990374,0.314432,0.9320112735,1.008054812,7,TRUE,,
M3_N128_dephase_z_iid_p_d0.90000_twirl,3,128,dephase_z,iid_p,0.9,0.9,0.001,5.00E-08,0.999,0.99999995,0.551368,0.9887947273,1.001000951,7,TRUE,,
M3_N256_dephase_z_iid_p_d0.01000_twirl,3,256,dephase_z,iid_p,0.01,0.01,0.970299,0.9998730221,0.029701,0.0001269778992,0.9417683576,0.9997460657,0.004275206194,8,TRUE,,
M3_N256_dephase_z_iid_p_d0.10000_twirl,3,256,dephase_z,iid_p,0.1,0.1,0.729,0.9971603818,0.271,0.002839618155,0.551368,0.9943315016,0.01047829578,8,TRUE,,
M3_N256_dephase_z_iid_p_d0.20000_twirl,3,256,dephase_z,iid_p,0.2,0.2,0.512,0.9815843016,0.488,0.01841569844,0.314432,0.9636174428,0.03773708697,8,TRUE,,
M3_N256_dephase_z_iid_p_d0.30000_twirl,3,256,dephase_z,iid_p,0.3,0.3,0.343,0.8682208442,0.657,0.1317791558,0.195112,0.7587138376,0.2005771017,8,TRUE,,
M3_N256_dephase_z_iid_p_d0.40000_twirl,3,256,dephase_z,iid_p,0.4,0.4,0.216,0.43063204,0.784,0.56936796,0.140608,0.2470890824,0.7262346428,8,TRUE,,
M3_N256_dephase_z_iid_p_d0.50000_twirl,3,256,dephase_z,iid_p,0.5,0.5,0.125,0.125,0.875,0.875,0.125,0.125,1,8,TRUE,,
M3_N256_dephase_z_iid_p_d0.60000_twirl,3,256,dephase_z,iid_p,0.6,0.6,0.064,0.01930490788,0.936,0.9806950921,0.140608,0.2470890824,1.047751167,8,TRUE,,
M3_N256_dephase_z_iid_p_d0.70000_twirl,3,256,dephase_z,iid_p,0.7,0.7,0.027,0.0003552606577,0.973,0.9996447393,0.195112,0.7587138376,1.02738411,8,TRUE,,
M3_N256_dephase_z_iid_p_d0.80000_twirl,3,256,dephase_z,iid_p,0.8,0.8,0.008,1.59E-06,0.992,0.9999984134,0.314432,0.9636174428,1.008062917,8,TRUE,,
M3_N256_dephase_z_iid_p_d0.90000_twirl,3,256,dephase_z,iid_p,0.9,0.9,0.001,6.60E-09,0.999,0.9999999934,0.551368,0.9943315016,1.001000994,8,TRUE,,
M3_N512_dephase_z_iid_p_d0.01000_twirl,3,512,dephase_z,iid_p,0.01,0.01,0.970299,0.9999364967,0.029701,6.35E-05,0.9417683576,0.9998729988,0.002138085495,9,TRUE,,
M3_N512_dephase_z_iid_p_d0.10000_twirl,3,512,dephase_z,iid_p,0.1,0.1,0.729,0.9985730688,0.271,0.001426931249,0.551368,0.9971488506,0.005265428965,9,TRUE,,
M3_N512_dephase_z_iid_p_d0.20000_twirl,3,512,dephase_z,iid_p,0.2,0.2,0.512,0.990500534,0.488,0.009499466017,0.314432,0.9811209076,0.01946611889,9,TRUE,,
M3_N512_dephase_z_iid_p_d0.30000_twirl,3,512,dephase_z,iid_p,0.3,0.3,0.343,0.9203038994,0.657,0.07969610059,0.195112,0.8488568563,0.121303045,9,TRUE,,
M3_N512_dephase_z_iid_p_d0.40000_twirl,3,512,dephase_z,iid_p,0.4,0.4,0.216,0.4869091418,0.784,0.5130908582,0.140608,0.2898796735,0.6544526253,9,TRUE,,
M3_N512_dephase_z_iid_p_d0.50000_twirl,3,512,dephase_z,iid_p,0.5,0.5,0.125,0.125,0.875,0.875,0.125,0.125,1,9,TRUE,,
M3_N512_dephase_z_iid_p_d0.60000_twirl,3,512,dephase_z,iid_p,0.6,0.6,0.064,0.0139172971,0.936,0.9860827029,0.140608,0.2898796735,1.053507161,9,TRUE,,
M3_N512_dephase_z_iid_p_d0.70000_twirl,3,512,dephase_z,iid_p,0.7,0.7,0.027,9.34E-05,0.973,0.9999065888,0.195112,0.8488568563,1.027653226,9,TRUE,,
M3_N512_dephase_z_iid_p_d0.80000_twirl,3,512,dephase_z,iid_p,0.8,0.8,0.008,2.33E-07,0.992,0.9999997669,0.314432,0.9811209076,1.008064281,9,TRUE,,
M3_N512_dephase_z_iid_p_d0.90000_twirl,3,512,dephase_z,iid_p,0.9,0.9,0.001,8.49E-10,0.999,0.9999999992,0.551368,0.9971488506,1.001001,9,TRUE,,
M3_N1024_dephase_z_iid_p_d0.01000_twirl,3,1024,dephase_z,iid_p,0.01,0.01,0.970299,0.9999682448,0.029701,3.18E-05,0.9417683576,0.9999364909,0.001069163419,10,TRUE,,
M3_N1024_dephase_z_iid_p_d0.10000_twirl,3,1024,dephase_z,iid_p,0.1,0.1,0.729,0.9992847303,0.271,0.0007152696616,0.551368,0.9985701426,0.002639371445,10,TRUE,,
M3_N1024_dephase_z_iid_p_d0.20000_twirl,3,1024,dephase_z,iid_p,0.2,0.2,0.512,0.9951715701,0.488,0.004828429875,0.314432,0.9903741605,0.009894323515,10,TRUE,,
M3_N1024_dephase_z_iid_p_d0.30000_twirl,3,1024,dephase_z,iid_p,0.3,0.3,0.343,0.9549831815,0.657,0.04501681851,0.195112,0.9126244365,0.06851874963,10,TRUE,,
M3_N1024_dephase_z_iid_p_d0.40000_twirl,3,1024,dephase_z,iid_p,0.4,0.4,0.216,0.553548967,0.784,0.446451033,0.140608,0.3488791335,0.5694528482,10,TRUE,,
M3_N1024_dephase_z_iid_p_d0.50000_twirl,3,1024,dephase_z,iid_p,0.5,0.5,0.125,0.125,0.875,0.875,0.125,0.125,1,10,TRUE,,
M3_N1024_dephase_z_iid_p_d0.60000_twirl,3,1024,dephase_z,iid_p,0.6,0.6,0.064,0.009215038393,0.936,0.9907849616,0.140608,0.3488791335,1.058530942,10,TRUE,,
M3_N1024_dephase_z_iid_p_d0.70000_twirl,3,1024,dephase_z,iid_p,0.7,0.7,0.027,1.97E-05,0.973,0.9999802953,0.195112,0.9126244365,1.027728978,10,TRUE,,
M3_N1024_dephase_z_iid_p_d0.80000_twirl,3,1024,dephase_z,iid_p,0.8,0.8,0.008,3.19E-08,0.992,0.9999999681,0.314432,0.9903741605,1.008064484,10,TRUE,,
M3_N1024_dephase_z_iid_p_d0.90000_twirl,3,1024,dephase_z,iid_p,0.9,0.9,0.001,1.08E-10,0.999,0.9999999999,0.551368,0.9985701426,1.001001001,10,TRUE,,
M4_N2_dephase_z_iid_p_d0.01000_twirl,4,2,dephase_z,iid_p,0.01,0.01,0.96059601,0.9793145452,0.03940399,0.02068545483,0.9231213441,0.9591608054,0.5249583819,1,TRUE,,
M4_N2_dephase_z_iid_p_d0.10000_twirl,4,2,dephase_z,iid_p,0.1,0.1,0.6561,0.748261778,0.3439,0.251738222,0.45212176,0.5716914843,0.7320099506,1,TRUE,,
M4_N2_dephase_z_iid_p_d0.20000_twirl,4,2,dephase_z,iid_p,0.2,0.2,0.4096,0.4756678323,0.5904,0.5243321677,0.21381376,0.2637781857,0.8880964901,1,TRUE,,
M4_N2_dephase_z_iid_p_d0.30000_twirl,4,2,dephase_z,iid_p,0.3,0.3,0.2401,0.2674787841,0.7599,0.7325212159,0.11316496,0.1246377401,0.9639705434,1,TRUE,,
M4_N2_dephase_z_iid_p_d0.40000_twirl,4,2,dephase_z,iid_p,0.4,0.4,0.1296,0.1364215408,0.8704,0.8635784592,0.07311616,0.07467096769,0.9921627518,1,TRUE,,
M4_N2_dephase_z_iid_p_d0.50000_twirl,4,2,dephase_z,iid_p,0.5,0.5,0.0625,0.0625,0.9375,0.9375,0.0625,0.0625,1,1,TRUE,,
M4_N2_dephase_z_iid_p_d0.60000_twirl,4,2,dephase_z,iid_p,0.6,0.6,0.0256,0.02446646596,0.9744,0.975533534,0.07311616,0.07467096769,1.001163315,1,TRUE,,
M4_N2_dephase_z_iid_p_d0.70000_twirl,4,2,dephase_z,iid_p,0.7,0.7,0.0081,0.007335489612,0.9919,0.9926645104,0.11316496,0.1246377401,1.000770753,1,TRUE,,
M4_N2_dephase_z_iid_p_d0.80000_twirl,4,2,dephase_z,iid_p,0.8,0.8,0.0016,0.001320268441,0.9984,0.9986797316,0.21381376,0.2637781857,1.00028018,1,TRUE,,
M4_N2_dephase_z_iid_p_d0.90000_twirl,4,2,dephase_z,iid_p,0.9,0.9,0.0001,6.89E-05,0.9999,0.9999311284,0.45212176,0.5716914843,1.000031131,1,TRUE,,
M4_N4_dephase_z_iid_p_d0.01000_twirl,4,4,dephase_z,iid_p,0.01,0.01,0.96059601,0.9893516126,0.03940399,0.01064838743,0.9231213441,0.9788443257,0.2702362738,2,TRUE,,
M4_N4_dephase_z_iid_p_d0.10000_twirl,4,4,dephase_z,iid_p,0.1,0.1,0.6561,0.8295113405,0.3439,0.1704886595,0.45212176,0.693763678,0.4957506817,2,TRUE,,
M4_N4_dephase_z_iid_p_d0.20000_twirl,4,4,dephase_z,iid_p,0.2,0.2,0.4096,0.5502046885,0.5904,0.4497953115,0.21381376,0.3318894448,0.7618484274,2,TRUE,,
M4_N4_dephase_z_iid_p_d0.30000_twirl,4,4,dephase_z,iid_p,0.3,0.3,0.2401,0.2983938983,0.7599,0.7016061017,0.11316496,0.1396327387,0.9232874084,2,TRUE,,
M4_N4_dephase_z_iid_p_d0.40000_twirl,4,4,dephase_z,iid_p,0.4,0.4,0.1296,0.1436287066,0.8704,0.8563712934,0.07311616,0.07648367692,0.9838824602,2,TRUE,,
M4_N4_dephase_z_iid_p_d0.50000_twirl,4,4,dephase_z,iid_p,0.5,0.5,0.0625,0.0625,0.9375,0.9375,0.0625,0.0625,1,2,TRUE,,
M4_N4_dephase_z_iid_p_d0.60000_twirl,4,4,dephase_z,iid_p,0.6,0.6,0.0256,0.02313332346,0.9744,0.9768666765,0.07311616,0.07648367692,1.002531482,2,TRUE,,
M4_N4_dephase_z_iid_p_d0.70000_twirl,4,4,dephase_z,iid_p,0.7,0.7,0.0081,0.006296785318,0.9919,0.9937032147,0.11316496,0.1396327387,1.00181794,2,TRUE,,
M4_N4_dephase_z_iid_p_d0.80000_twirl,4,4,dephase_z,iid_p,0.8,0.8,0.0016,0.0009196865576,0.9984,0.9990803134,0.21381376,0.3318894448,1.000681404,2,TRUE,,
M4_N4_dephase_z_iid_p_d0.90000_twirl,4,4,dephase_z,iid_p,0.9,0.9,0.0001,3.19E-05,0.9999,0.9999681336,0.45212176,0.693763678,1.00006814,2,TRUE,,
M4_N8_dephase_z_iid_p_d0.01000_twirl,4,8,dephase_z,iid_p,0.01,0.01,0.96059601,0.994582135,0.03940399,0.005417864968,0.9231213441,0.9892008586,0.1374953391,3,TRUE,,
M4_N8_dephase_z_iid_p_d0.10000_twirl,4,8,dephase_z,iid_p,0.1,0.1,0.6561,0.8931790989,0.3439,0.1068209011,0.45212176,0.8001416126,0.3106161707,3,TRUE,,
M4_N8_dephase_z_iid_p_d0.20000_twirl,4,8,dephase_z,iid_p,0.2,0.2,0.4096,0.632155586,0.5904,0.367844414,0.21381376,0.4206257912,0.6230427066,3,TRUE,,
M4_N8_dephase_z_iid_p_d0.30000_twirl,4,8,dephase_z,iid_p,0.3,0.3,0.2401,0.3341191814,0.7599,0.6658808186,0.11316496,0.1594380412,0.8762742711,3,TRUE,,
M4_N8_dephase_z_iid_p_d0.40000_twirl,4,8,dephase_z,iid_p,0.4,0.4,0.1296,0.1513696742,0.8704,0.8486303258,0.07311616,0.07860276336,0.9749888854,3,TRUE,,
M4_N8_dephase_z_iid_p_d0.50000_twirl,4,8,dephase_z,iid_p,0.5,0.5,0.0625,0.0625,0.9375,0.9375,0.0625,0.0625,1,3,TRUE,,
M4_N8_dephase_z_iid_p_d0.60000_twirl,4,8,dephase_z,iid_p,0.6,0.6,0.0256,0.02163948364,0.9744,0.9783605164,0.07311616,0.07860276336,1.004064569,3,TRUE,,
M4_N8_dephase_z_iid_p_d0.70000_twirl,4,8,dephase_z,iid_p,0.7,0.7,0.0081,0.005083416501,0.9919,0.9949165835,0.11316496,0.1594380412,1.003041217,3,TRUE,,
M4_N8_dephase_z_iid_p_d0.80000_twirl,4,8,dephase_z,iid_p,0.8,0.8,0.0016,0.0005151909572,0.9984,0.999484809,0.21381376,0.4206257912,1.001086548,3,TRUE,,
M4_N8_dephase_z_iid_p_d0.90000_twirl,4,8,dephase_z,iid_p,0.9,0.9,0.0001,9.12E-06,0.9999,0.999990883,0.45212176,0.8001416126,1.000090892,3,TRUE,,
M4_N16_dephase_z_iid_p_d0.01000_twirl,4,16,dephase_z,iid_p,0.01,0.01,0.96059601,0.9972634247,0.03940399,0.002736575252,0.9231213441,0.9945361969,0.06944919162,4,TRUE,,
M4_N16_dephase_z_iid_p_d0.10000_twirl,4,16,dephase_z,iid_p,0.1,0.1,0.6561,0.9375828271,0.3439,0.0624171729,0.45212176,0.8799231037,0.1814980311,4,TRUE,,
M4_N16_dephase_z_iid_p_d0.20000_twirl,4,16,dephase_z,iid_p,0.2,0.2,0.4096,0.717599371,0.5904,0.282400629,0.21381376,0.5284434851,0.4783208485,4,TRUE,,
M4_N16_dephase_z_iid_p_d0.30000_twirl,4,16,dephase_z,iid_p,0.3,0.3,0.2401,0.3763424853,0.7599,0.6236575147,0.11316496,0.1860315701,0.8207099812,4,TRUE,,
M4_N16_dephase_z_iid_p_d0.40000_twirl,4,16,dephase_z,iid_p,0.4,0.4,0.1296,0.1598566376,0.8704,0.8401433624,0.07311616,0.08109549919,0.9652382381,4,TRUE,,
M4_N16_dephase_z_iid_p_d0.50000_twirl,4,16,dephase_z,iid_p,0.5,0.5,0.0625,0.0625,0.9375,0.9375,0.0625,0.0625,1,4,TRUE,,
M4_N16_dephase_z_iid_p_d0.60000_twirl,4,16,dephase_z,iid_p,0.6,0.6,0.0256,0.02003685879,0.9744,0.9799631412,0.07311616,0.08109549919,1.005709299,4,TRUE,,
M4_N16_dephase_z_iid_p_d0.70000_twirl,4,16,dephase_z,iid_p,0.7,0.7,0.0081,0.003835538239,0.9919,0.9961644618,0.11316496,0.1860315701,1.004299286,4,TRUE,,
M4_N16_dephase_z_iid_p_d0.80000_twirl,4,16,dephase_z,iid_p,0.8,0.8,0.0016,0.0002225747989,0.9984,0.9997774252,0.21381376,0.5284434851,1.001379633,4,TRUE,,
M4_N16_dephase_z_iid_p_d0.90000_twirl,4,16,dephase_z,iid_p,0.9,0.9,0.0001,1.56E-06,0.9999,0.9999984384,0.45212176,0.8799231037,1.000098448,4,TRUE,,
M4_N32_dephase_z_iid_p_d0.01000_twirl,4,32,dephase_z,iid_p,0.01,0.01,0.96059601,0.998624565,0.03940399,0.001375435044,0.9231213441,0.9972514929,0.034905984,5,TRUE,,
M4_N32_dephase_z_iid_p_d0.10000_twirl,4,32,dephase_z,iid_p,0.1,0.1,0.6561,0.9655669007,0.3439,0.03443309926,0.45212176,0.9325942766,0.100125325,5,TRUE,,
M4_N32_dephase_z_iid_p_d0.20000_twirl,4,32,dephase_z,iid_p,0.2,0.2,0.4096,0.7994498383,0.5904,0.2005501617,0.21381376,0.646554455,0.3396852333,5,TRUE,,
M4_N32_dephase_z_iid_p_d0.30000_twirl,4,32,dephase_z,iid_p,0.3,0.3,0.2401,0.4271060755,0.7599,0.5728939245,0.11316496,0.2224248651,0.7539069937,5,TRUE,,
M4_N32_dephase_z_iid_p_d0.40000_twirl,4,32,dephase_z,iid_p,0.4,0.4,0.1296,0.1693815658,0.8704,0.8306184342,0.07311616,0.08405971634,0.9542950761,5,TRUE,,
M4_N32_dephase_z_iid_p_d0.50000_twirl,4,32,dephase_z,iid_p,0.5,0.5,0.0625,0.0625,0.9375,0.9375,0.0625,0.0625,1,5,TRUE,,
M4_N32_dephase_z_iid_p_d0.60000_twirl,4,32,dephase_z,iid_p,0.6,0.6,0.0256,0.01839110191,0.9744,0.9816088981,0.07311616,0.08405971634,1.007398294,5,TRUE,,
M4_N32_dephase_z_iid_p_d0.70000_twirl,4,32,dephase_z,iid_p,0.7,0.7,0.0081,0.002703227401,0.9919,0.9972967726,0.11316496,0.2224248651,1.005440843,5,TRUE,,
M4_N32_dephase_z_iid_p_d0.80000_twirl,4,32,dephase_z,iid_p,0.8,0.8,0.0016,7.46E-05,0.9984,0.9999254335,0.21381376,0.646554455,1.001527878,5,TRUE,,
M4_N32_dephase_z_iid_p_d0.90000_twirl,4,32,dephase_z,iid_p,0.9,0.9,0.0001,1.97E-07,0.9999,0.9999998034,0.45212176,0.9325942766,1.000099813,5,TRUE,,
M4_N64_dephase_z_iid_p_d0.01000_twirl,4,64,dephase_z,iid_p,0.01,0.01,0.96059601,0.9993104639,0.03940399,0.0006895361177,0.9231213441,0.9986215219,0.01749914457,6,TRUE,,
M4_N64_dephase_z_iid_p_d0.10000_twirl,4,64,dephase_z,iid_p,0.1,0.1,0.6561,0.9817561343,0.3439,0.01824386569,0.45212176,0.9639247731,0.05304991476,6,TRUE,,
M4_N64_dephase_z_iid_p_d0.20000_twirl,4,64,dephase_z,iid_p,0.2,0.2,0.4096,0.8690959803,0.5904,0.1309040197,0.21381376,0.7587693777,0.2217209006,6,TRUE,,
M4_N64_dephase_z_iid_p_d0.30000_twirl,4,64,dephase_z,iid_p,0.3,0.3,0.2401,0.4880118378,0.7599,0.5119881622,0.11316496,0.2725532373,0.6737572867,6,TRUE,,
M4_N64_dephase_z_iid_p_d0.40000_twirl,4,64,dephase_z,iid_p,0.4,0.4,0.1296,0.1802113872,0.8704,0.8197886128,0.07311616,0.08762023839,0.9418527261,6,TRUE,,
M4_N64_dephase_z_iid_p_d0.50000_twirl,4,64,dephase_z,iid_p,0.5,0.5,0.0625,0.0625,0.9375,0.9375,0.0625,0.0625,1,6,TRUE,,
M4_N64_dephase_z_iid_p_d0.60000_twirl,4,64,dephase_z,iid_p,0.6,0.6,0.0256,0.01672670207,0.9744,0.9832732979,0.07311616,0.08762023839,1.009106422,6,TRUE,,
M4_N64_dephase_z_iid_p_d0.70000_twirl,4,64,dephase_z,iid_p,0.7,0.7,0.0081,0.001751080347,0.9919,0.9982489197,0.11316496,0.2725532373,1.006400766,6,TRUE,,
M4_N64_dephase_z_iid_p_d0.80000_twirl,4,64,dephase_z,iid_p,0.8,0.8,0.0016,1.88E-05,0.9984,0.9999811663,0.21381376,0.7587693777,1.0015837,6,TRUE,,
M4_N64_dephase_z_iid_p_d0.90000_twirl,4,64,dephase_z,iid_p,0.9,0.9,0.0001,1.94E-08,0.9999,0.9999999806,0.45212176,0.9639247731,1.000099991,6,TRUE,,
M4_N128_dephase_z_iid_p_d0.01000_twirl,4,128,dephase_z,iid_p,0.01,0.01,0.96059601,0.9996547732,0.03940399,0.0003452268421,0.9231213441,0.9993096953,0.00876121535,7,TRUE,,
M4_N128_dephase_z_iid_p_d0.10000_twirl,4,128,dephase_z,iid_p,0.1,0.1,0.6561,0.9905782872,0.3439,0.009421712811,0.45212176,0.9812670127,0.02739666418,7,TRUE,,
M4_N128_dephase_z_iid_p_d0.20000_twirl,4,128,dephase_z,iid_p,0.2,0.2,0.4096,0.9211061604,0.5904,0.07889383956,0.21381376,0.8497783071,0.133627777,7,TRUE,,
M4_N128_dephase_z_iid_p_d0.30000_twirl,4,128,dephase_z,iid_p,0.3,0.3,0.2401,0.5596139517,0.7599,0.4403860483,0.11316496,0.3407766463,0.5795315809,7,TRUE,,
M4_N128_dephase_z_iid_p_d0.40000_twirl,4,128,dephase_z,iid_p,0.4,0.4,0.1296,0.1926127704,0.8704,0.8073872296,0.07311616,0.09193862432,0.9276048134,7,TRUE,,
M4_N128_dephase_z_iid_p_d0.50000_twirl,4,128,dephase_z,iid_p,0.5,0.5,0.0625,0.0625,0.9375,0.9375,0.0625,0.0625,1,7,TRUE,,
M4_N128_dephase_z_iid_p_d0.60000_twirl,4,128,dephase_z,iid_p,0.6,0.6,0.0256,0.01505165851,0.9744,0.9849483415,0.07311616,0.09193862432,1.010825474,7,TRUE,,
M4_N128_dephase_z_iid_p_d0.70000_twirl,4,128,dephase_z,iid_p,0.7,0.7,0.0081,0.001013800104,0.9919,0.9989861999,0.11316496,0.3407766463,1.007144067,7,TRUE,,
M4_N128_dephase_z_iid_p_d0.80000_twirl,4,128,dephase_z,iid_p,0.8,0.8,0.0016,3.52E-06,0.9984,0.9999964819,0.21381376,0.8497783071,1.00159904,7,TRUE,,
M4_N128_dephase_z_iid_p_d0.90000_twirl,4,128,dephase_z,iid_p,0.9,0.9,0.0001,1.61E-09,0.9999,0.9999999984,0.45212176,0.9812670127,1.000100008,7,TRUE,,
M4_N256_dephase_z_iid_p_d0.01000_twirl,4,256,dephase_z,iid_p,0.01,0.01,0.96059601,0.9998272714,0.03940399,0.0001727286465,0.9231213441,0.99965458,0.004383531883,8,TRUE,,
M4_N256_dephase_z_iid_p_d0.10000_twirl,4,256,dephase_z,iid_p,0.1,0.1,0.6561,0.9952068649,0.3439,0.004793135126,0.45212176,0.9904423755,0.01393758397,8,TRUE,,
M4_N256_dephase_z_iid_p_d0.20000_twirl,4,256,dephase_z,iid_p,0.2,0.2,0.4096,0.9554813277,0.5904,0.04451867229,0.21381376,0.9133957692,0.07540425523,8,TRUE,,
M4_N256_dephase_z_iid_p_d0.30000_twirl,4,256,dephase_z,iid_p,0.3,0.3,0.2401,0.6403650755,0.7599,0.3596349245,0.11316496,0.4301663279,0.4732661199,8,TRUE,,
M4_N256_dephase_z_iid_p_d0.40000_twirl,4,256,dephase_z,iid_p,0.4,0.4,0.1296,0.2069210686,0.8704,0.7930789314,0.07311616,0.09723486643,0.9111660517,8,TRUE,,
M4_N256_dephase_z_iid_p_d0.50000_twirl,4,256,dephase_z,iid_p,0.5,0.5,0.0625,0.0625,0.9375,0.9375,0.0625,0.0625,1,8,TRUE,,
M4_N256_dephase_z_iid_p_d0.60000_twirl,4,256,dephase_z,iid_p,0.6,0.6,0.0256,0.01337570476,0.9744,0.9866242952,0.07311616,0.09723486643,1.012545459,8,TRUE,,
M4_N256_dephase_z_iid_p_d0.70000_twirl,4,256,dephase_z,iid_p,0.7,0.7,0.0081,0.0005057631633,0.9919,0.9994942368,0.11316496,0.4301663279,1.007656252,8,TRUE,,
M4_N256_dephase_z_iid_p_d0.80000_twirl,4,256,dephase_z,iid_p,0.8,0.8,0.0016,4.91E-07,0.9984,0.9999995094,0.21381376,0.9133957692,1.001602073,8,TRUE,,
M4_N256_dephase_z_iid_p_d0.90000_twirl,4,256,dephase_z,iid_p,0.9,0.9,0.0001,1.18E-10,0.9999,0.9999999999,0.45212176,0.9904423755,1.00010001,8,TRUE,,
M4_N512_dephase_z_iid_p_d0.01000_twirl,4,512,dephase_z,iid_p,0.01,0.01,0.96059601,0.9999136068,0.03940399,8.64E-05,0.9231213441,0.9998272229,0.002192498704,9,TRUE,,
M4_N512_dephase_z_iid_p_d0.10000_twirl,4,512,dephase_z,iid_p,0.1,0.1,0.6561,0.9975817214,0.3439,0.002418278625,0.45212176,0.9951707434,0.007031923889,9,TRUE,,
M4_N512_dephase_z_iid_p_d0.20000_twirl,4,512,dephase_z,iid_p,0.2,0.2,0.4096,0.9760543717,0.5904,0.02394562829,0.21381376,0.9528177563,0.04055831349,9,TRUE,,
M4_N512_dephase_z_iid_p_d0.30000_twirl,4,512,dephase_z,iid_p,0.3,0.3,0.2401,0.7253390609,0.7599,0.2746609391,0.11316496,0.5389560108,0.3614435309,9,TRUE,,
M4_N512_dephase_z_iid_p_d0.40000_twirl,4,512,dephase_z,iid_p,0.4,0.4,0.1296,0.2235612789,0.8704,0.7764387211,0.07311616,0.1038135458,0.892048163,9,TRUE,,
M4_N512_dephase_z_iid_p_d0.50000_twirl,4,512,dephase_z,iid_p,0.5,0.5,0.0625,0.0625,0.9375,0.9375,0.0625,0.0625,1,9,TRUE,,
M4_N512_dephase_z_iid_p_d0.60000_twirl,4,512,dephase_z,iid_p,0.6,0.6,0.0256,0.01171070944,0.9744,0.9882892906,0.07311616,0.1038135458,1.014254198,9,TRUE,,
M4_N512_dephase_z_iid_p_d0.70000_twirl,4,512,dephase_z,iid_p,0.7,0.7,0.0081,0.0002080049429,0.9919,0.9997919951,0.11316496,0.5389560108,1.007956442,9,TRUE,,
M4_N512_dephase_z_iid_p_d0.80000_twirl,4,512,dephase_z,iid_p,0.8,0.8,0.0016,5.30E-08,0.9984,0.999999947,0.21381376,0.9528177563,1.001602511,9,TRUE,,
M4_N512_dephase_z_iid_p_d0.90000_twirl,4,512,dephase_z,iid_p,0.9,0.9,0.0001,8.06E-12,0.9999,1,0.45212176,0.9951707434,1.00010001,9,TRUE,,
M4_N1024_dephase_z_iid_p_d0.01000_twirl,4,1024,dephase_z,iid_p,0.01,0.01,0.96059601,0.9999567962,0.03940399,4.32E-05,0.9231213441,0.9999135947,0.001096432759,10,TRUE,,
M4_N1024_dephase_z_iid_p_d0.10000_twirl,4,1024,dephase_z,iid_p,0.1,0.1,0.6561,0.9987852661,0.3439,0.001214733923,0.45212176,0.9975723754,0.003532230077,10,TRUE,,
M4_N1024_dephase_z_iid_p_d0.20000_twirl,4,1024,dephase_z,iid_p,0.2,0.2,0.4096,0.987518285,0.5904,0.01248171497,0.21381376,0.9752301259,0.02114111613,10,TRUE,,
M4_N1024_dephase_z_iid_p_d0.30000_twirl,4,1024,dephase_z,iid_p,0.3,0.3,0.2401,0.8062897734,0.7599,0.1937102266,0.11316496,0.6570897756,0.2549154186,10,TRUE,,
M4_N1024_dephase_z_iid_p_d0.40000_twirl,4,1024,dephase_z,iid_p,0.4,0.4,0.1296,0.2430751497,0.8704,0.7569248503,0.07311616,0.1121035094,0.8696287342,10,TRUE,,
M4_N1024_dephase_z_iid_p_d0.50000_twirl,4,1024,dephase_z,iid_p,0.5,0.5,0.0625,0.0625,0.9375,0.9375,0.0625,0.0625,1,10,TRUE,,
M4_N1024_dephase_z_iid_p_d0.60000_twirl,4,1024,dephase_z,iid_p,0.6,0.6,0.0256,0.01007056473,0.9744,0.9899294353,0.07311616,0.1121035094,1.015937434,10,TRUE,,
M4_N1024_dephase_z_iid_p_d0.70000_twirl,4,1024,dephase_z,iid_p,0.7,0.7,0.0081,6.73E-05,0.9919,0.9999326998,0.11316496,0.6570897756,1.008098296,10,TRUE,,
M4_N1024_dephase_z_iid_p_d0.80000_twirl,4,1024,dephase_z,iid_p,0.8,0.8,0.0016,4.68E-09,0.9984,0.9999999953,0.21381376,0.9752301259,1.001602559,10,TRUE,,
M4_N1024_dephase_z_iid_p_d0.90000_twirl,4,1024,dephase_z,iid_p,0.9,0.9,0.0001,5.28E-13,0.9999,1,0.45212176,0.9975723754,1.00010001,10,TRUE,,
M5_N2_dephase_z_iid_p_d0.01000_twirl,5,2,dephase_z,iid_p,0.01,0.01,0.9509900499,0.9740286194,0.0490099501,0.0259713806,0.9048435415,0.9488613868,0.5299205682,1,TRUE,,
M5_N2_dephase_z_iid_p_d0.10000_twirl,5,2,dephase_z,iid_p,0.1,0.1,0.59049,0.6851544038,0.40951,0.3148455962,0.3707398432,0.4827346401,0.7688349397,1,TRUE,,
M5_N2_dephase_z_iid_p_d0.20000_twirl,5,2,dephase_z,iid_p,0.2,0.2,0.32768,0.3798294968,0.67232,0.6201705032,0.1453933568,0.1777465609,0.9224335185,1,TRUE,,
M5_N2_dephase_z_iid_p_d0.30000_twirl,5,2,dephase_z,iid_p,0.3,0.3,0.16807,0.1842257435,0.83193,0.8157742565,0.0656356768,0.07084170193,0.9805804052,1,TRUE,,
M5_N2_dephase_z_iid_p_d0.40000_twirl,5,2,dephase_z,iid_p,0.4,0.4,0.07776,0.08073696561,0.92224,0.9192630344,0.0380204032,0.03856431341,0.9967720272,1,TRUE,,
M5_N2_dephase_z_iid_p_d0.50000_twirl,5,2,dephase_z,iid_p,0.5,0.5,0.03125,0.03125,0.96875,0.96875,0.03125,0.03125,1,1,TRUE,,
M5_N2_dephase_z_iid_p_d0.60000_twirl,5,2,dephase_z,iid_p,0.6,0.6,0.01024,0.00996594823,0.98976,0.9900340518,0.0380204032,0.03856431341,1.000276887,1,TRUE,,
M5_N2_dephase_z_iid_p_d0.70000_twirl,5,2,dephase_z,iid_p,0.7,0.7,0.00243,0.002285870259,0.99757,0.9977141297,0.0656356768,0.07084170193,1.000144481,1,TRUE,,
M5_N2_dephase_z_iid_p_d0.80000_twirl,5,2,dephase_z,iid_p,0.8,0.8,0.00032,0.0002794694051,0.99968,0.9997205306,0.1453933568,0.1777465609,1.000040544,1,TRUE,,
M5_N2_dephase_z_iid_p_d0.90000_twirl,5,2,dephase_z,iid_p,0.9,0.9,1.00E-05,7.30E-06,0.99999,0.9999927046,0.3707398432,0.4827346401,1.000002705,1,TRUE,,
M5_N4_dephase_z_iid_p_d0.01000_twirl,5,4,dephase_z,iid_p,0.01,0.01,0.9509900499,0.9865576532,0.0490099501,0.01344234677,0.9048435415,0.9733309995,0.2742779118,2,TRUE,,
M5_N4_dephase_z_iid_p_d0.10000_twirl,5,4,dephase_z,iid_p,0.1,0.1,0.59049,0.7752315188,0.40951,0.2247684812,0.3707398432,0.6081087166,0.5488717766,2,TRUE,,
M5_N4_dephase_z_iid_p_d0.20000_twirl,5,4,dephase_z,iid_p,0.2,0.2,0.32768,0.4400197569,0.67232,0.5599802431,0.1453933568,0.2224029195,0.8329073107,2,TRUE,,
M5_N4_dephase_z_iid_p_d0.30000_twirl,5,4,dephase_z,iid_p,0.3,0.3,0.16807,0.2016268552,0.83193,0.7983731448,0.0656356768,0.07716675917,0.9596638476,2,TRUE,,
M5_N4_dephase_z_iid_p_d0.40000_twirl,5,4,dephase_z,iid_p,0.4,0.4,0.07776,0.08370142917,0.92224,0.9162985708,0.0380204032,0.0391548534,0.9935576106,2,TRUE,,
M5_N4_dephase_z_iid_p_d0.50000_twirl,5,4,dephase_z,iid_p,0.5,0.5,0.03125,0.03125,0.96875,0.96875,0.03125,0.03125,1,2,TRUE,,
M5_N4_dephase_z_iid_p_d0.60000_twirl,5,4,dephase_z,iid_p,0.6,0.6,0.01024,0.009639344692,0.98976,0.9903606553,0.0380204032,0.0391548534,1.00060687,2,TRUE,,
M5_N4_dephase_z_iid_p_d0.70000_twirl,5,4,dephase_z,iid_p,0.7,0.7,0.00243,0.002080740933,0.99757,0.9979192591,0.0656356768,0.07716675917,1.00035011,2,TRUE,,
M5_N4_dephase_z_iid_p_d0.80000_twirl,5,4,dephase_z,iid_p,0.8,0.8,0.00032,0.0002162617803,0.99968,0.9997837382,0.1453933568,0.2224029195,1.000103771,2,TRUE,,
M5_N4_dephase_z_iid_p_d0.90000_twirl,5,4,dephase_z,iid_p,0.9,0.9,1.00E-05,3.75E-06,0.99999,0.9999962479,0.3707398432,0.6081087166,1.000006248,2,TRUE,,
M5_N8_dephase_z_iid_p_d0.01000_twirl,5,8,dephase_z,iid_p,0.01,0.01,0.9509900499,0.9931375798,0.0490099501,0.006862420231,0.9048435415,0.9863314621,0.1400209594,3,TRUE,,
M5_N8_dephase_z_iid_p_d0.10000_twirl,5,8,dephase_z,iid_p,0.1,0.1,0.59049,0.8518276679,0.40951,0.1481723321,0.3707398432,0.7289300625,0.3618283609,3,TRUE,,
M5_N8_dephase_z_iid_p_d0.20000_twirl,5,8,dephase_z,iid_p,0.2,0.2,0.32768,0.5095031836,0.67232,0.4904968164,0.1453933568,0.2833303203,0.7295585679,3,TRUE,,
M5_N8_dephase_z_iid_p_d0.30000_twirl,5,8,dephase_z,iid_p,0.3,0.3,0.16807,0.2208008173,0.83193,0.7791991827,0.0656356768,0.0849226587,0.9366162811,3,TRUE,,
M5_N8_dephase_z_iid_p_d0.40000_twirl,5,8,dephase_z,iid_p,0.4,0.4,0.07776,0.08669440043,0.92224,0.9133055996,0.0380204032,0.03979658423,0.9903122827,3,TRUE,,
M5_N8_dephase_z_iid_p_d0.50000_twirl,5,8,dephase_z,iid_p,0.5,0.5,0.03125,0.03125,0.96875,0.96875,0.03125,0.03125,1,3,TRUE,,
M5_N8_dephase_z_iid_p_d0.60000_twirl,5,8,dephase_z,iid_p,0.6,0.6,0.01024,0.0092681864,0.98976,0.9907318136,0.0380204032,0.03979658423,1.000981868,3,TRUE,,
M5_N8_dephase_z_iid_p_d0.70000_twirl,5,8,dephase_z,iid_p,0.7,0.7,0.00243,0.001825606873,0.99757,0.9981743931,0.0656356768,0.0849226587,1.000605865,3,TRUE,,
M5_N8_dephase_z_iid_p_d0.80000_twirl,5,8,dephase_z,iid_p,0.8,0.8,0.00032,0.0001428620941,0.99968,0.9998571379,0.1453933568,0.2833303203,1.000177195,3,TRUE,,
M5_N8_dephase_z_iid_p_d0.90000_twirl,5,8,dephase_z,iid_p,0.9,0.9,1.00E-05,1.24E-06,0.99999,0.9999987565,0.3707398432,0.7289300625,1.000008757,3,TRUE,,
M5_N16_dephase_z_iid_p_d0.01000_twirl,5,16,dephase_z,iid_p,0.01,0.01,0.9509900499,0.9965252559,0.0490099501,0.003474744127,0.9048435415,0.9930649678,0.07089874852,4,TRUE,,
M5_N16_dephase_z_iid_p_d0.10000_twirl,5,16,dephase_z,iid_p,0.1,0.1,0.59049,0.9094535671,0.40951,0.0905464329,0.3707398432,0.8284415104,0.2211092108,4,TRUE,,
M5_N16_dephase_z_iid_p_d0.20000_twirl,5,16,dephase_z,iid_p,0.2,0.2,0.32768,0.5882668156,0.67232,0.4117331844,0.1453933568,0.3643218819,0.6124065689,4,TRUE,,
M5_N16_dephase_z_iid_p_d0.30000_twirl,5,16,dephase_z,iid_p,0.3,0.3,0.16807,0.242474349,0.83193,0.757525651,0.0656356768,0.09457921815,0.9105641713,4,TRUE,,
M5_N16_dephase_z_iid_p_d0.40000_twirl,5,16,dephase_z,iid_p,0.4,0.4,0.07776,0.08976971371,0.92224,0.9102302863,0.0380204032,0.04049589441,0.9869776699,4,TRUE,,
M5_N16_dephase_z_iid_p_d0.50000_twirl,5,16,dephase_z,iid_p,0.5,0.5,0.03125,0.03125,0.96875,0.96875,0.03125,0.03125,1,4,TRUE,,
M5_N16_dephase_z_iid_p_d0.60000_twirl,5,16,dephase_z,iid_p,0.6,0.6,0.01024,0.008862865995,0.98976,0.991137134,0.0380204032,0.04049589441,1.001391382,4,TRUE,,
M5_N16_dephase_z_iid_p_d0.70000_twirl,5,16,dephase_z,iid_p,0.7,0.7,0.00243,0.001538713352,0.99757,0.9984612866,0.0656356768,0.09457921815,1.000893458,4,TRUE,,
M5_N16_dephase_z_iid_p_d0.80000_twirl,5,16,dephase_z,iid_p,0.8,0.8,0.00032,7.70E-05,0.99968,0.9999229734,0.1453933568,0.3643218819,1.000243051,4,TRUE,,
M5_N16_dephase_z_iid_p_d0.90000_twirl,5,16,dephase_z,iid_p,0.9,0.9,1.00E-05,2.46E-07,0.99999,0.9999997542,0.3707398432,0.8284415104,1.000009754,4,TRUE,,
M5_N32_dephase_z_iid_p_d0.01000_twirl,5,32,dephase_z,iid_p,0.01,0.01,0.9509900499,0.9982496727,0.0490099501,0.001750327336,0.9048435415,0.9965030174,0.0357137139,5,TRUE,,
M5_N32_dephase_z_iid_p_d0.10000_twirl,5,32,dephase_z,iid_p,0.1,0.1,0.59049,0.9481178766,0.40951,0.05188212338,0.3707398432,0.8993965321,0.1266931781,5,TRUE,,
M5_N32_dephase_z_iid_p_d0.20000_twirl,5,32,dephase_z,iid_p,0.2,0.2,0.32768,0.6736670092,0.67232,0.3263329908,0.1453933568,0.4664905552,0.4853834347,5,TRUE,,
M5_N32_dephase_z_iid_p_d0.30000_twirl,5,32,dephase_z,iid_p,0.3,0.3,0.16807,0.2676233024,0.83193,0.7323766976,0.0656356768,0.1068621229,0.8803345204,5,TRUE,,
M5_N32_dephase_z_iid_p_d0.40000_twirl,5,32,dephase_z,iid_p,0.4,0.4,0.07776,0.09299473275,0.92224,0.9070052673,0.0380204032,0.04126185737,0.9834807287,5,TRUE,,
M5_N32_dephase_z_iid_p_d0.50000_twirl,5,32,dephase_z,iid_p,0.5,0.5,0.03125,0.03125,0.96875,0.96875,0.03125,0.03125,1,5,TRUE,,
M5_N32_dephase_z_iid_p_d0.60000_twirl,5,32,dephase_z,iid_p,0.6,0.6,0.01024,0.00843636158,0.98976,0.9915636384,0.0380204032,0.04126185737,1.001822299,5,TRUE,,
M5_N32_dephase_z_iid_p_d0.70000_twirl,5,32,dephase_z,iid_p,0.7,0.7,0.00243,0.001244028615,0.99757,0.9987559714,0.0656356768,0.1068621229,1.00118886,5,TRUE,,
M5_N32_dephase_z_iid_p_d0.80000_twirl,5,32,dephase_z,iid_p,0.8,0.8,0.00032,3.24E-05,0.99968,0.9999675657,0.1453933568,0.4664905552,1.000287658,5,TRUE,,
M5_N32_dephase_z_iid_p_d0.90000_twirl,5,32,dephase_z,iid_p,0.9,0.9,1.00E-05,2.81E-08,0.99999,0.9999999719,0.3707398432,0.8993965321,1.000009972,5,TRUE,,
M5_N64_dephase_z_iid_p_d0.01000_twirl,5,64,dephase_z,iid_p,0.01,0.01,0.9509900499,0.9991214821,0.0490099501,0.0008785178812,0.9048435415,0.9982438898,0.01792529638,6,TRUE,,
M5_N64_dephase_z_iid_p_d0.10000_twirl,5,64,dephase_z,iid_p,0.1,0.1,0.59049,0.9717331586,0.40951,0.02826684141,0.3707398432,0.9444118996,0.06902601013,6,TRUE,,
M5_N64_dephase_z_iid_p_d0.20000_twirl,5,64,dephase_z,iid_p,0.2,0.2,0.32768,0.759476992,0.67232,0.240523008,0.1453933568,0.5844264244,0.3577507854,6,TRUE,,
M5_N64_dephase_z_iid_p_d0.30000_twirl,5,64,dephase_z,iid_p,0.3,0.3,0.16807,0.2975312153,0.83193,0.7024687847,0.0656356768,0.1228998107,0.8443844851,6,TRUE,,
M5_N64_dephase_z_iid_p_d0.40000_twirl,5,64,dephase_z,iid_p,0.4,0.4,0.07776,0.09645137967,0.92224,0.9035486203,0.0380204032,0.04210728781,0.9797326296,6,TRUE,,
M5_N64_dephase_z_iid_p_d0.50000_twirl,5,64,dephase_z,iid_p,0.5,0.5,0.03125,0.03125,0.96875,0.96875,0.03125,0.03125,1,6,TRUE,,
M5_N64_dephase_z_iid_p_d0.60000_twirl,5,64,dephase_z,iid_p,0.6,0.6,0.01024,0.008004608531,0.98976,0.9919953915,0.0380204032,0.04210728781,1.002258519,6,TRUE,,
M5_N64_dephase_z_iid_p_d0.70000_twirl,5,64,dephase_z,iid_p,0.7,0.7,0.00243,0.0009679907459,0.99757,0.9990320093,0.0656356768,0.1228998107,1.001465571,6,TRUE,,
M5_N64_dephase_z_iid_p_d0.80000_twirl,5,64,dephase_z,iid_p,0.8,0.8,0.00032,1.05E-05,0.99968,0.9999894733,0.1453933568,0.5844264244,1.000309572,6,TRUE,,
M5_N64_dephase_z_iid_p_d0.90000_twirl,5,64,dephase_z,iid_p,0.9,0.9,1.00E-05,2.23E-09,0.99999,0.9999999978,0.3707398432,0.9444118996,1.000009998,6,TRUE,,
M5_N128_dephase_z_iid_p_d0.01000_twirl,5,128,dephase_z,iid_p,0.01,0.01,0.9509900499,0.9995598868,0.0490099501,0.0004401132185,0.9048435415,0.9991200059,0.008980078895,7,TRUE,,
M5_N128_dephase_z_iid_p_d0.10000_twirl,5,128,dephase_z,iid_p,0.1,0.1,0.59049,0.9851253783,0.40951,0.01487462168,0.3707398432,0.9705140736,0.03632297545,7,TRUE,,
M5_N128_dephase_z_iid_p_d0.20000_twirl,5,128,dephase_z,iid_p,0.2,0.2,0.32768,0.8367043494,0.67232,0.1632956506,0.1453933568,0.7039558477,0.2428838211,7,TRUE,,
M5_N128_dephase_z_iid_p_d0.30000_twirl,5,128,dephase_z,iid_p,0.3,0.3,0.16807,0.3335920148,0.83193,0.6664079852,0.0656356768,0.1443074819,0.8010385312,7,TRUE,,
M5_N128_dephase_z_iid_p_d0.40000_twirl,5,128,dephase_z,iid_p,0.4,0.4,0.07776,0.1001910735,0.92224,0.8998089265,0.0380204032,0.04304498372,0.9756776181,7,TRUE,,
M5_N128_dephase_z_iid_p_d0.50000_twirl,5,128,dephase_z,iid_p,0.5,0.5,0.03125,0.03125,0.96875,0.96875,0.03125,0.03125,1,7,TRUE,,
M5_N128_dephase_z_iid_p_d0.60000_twirl,5,128,dephase_z,iid_p,0.6,0.6,0.01024,0.007571485683,0.98976,0.9924285143,0.0380204032,0.04304498372,1.002696123,7,TRUE,,
M5_N128_dephase_z_iid_p_d0.70000_twirl,5,128,dephase_z,iid_p,0.7,0.7,0.00243,0.0007200474415,0.99757,0.9992799526,0.0656356768,0.1443074819,1.001714118,7,TRUE,,
M5_N128_dephase_z_iid_p_d0.80000_twirl,5,128,dephase_z,iid_p,0.8,0.8,0.00032,2.52E-06,0.99968,0.9999974793,0.1453933568,0.7039558477,1.000317581,7,TRUE,,
M5_N128_dephase_z_iid_p_d0.90000_twirl,5,128,dephase_z,iid_p,0.9,0.9,1.00E-05,1.30E-10,0.99999,0.9999999999,0.3707398432,0.9705140736,1.00001,7,TRUE,,
M5_N256_dephase_z_iid_p_d0.01000_twirl,5,256,dephase_z,iid_p,0.01,0.01,0.9509900499,0.9997797278,0.0490099501,0.0002202722448,0.9048435415,0.9995595137,0.004494439279,8,TRUE,,
M5_N256_dephase_z_iid_p_d0.10000_twirl,5,256,dephase_z,iid_p,0.1,0.1,0.59049,0.9923442835,0.40951,0.007655716471,0.3707398432,0.9847585731,0.01869482179,8,TRUE,,
M5_N256_dephase_z_iid_p_d0.20000_twirl,5,256,dephase_z,iid_p,0.2,0.2,0.32768,0.8978605053,0.67232,0.1021394947,0.1453933568,0.8078149839,0.1519209523,8,TRUE,,
M5_N256_dephase_z_iid_p_d0.30000_twirl,5,256,dephase_z,iid_p,0.3,0.3,0.16807,0.3773443199,0.83193,0.6226556801,0.0656356768,0.1733910191,0.7484472012,8,TRUE,,
M5_N256_dephase_z_iid_p_d0.40000_twirl,5,256,dephase_z,iid_p,0.4,0.4,0.07776,0.1042505475,0.92224,0.8957494525,0.0380204032,0.04408885088,0.9712758637,8,TRUE,,
M5_N256_dephase_z_iid_p_d0.50000_twirl,5,256,dephase_z,iid_p,0.5,0.5,0.03125,0.03125,0.96875,0.96875,0.03125,0.03125,1,8,TRUE,,
M5_N256_dephase_z_iid_p_d0.60000_twirl,5,256,dephase_z,iid_p,0.6,0.6,0.01024,0.007137656015,0.98976,0.992862344,0.0380204032,0.04408885088,1.003134441,8,TRUE,,
M5_N256_dephase_z_iid_p_d0.70000_twirl,5,256,dephase_z,iid_p,0.7,0.7,0.00243,0.0005054307161,0.99757,0.9994945693,0.0656356768,0.1733910191,1.001929257,8,TRUE,,
M5_N256_dephase_z_iid_p_d0.80000_twirl,5,256,dephase_z,iid_p,0.8,0.8,0.00032,4.28E-07,0.99968,0.9999995723,0.1453933568,0.8078149839,1.000319675,8,TRUE,,
M5_N256_dephase_z_iid_p_d0.90000_twirl,5,256,dephase_z,iid_p,0.9,0.9,1.00E-05,6.06E-12,0.99999,1,0.3707398432,0.9847585731,1.00001,8,TRUE,,
M5_N512_dephase_z_iid_p_d0.01000_twirl,5,512,dephase_z,iid_p,0.01,0.01,0.9509900499,0.9998898097,0.0490099501,0.0001101902974,0.9048435415,0.999779634,0.002248325027,9,TRUE,,
M5_N512_dephase_z_iid_p_d0.10000_twirl,5,512,dephase_z,iid_p,0.1,0.1,0.59049,0.9961114797,0.40951,0.003888520288,0.3707398432,0.9922410589,0.009495544158,9,TRUE,,
M5_N512_dephase_z_iid_p_d0.20000_twirl,5,512,dephase_z,iid_p,0.2,0.2,0.32768,0.9405325676,0.67232,0.05946743242,0.1453933568,0.8852081583,0.08845108345,9,TRUE,,
M5_N512_dephase_z_iid_p_d0.30000_twirl,5,512,dephase_z,iid_p,0.3,0.3,0.16807,0.4304440476,0.83193,0.5695559524,0.0656356768,0.2133964174,0.684620043,9,TRUE,,
M5_N512_dephase_z_iid_p_d0.40000_twirl,5,512,dephase_z,iid_p,0.4,0.4,0.07776,0.1086723231,0.92224,0.8913276769,0.0380204032,0.04525565248,0.9664812597,9,TRUE,,
M5_N512_dephase_z_iid_p_d0.50000_twirl,5,512,dephase_z,iid_p,0.5,0.5,0.03125,0.03125,0.96875,0.96875,0.03125,0.03125,1,9,TRUE,,
M5_N512_dephase_z_iid_p_d0.60000_twirl,5,512,dephase_z,iid_p,0.6,0.6,0.01024,0.006703833707,0.98976,0.9932961663,0.0380204032,0.04525565248,1.003572751,9,TRUE,,
M5_N512_dephase_z_iid_p_d0.70000_twirl,5,512,dephase_z,iid_p,0.7,0.7,0.00243,0.0003288312453,0.99757,0.9996711688,0.0656356768,0.2133964174,1.002106287,9,TRUE,,
M5_N512_dephase_z_iid_p_d0.80000_twirl,5,512,dephase_z,iid_p,0.8,0.8,0.00032,5.06E-08,0.99968,0.9999999494,0.1453933568,0.8852081583,1.000320052,9,TRUE,,
M5_N512_dephase_z_iid_p_d0.90000_twirl,5,512,dephase_z,iid_p,0.9,0.9,1.00E-05,2.39E-13,0.99999,1,0.3707398432,0.9922410589,1.00001,9,TRUE,,
M5_N1024_dephase_z_iid_p_d0.01000_twirl,5,1024,dephase_z,iid_p,0.01,0.01,0.9509900499,0.9999448913,0.0490099501,5.51E-05,0.9048435415,0.9998897862,0.001124439554,10,TRUE,,
M5_N1024_dephase_z_iid_p_d0.10000_twirl,5,1024,dephase_z,iid_p,0.1,0.1,0.59049,0.9980395732,0.40951,0.001960426841,0.3707398432,0.9960837522,0.004787250229,10,TRUE,,
M5_N1024_dephase_z_iid_p_d0.20000_twirl,5,1024,dephase_z,iid_p,0.2,0.2,0.32768,0.9672441857,0.67232,0.03275581432,0.1453933568,0.9357560305,0.04872057103,10,TRUE,,
M5_N1024_dephase_z_iid_p_d0.30000_twirl,5,1024,dephase_z,iid_p,0.3,0.3,0.16807,0.494263219,0.83193,0.505736781,0.0656356768,0.2685149619,0.6079078541,10,TRUE,,
M5_N1024_dephase_z_iid_p_d0.40000_twirl,5,1024,dephase_z,iid_p,0.4,0.4,0.07776,0.1135060346,0.92224,0.8864939654,0.0380204032,0.04656575639,0.9612399868,10,TRUE,,
M5_N1024_dephase_z_iid_p_d0.50000_twirl,5,1024,dephase_z,iid_p,0.5,0.5,0.03125,0.03125,0.96875,0.96875,0.03125,0.03125,1,10,TRUE,,
M5_N1024_dephase_z_iid_p_d0.60000_twirl,5,1024,dephase_z,iid_p,0.6,0.6,0.01024,0.006270788575,0.98976,0.9937292114,0.0380204032,0.04656575639,1.004010277,10,TRUE,,
M5_N1024_dephase_z_iid_p_d0.70000_twirl,5,1024,dephase_z,iid_p,0.7,0.7,0.00243,0.0001934241994,0.99757,0.9998065758,0.0656356768,0.2685149619,1.002242024,10,TRUE,,
M5_N1024_dephase_z_iid_p_d0.80000_twirl,5,1024,dephase_z,iid_p,0.8,0.8,0.00032,4.24E-09,0.99968,0.9999999958,0.1453933568,0.9357560305,1.000320098,10,TRUE,,
M5_N1024_dephase_z_iid_p_d0.90000_twirl,5,1024,dephase_z,iid_p,0.9,0.9,1.00E-05,8.54E-15,0.99999,1,0.3707398432,0.9960837522,1.00001,10,TRUE,,