M,N,physical_error_rate,final_logical_error,error_reduction_ratio
1,8,0.01,0.0006360686960057349,0.1272137392011469
1,8,0.1,0.007487790810549484,0.14975581621098977
1,8,0.5,0.08731700282927327,0.34926801131709306
1,8,0.7,0.19595745479515314,0.5598784422718661
1,8,0.8,0.27998595388191233,0.6999648847047808
1,8,0.9,0.38376869318517254,0.8528193181892724
1,8,0.95,0.4410321156115472,0.9284886644453626
1,8,0.99,0.48815049352876205,0.9861626131894183
1,16,0.01,0.0003184390599783911,0.06368781199567818
1,16,0.1,0.0038001707301427686,0.07600341460285542
1,16,0.5,0.05158128504231455,0.2063251401692582
1,16,0.7,0.13909373894318047,0.3974106826948014
1,16,0.8,0.2244334381489054,0.5610835953722635
1,16,0.9,0.34776708891191377,0.7728157531375862
1,16,0.95,0.42173899422952854,0.8878715667990075
1,16,0.99,0.48420361534910006,0.9781891219173738
1,32,0.01,0.0001593209495643781,0.0318641899128756
1,32,0.1,0.0019145539972782238,0.0382910799455645
1,32,0.5,0.02851597732378479,0.11406390929513915
1,32,0.7,0.08999727799255686,0.2571350799787339
1,32,0.8,0.16635883220815217,0.41589708052038044
1,32,0.9,0.30310674969180035,0.6735705548706675
1,32,0.95,0.3964972352176419,0.8347310215108251
1,32,0.99,0.4789451587660398,0.9675659773051309
1,64,0.01,7.968585996886792e-05,0.015937171993773574
1,64,0.1,0.0009609460178190007,0.019218920356380027
1,64,0.5,0.015082393932659283,0.06032957573063713
1,64,0.7,0.0534236736464599,0.152639067561314
1,64,0.8,0.11263810068147194,0.2815952517036798
1,64,0.9,0.2503784231771741,0.5563964959492759
1,64,0.95,0.36393976577517656,0.7661889805793191
1,64,0.99,0.47194346187633507,0.9534211351037072
1,128,0.01,3.9849280073705267e-05,0.00796985601474105
1,128,0.1,0.0004813968694085245,0.009627937388170495
1,128,0.5,0.007770364374534832,0.031081457498139328
1,128,0.7,0.029637644659280267,0.08467898474080077
1,128,0.8,0.06962143663455542,0.17405359158638853
1,128,0.9,0.1927019357890684,0.42822652397570765
1,128,0.95,0.32295635507420367,0.679908115945692
1,128,0.99,0.4626305039966959,0.9346070787812039
1,256,0.01,1.992622803360007e-05,0.003985245606720012
1,256,0.1,0.0002409302334034332,0.004818604668068667
1,256,0.5,0.00394579348027402,0.01578317392109608
1,256,0.7,0.015709820035465706,0.04488520010133059
1,256,0.8,0.039813159781735497,0.09953289945433874
1,256,0.9,0.13608907795726688,0.3024201732383709
1,256,0.95,0.2734115287753686,0.5756032184744603
1,256,0.99,0.45026660752852854,0.9096295101586436
1,512,0.01,9.963511075308367e-06,0.0019927022150616723
1,512,0.1,0.00012052317107005611,0.002410463421401124
1,512,0.5,0.001988496620760274,0.007953986483041096
1,512,0.7,0.00810361562385429,0.02315318749672654
1,512,0.8,0.02152186306970917,0.05380465767427293
1,512,0.9,0.08760417936728782,0.19467595414952849
1,512,0.95,0.2172388612888036,0.4573449711343234
1,512,0.99,0.43390677758317414,0.876579348652877
1,1024,0.01,4.981854809695447e-06,0.0009963709619390888
1,1024,0.1,6.027611224508889e-05,0.0012055222449017786
1,1024,0.5,0.000998206352718253,0.003992825410873012
1,1024,0.7,0.00411774028332907,0.011764972238083059
1,1024,0.8,0.011228994548319838,0.028072486370799593
1,1024,0.9,0.05177792951070597,0.11506206557934662
1,1024,0.95,0.159304990547399,0.3353789274682084
1,1024,0.99,0.41238600404351794,0.8331030384717534
2,8,0.01,0.0019322886533919739,0.12946657644167286
2,8,0.1,0.02553755741038894,0.1792109291957119
2,8,0.5,0.38471155781647304,0.6839316583403965
2,8,0.7,0.6227532302528744,0.912458945425457
2,8,0.8,0.6958079864887582,0.9663999812343864
2,8,0.9,0.7368850822757063,0.9924378212467424
2,8,0.95,0.7467502074914101,0.9981623491948673
2,8,0.99,0.7498703842774526,0.9999271717537787
2,16,0.01,0.0009686358896520737,0.06490022711236654
2,16,0.1,0.013209057229550836,0.09269513845298835
2,16,0.5,0.3039719662519453,0.540394606670125
2,16,0.7,0.591407364914515,0.8665309376036849
2,16,0.8,0.683611270774758,0.949460098298275
2,16,0.9,0.7341732685241724,0.9887855468339022
2,16,0.95,0.7460946603701812,0.9972860957329074
2,16,0.99,0.749844452175605,0.9998925921600226
2,32,0.01,0.0004849437513283889,0.03249204364009295
2,32,0.1,0.006721612793944267,0.04716921258908259
2,32,0.5,0.2209342255635595,0.3927719565574391
2,32,0.7,0.5515974609294134,0.8082014079551845
2,32,0.8,0.6683666601520325,0.928287027988934
2,32,0.9,0.7308794387168958,0.9843494124133275
2,32,0.95,0.7453055345878559,0.9962312910113362
2,32,0.99,0.7498133297114765,0.9998510913911077
2,64,0.01,0.00024262869396751238,0.016256528909046
2,64,0.1,0.0033910274456028324,0.023796683828791812
2,64,0.5,0.14613282741465122,0.25979169318160217
2,64,0.7,0.5013627815720163,0.7345974821568004
2,64,0.8,0.6492023544668911,0.9016699367595711
2,64,0.9,0.7268693622294535,0.978948635999264
2,64,0.95,0.7443550206001833,0.9949607627070121
2,64,0.99,0.7497759770776735,0.9998012828985211
2,128,0.01,0.00012135359753319182,0.008130894307081502
2,128,0.1,0.0017031927506014832,0.011952229828782341
2,128,0.5,0.08826773445206613,0.15692041680367314
2,128,0.7,0.43916167098212744,0.643460323783337
2,128,0.8,0.6249789869513801,0.8680263707658057
2,128,0.9,0.7219738816209328,0.9723553961224684
2,128,0.95,0.7432092604493772,0.9934292537335034
2,128,0.99,0.74973114574159,0.9997415018056339
2,256,0.01,6.0686617159339836e-05,0.004066105002300813
2,256,0.1,0.000853531931635826,0.005989697765865448
2,256,0.5,0.049548578459567,0.08808636170589688
2,256,0.7,0.36512863701928766,0.5349870139476742
2,256,0.8,0.5942355953400453,0.825327215750063
2,256,0.9,0.7159782485391069,0.9642804694129384
2,256,0.95,0.7418269203501825,0.9915815142525415
2,256,0.99,0.7496773363640594,0.9996697487936251
2,512,0.01,3.034576389783886e-05,0.0020332170115804865
2,512,0.1,0.00042725185086838684,0.0029982586025851716
2,512,0.5,0.02645077214270531,0.047023594920364994
2,512,0.7,0.282948471909794,0.4145765156187458
2,512,0.8,0.5551845227609238,0.7710896149457275
2,512,0.9,0.7086076806233571,0.9543537786173159
2,512,0.95,0.740157379475153,0.9893498806685421
2,512,0.99,0.7496127481535716,0.9995836225670187
2,1024,0.01,1.5173495868468786e-05,0.001016649639428391
2,1024,0.1,0.00021374764752395435,0.0014999834913961712
2,1024,0.5,0.013697924877603957,0.0243518664490737
2,1024,0.7,0.2009508931174541,0.29443354302923674
2,1024,0.8,0.5058632452323506,0.702587840600487
2,1024,0.9,0.6995077208410722,0.9420979405266965
2,1024,0.95,0.738138413266355,0.9866511789692298
2,1024,0.99,0.7495352178778373,0.9994802385276357
3,8,0.01,0.0034242897430986057,0.1317623646379818
3,8,0.1,0.0508598969307216,0.2144855959123737
3,8,0.5,0.6908856665186289,0.9023812787182092
3,8,0.7,0.8408480267051399,0.9876353272120275
3,8,0.8,0.8652437986106006,0.9968246527771897
3,8,0.9,0.8737973165193965,0.9996251297233193
3,8,0.95,0.8748499280595345,0.9999534833963213
3,8,0.99,0.8749987997232421,0.9999996282547621
3,16,0.01,0.0017188567723809259,0.06613944782545765
3,16,0.1,0.026945322438423708,0.11363341038871362
3,16,0.5,0.652271322586248,0.8519462172555076
3,16,0.7,0.8362106701876901,0.9821884248277083
3,16,0.8,0.8640883105966669,0.9954934453878651
3,16,0.9,0.8736625849314792,0.9994709966326087
3,16,0.95,0.8748332362439937,0.9999344046508599
3,16,0.99,0.8749986663580602,0.999999475837259
3,32,0.01,0.0008611181045500416,0.03313474215105957
3,32,0.1,0.013893112295637383,0.05858982517928261
3,32,0.5,0.6034137926672175,0.7881323006265698
3,32,0.7,0.8308218995222104,0.9758589335160305
3,32,0.8,0.8627866617616008,0.9939938499557613
3,32,0.9,0.8735126231567707,0.9992994401907859
3,32,0.95,0.8748146857543202,0.9999132014408318
3,32,0.99,0.8749985181742674,0.9999993064841836
3,64,0.01,0.00043098296291534203,0.016583682624071054
3,64,0.1,0.007057617025126601,0.029763276858731064
3,64,0.5,0.5419923727700819,0.7079084052507193
3,64,0.7,0.8245262821246759,0.9684642867416543
3,64,0.8,0.861318047447001,0.9923018979804159
3,64,0.9,0.8733456772268232,0.9991084538559396
3,64,0.95,0.8747940691249092,0.9998896366330469
3,64,0.99,0.8749983535252908,0.9999991183137363
3,128,0.01,0.00021559764507973018,0.008295926354754018
3,128,0.1,0.0035573716807736654,0.015002094594722896
3,128,0.5,0.4665180475905236,0.6093296948121125
3,128,0.7,0.8171268432870071,0.959773123813839
3,128,0.8,0.8596581226273651,0.9903895421974253
3,128,0.9,0.8731597835329364,0.9988957912574705
3,128,0.95,0.8747711556159291,0.9998634464918734
3,128,0.99,0.874998170581591,0.9999989092350132
3,256,0.01,0.00010782538674286667,0.0041489853345146365
3,256,0.1,0.001785930063650547,0.007531597527255868
3,256,0.5,0.37821046198191255,0.49398917483351845
3,256,0.7,0.8083713449140898,0.9494891732950695
3,256,0.8,0.8577782555020471,0.9882237966613446
3,256,0.9,0.8729527419677385,0.9986589354700283
3,256,0.95,0.8747456885749094,0.9998343376635331
3,256,0.99,0.874997967310329,0.9999986769247672
3,512,0.01,5.391933733763074e-05,0.002074748318724461
3,512,0.1,0.0008947892567465223,0.0037734918576553403
3,512,0.5,0.2833184497075901,0.3700485873731789
3,512,0.7,0.7979333366510729,0.9372289962132702
3,512,0.8,0.8556445878705081,0.985765654228696
3,512,0.9,0.8727220852068283,0.9983950638716753
3,512,0.95,0.8747173824928096,0.9998019838111875
3,512,0.99,0.8749977414527731,0.999998418801588
3,1024,0.01,2.6961330024988117e-05,0.001037438086259266
3,1024,0.1,0.00044785234607240597,0.001888676209056009
3,1024,0.5,0.19328935591883384,0.2524595669143952
3,1024,0.7,0.785385906148816,0.9224911538967153
3,1024,0.8,0.8532168428359234,0.9829687129446122
3,1024,0.9,0.8724650434811327,0.9981010078434237
3,1024,0.95,0.8746859197176945,0.999766021858669
3,1024,0.99,0.8749974904991947,0.9999981319972117
4,8,0.01,0.004953849241101017,0.13410078160040168
4,8,0.1,0.08256564404092007,0.25609194623528564
4,8,0.5,0.8570884781376791,0.9751762240144259
4,8,0.7,0.9283046181359801,0.9982776415751374
4,8,0.8,0.9357123667569448,0.9996926995266505
4,8,0.9,0.9373886860914862,0.999981263290581
4,8,0.95,0.9374930444935416,0.9999988307858035
4,8,0.99,0.9374999888713613,0.9999999981294522
4,16,0.01,0.002490045360071096,0.06740556943791308
4,16,0.1,0.0450672067543994,0.13978391161585546
4,16,0.5,0.8472641940572767,0.9639983719051681
4,16,0.7,0.9276902702288691,0.9976169858293448
4,16,0.8,0.9356044107977152,0.999577361963371
4,16,0.9,0.9373821273315257,0.9999742665802854
4,16,0.95,0.9374926353036055,0.9999983943138104
4,16,0.99,0.9374999882167354,0.9999999974311845
4,32,0.01,0.0012483336369056533,0.03379241237666614
4,32,0.1,0.023641136380432026,0.07332716527806774
4,32,0.5,0.83563625568544,0.9507683620243228
4,32,0.7,0.9270297066649454,0.9969066308189084
4,32,0.8,0.9354897563712443,0.9994548679179961
4,32,0.9,0.9373751814419903,0.9999668568904787
4,32,0.95,0.937492202038526,0.9999979321615039
4,32,0.99,0.9374999875236021,0.9999999966918424
4,64,0.01,0.0006249984501590944,0.016918718472495636
4,64,0.1,0.012122166700410473,0.03759904375430213
4,64,0.5,0.8217353814507575,0.9349522562284175
4,64,0.7,0.9263187377992127,0.9961420710950301
4,64,0.8,0.9353679655845659,0.9993247495561602
4,64,0.9,0.9373678254902663,0.9999590097572598
4,64,0.95,0.9374917432814945,0.9999974428176118
4,64,0.99,0.9374999867896963,0.9999999959090095
4,128,0.01,0.0003127076224806071,0.00846500055737115
4,128,0.1,0.006139929634935033,0.01904407757273636
4,128,0.5,0.8049369500910665,0.9158393743258356
4,128,0.7,0.9255526939717414,0.9953182850117864
4,128,0.8,0.9352385691432767,0.9991865054949538
4,128,0.9,0.9373600351752756,0.9999506992568863
4,128,0.95,0.9374912575322857,0.9999969246818841
4,128,0.99,0.9374999860126194,0.9999999950801275
4,256,0.01,0.00015640597195815332,0.004233912270187951
4,256,0.1,0.003090132507978853,0.009584592445025037
4,256,0.5,0.784403393631372,0.8924767500872499
4,256,0.7,0.9247263560564394,0.9944296600398582
4,256,0.8,0.9351010637560939,0.999039598030015
4,256,0.9,0.9373517847446026,0.9999418979173678
4,256,0.95,0.9374907432023405,0.999996376059847
4,256,0.99,0.937499985189832,0.9999999942024875
4,512,0.01,7.821603384099046e-05,0.0021173093409336563
4,512,0.1,0.0015501668777254689,0.004808116709044781
4,512,0.5,0.7590085261902754,0.8635830342431577
4,512,0.7,0.9238338737121999,0.9934699048556777
4,512,0.8,0.9349549092831582,0.9988834500888443
4,512,0.9,0.9373430469064574,0.9999325766245504
4,512,0.95,0.9374901986095607,0.9999957951572512
4,512,0.99,0.9374999843186456,0.999999993273222
4,1024,0.01,3.911127984701901e-05,0.0010587429979422615
4,1024,0.1,0.0007763660413653851,0.0024080365730049747
4,1024,0.5,0.7272476431968369,0.8274462073706232
4,1024,0.7,0.9228686687528325,0.992431945427652
4,1024,0.8,0.9347995255978222,0.9987174418780153
4,1024,0.9,0.9373337927361349,0.9999227045223295
4,1024,0.95,0.9374896219727945,0.9999951800741896
4,1024,0.99,0.9374999833962128,0.9999999922892937
5,8,0.01,0.006479904481777003,0.13648113587058128
5,8,0.1,0.12062547821039141,0.30406247141410747
5,8,0.5,0.9327646818665857,0.9939136672543015
5,8,0.7,0.9661582840087799,0.9997540826880597
5,8,0.8,0.9684106595117714,0.9999697033494811
5,8,0.9,0.9687394045722386,0.999999062774874
5,8,0.95,0.968749668901633,0.9999999707210314
5,8,0.99,0.9687499998940486,0.9999999999906309
5,16,0.01,0.0032616942658606376,0.06869850312132134
5,16,0.1,0.06826979994743423,0.17208871958839053
5,16,0.5,0.9305085906469696,0.9915096741128999
5,16,0.7,0.9660734618210263,0.9996663110155368
5,16,0.8,0.9684002684464883,0.9999589736550415
5,16,0.9,0.968739083393322,0.9999987312320319
5,16,0.95,0.9687496588682462,0.9999999603639836
5,16,0.99,0.968749999890838,0.9999999999873167
5,32,0.01,0.0016363470026428551,0.03446509099434647
5,32,0.1,0.03662216479215605,0.09231404592498775
5,32,0.5,0.9280370119206163,0.9888760668123945
5,32,0.7,0.9659856517455317,0.9995754475587619
5,32,0.8,0.968389555785015,0.9999479118840764
5,32,0.9,0.968738752475227,0.9999983896357435
5,32,0.95,0.9687496485308111,0.9999999496930797
5,32,0.99,0.96874999988753,0.999999999983902
5,64,0.01,0.0008195566353402158,0.017261677362075924
5,64,0.1,0.019015956583629666,0.04793381001181975
5,64,0.5,0.9253198731725261,0.9859808013825876
5,64,0.7,0.9658947344339006,0.9994813688192896
5,64,0.8,0.968378511362265,0.9999365075402349
5,64,0.9,0.9687384115224283,0.999998037680948
5,64,0.95,0.9687496378801137,0.9999999386988079
5,64,0.99,0.9687499998841218,0.9999999999803839
5,128,0.01,0.0004101251297000954,0.008638143310283562
5,128,0.1,0.009696387039710866,0.02444182979270645
5,128,0.5,0.9223214482876773,0.982785809621833
5,128,0.7,0.9658005848248791,0.999383945387166
5,128,0.8,0.9683671246786687,0.9999247497817818
5,128,0.9,0.9687380602304203,0.9999976750533134
5,128,0.95,0.9687496269066607,0.999999927371369
5,128,0.99,0.9687499998806104,0.9999999999767591
5,256,0.01,0.00020514939690872218,0.00432090053055672
5,256,0.1,0.004896955110615704,0.012343828977330308
5,256,0.5,0.9189990108484917,0.9792455641091108
5,256,0.7,0.9657030718074797,0.9992830415923388
5,256,0.8,0.9683553848883498,0.9999126274093902
5,256,0.9,0.9687376982854439,0.9999973014289563
5,256,0.95,0.9687496156006714,0.9999999157006667
5,256,0.99,0.9687499998769924,0.9999999999730245
5,512,0.01,0.00010259642263093394,0.0021609078245375824
5,512,0.1,0.0024608847161910335,0.006203189407176089
5,512,0.5,0.9153010974152844,0.9753052276308546
5,512,0.7,0.9656020578599214,0.9991785151310422
5,512,0.8,0.9683432807868354,0.9999001288534504
5,512,0.9,0.9687373253642042,0.9999969164741497
5,512,0.95,0.9687496039520681,0.9999999036762983
5,512,0.99,0.9687499998732649,0.9999999999691768
5,1024,0.01,5.13036443817956e-05,0.0010805683446752992
5,1024,0.1,0.0012335718571777482,0.0031094832793628225
5,1024,0.5,0.9111652476419202,0.9708982451460211
5,1024,0.7,0.9654973986623396,0.9990702166650403
5,1024,0.8,0.968330800798275,0.9998872421608722
5,1024,0.9,0.9687369411335806,0.9999965198450235
5,1024,0.95,0.9687495919504685,0.9999998912875464
5,1024,0.99,0.9687499998694244,0.9999999999652124
6,8,0.01,0.008001585375778596,0.1389032026612269
6,8,0.1,0.16508210002079496,0.357911065233569
6,8,0.5,0.9675442261676085,0.9985036912024501
6,8,0.7,0.9836221897957813,0.9999642143397143
6,8,0.8,0.9843090352644901,0.9999969880124289
6,8,0.9,0.98437396948681,0.9999999531294108
6,8,0.95,0.9843749838982769,0.9999999992676942
6,8,0.99,0.9843749999989693,0.9999999999999527
6,16,0.01,0.0040334435981418644,0.070018403506794
6,16,0.1,0.09750378607669175,0.21139592926561274
6,16,0.5,0.9670157202157429,0.9979582741253925
6,16,0.7,0.9836100593867746,0.9999518823945448
6,16,0.8,0.9843080162063005,0.9999959527124532
6,16,0.9,0.9843739536317315,0.9999999370226483
6,16,0.95,0.9843749836505581,0.9999999990160433
6,16,0.99,0.9843749999989535,0.9999999999999367
6,32,0.01,0.0020250019129777123,0.035152940060999525
6,32,0.1,0.05381460523700902,0.11667432558148741
6,32,0.5,0.9664620547954734,0.9973868925276541
6,32,0.7,0.9835977245374449,0.9999393426124548
6,32,0.8,0.984306981339026,0.9999949013514271
6,32,0.9,0.9843739375326972,0.9999999206680574
6,32,0.95,0.984374983399028,0.9999999987605207
6,32,0.99,0.9843749999989375,0.9999999999999205
6,64,0.01,0.001014585926393509,0.017612663982523973
6,64,0.1,0.02841777596724268,0.061611988620956036
6,64,0.5,0.965881484338796,0.996787744986573
6,64,0.7,0.9835851815105379,0.9999265911940985
6,64,0.8,0.9843059304153543,0.9999938336780961
6,64,0.9,0.9843739211859529,0.9999999040618245
6,64,0.95,0.9843749831436278,0.9999999985010666
6,64,0.99,0.9843749999989212,0.9999999999999039
6,128,0.01,0.0005078160904567327,0.008815413198097614
6,128,0.1,0.014624905504842495,0.03170795323974616
6,128,0.5,0.9652721004794779,0.9961588620720436
6,128,0.7,0.9835724264909753,0.9999136242610138
6,128,0.8,0.9843048631840395,0.9999927494372103
6,128,0.9,0.9843739045876858,0.9999998872000759
6,128,0.95,0.9843749828842989,0.9999999982376213
6,128,0.99,0.9843749999989048,0.9999999999998872
6,256,0.01,0.0002540390637213858,0.004409981009360461
6,256,0.1,0.007421888366416482,0.01609124169691408
6,256,0.5,0.9646318128511089,0.9954980865301442
6,256,0.7,0.9835594555839262,0.9999004378536602
6,256,0.8,0.9843037793898397,0.9999916483694596
6,256,0.9,0.9843738877340259,0.9999998700788805
6,256,0.95,0.98437498262098,0.9999999979701227
6,256,0.99,0.9843749999988876,0.9999999999998698
6,512,0.01,0.0001270523161366782,0.0022055596220135368
6,512,0.1,0.003739027389371749,0.008106507463249854
6,512,0.5,0.9639583271320253,0.9948030506255419
6,512,0.7,0.983546264812825,0.9998870279294052
6,512,0.8,0.9843026787734485,0.9999905302114048
6,512,0.9,0.9843738706210429,0.9999998526942454
6,512,0.95,0.9843749823536103,0.9999999976985091
6,512,0.99,0.9843749999988705,0.9999999999998523
6,1024,0.01,6.353435784811371e-05,0.0011029221547572028
6,1024,0.1,0.001876628087313697,0.004068678298210845
6,1024,0.5,0.9632491198701206,0.9940711501607493
6,1024,0.7,0.9835328501173219,0.9998733903604397
6,1024,0.8,0.9843015610714294,0.9999893946954108
6,1024,0.9,0.9843738532447457,0.9999998350421163
6,1024,0.95,0.9843749820821269,0.9999999974227164
6,1024,0.99,0.9843749999988531,0.9999999999998348
7,8,0.01,0.00952870281748808,0.1413672062437697
7,8,0.1,0.21563085861857337,0.41657551851828695
7,8,0.5,0.9840714718055298,0.9996296728911774
7,8,0.7,0.991965280714253,0.9999947298035057
7,8,0.8,0.9921745018682029,0.9999996995168627
7,8,0.9,0.9921873984558749,0.9999999976563142
7,8,0.95,0.9921874992066869,0.9999999999816909
7,8,0.99,0.9921874999999903,0.9999999999999998
7,16,0.01,0.004810324931656786,0.07136566327423118
7,16,0.1,0.13369449843069614,0.2582833243980431
7,16,0.5,0.9839442552191945,0.9995004450065895
7,16,0.7,0.9919635094823989,0.9999929442344401
7,16,0.8,0.9921744009411724,0.9999995977938292
7,16,0.9,0.9921873976686998,0.9999999968629407
7,16,0.95,0.992187499200537,0.9999999999754924
7,16,0.99,0.9921874999999902,0.9999999999999997
7,32,0.01,0.002416851222628676,0.035856245261715804
7,32,0.1,0.07644993452022214,0.14769301257471998
7,32,0.5,0.9838140296863095,0.9993681606039119
7,32,0.7,0.9919617237422926,0.9999911440396855
7,32,0.8,0.9921742992291674,0.9999994952796302
7,32,0.9,0.9921873968754247,0.9999999960634193
7,32,0.95,0.9921874991943392,0.9999999999692459
7,32,0.99,0.9921874999999902,0.9999999999999997
7,64,0.01,0.0012113727499834153,0.017971846185683833
7,64,0.1,0.04128242690199481,0.07975318793685164
7,64,0.5,0.9836806918840153,0.9992327147267472
7,64,0.7,0.9919599233688486,0.9999893290931439
7,64,0.8,0.9921741967260653,0.9999993919680946
7,64,0.9,0.9921873960759987,0.9999999952576986
7,64,0.95,0.9921874991880948,0.9999999999629523
7,64,0.99,0.9921874999999901,0.9999999999999996
7,128,0.01,0.0006064263121148955,0.00899690075117639
7,128,0.1,0.021517747839145267,0.04156996369102058
7,128,0.5,0.9835441337401597,0.9990939975943194
7,128,0.7,0.9919581082357989,0.999987499267525
7,128,0.8,0.992174093425691,0.9999992878529987
7,128,0.9,0.9921873952703748,0.9999999944457311
7,128,0.95,0.9921874991817997,0.9999999999566077
7,128,0.99,0.9921874999999901,0.9999999999999996
7,256,0.01,0.00030339853653201795,0.0045012006680764894
7,256,0.1,0.010994712874231462,0.021240597221960637
7,256,0.5,0.9834042421586235,0.9989518943224557
7,256,0.7,0.9919562782156902,0.9999856544343442
7,256,0.8,0.9921739893218212,0.9999991829280704
7,256,0.9,0.9921873944585065,0.9999999936274699
7,256,0.95,0.9921874991754583,0.9999999999502164
7,256,0.99,0.9921874999999901,0.9999999999999996
7,512,0.01,0.00015174566304299516,0.002251288643888228
7,512,0.1,0.005558609049619852,0.01073863203959055
7,512,0.5,0.983260898725416,0.9988062846250366
7,512,0.7,0.9919544331798607,0.9999837944638978
7,512,0.8,0.9921738844081887,0.9999990771869929
7,512,0.9,0.9921873936403446,0.9999999928028658
7,512,0.95,0.9921874991690659,0.9999999999437735
7,512,0.99,0.99218749999999,0.9999999999999994
7,1024,0.01,7.58844364314771e-05,0.0011258164916228143
7,1024,0.1,0.0027949185114643773,0.0053994805548177
7,1024,0.5,0.9831139793940121,0.9986570424943576
7,1024,0.7,0.991952572998432,0.9999819192252567
7,1024,0.8,0.9921737786784678,0.9999989706233905
7,1024,0.9,0.9921873928158403,0.9999999919718693
7,1024,0.95,0.9921874991626239,0.999999999937281
7,1024,0.99,0.99218749999999,0.9999999999999994
8,8,0.01,0.011071584256015923,0.1438736427379746
8,8,0.1,0.2714177342240534,0.4784309565310895
8,8,0.5,0.9921113984063031,0.999907921660215
8,8,0.7,0.9960276175697321,0.9999992181755722
8,8,0.8,0.9960911700979077,0.9999999699805675
8,8,0.9,0.9960937399223343,0.9999999998828145
8,8,0.95,0.9960937499606344,0.999999999999542
8,8,0.99,0.9960937499999999,1.0
8,16,0.01,0.0055976630529114895,0.0727408251266791
8,16,0.1,0.17745601089450974,0.3128036171887244
8,16,0.5,0.9920802310617655,0.999876509386603
8,16,0.7,0.9960273559059946,0.9999989554684662
8,16,0.8,0.9960911600527743,0.9999999598960155
8,16,0.9,0.996093739883121,0.9999999998434475
8,16,0.95,0.9960937499604811,0.999999999999388
8,16,0.99,0.9960937499999999,1.0
8,32,0.01,0.0028146039005154328,0.03657537229250932
8,32,0.1,0.10590999013719686,0.18668867762969799
8,32,0.5,0.9920486966848397,0.999844727196273
8,32,0.7,0.9960270931897072,0.9999986917046133
8,32,0.8,0.996091149968503,0.9999999497721722
8,32,0.9,0.9960937398437563,0.9999999998039283
8,32,0.95,0.9960937499603267,0.9999999999992332
8,32,0.99,0.9960937499999999,1.0
8,64,0.01,0.001411284077235247,0.01833943331277161
8,64,0.1,0.05888160933716149,0.10379124546818787
8,64,0.5,0.9920167890155335,0.9998125687800384
8,64,0.7,0.9960268294164983,0.9999984268796246
8,64,0.8,0.9960911398449418,0.9999999396088847
8,64,0.9,0.9960937398042374,0.9999999997642545
8,64,0.95,0.9960937499601732,0.9999999999990791
8,64,0.99,0.9960937499999999,1.0
8,128,0.01,0.0007066425108022934,0.009182717648324991
8,128,0.1,0.031232254056997234,0.055053429820382624
8,128,0.5,0.9919845016513029,0.9997800276850409
8,128,0.7,0.9960265645819781,0.9999981609890926
8,128,0.8,0.996091129681936,0.9999999294059979
8,128,0.9,0.9960937397645645,0.999999999724426
8,128,0.95,0.9960937499600182,0.9999999999989234
8,128,0.99,0.9960937499999999,1.0
8,256,0.01,0.00035357199488554884,0.004594617147647644
8,256,0.1,0.01611340797330562,0.028403277374942793
8,256,0.5,0.9919518280429797,0.9997470973106454
8,256,0.7,0.9960262986817396,0.9999978940285927
8,256,0.8,0.9960911194793335,0.999999919163359
8,256,0.9,0.9960937397247386,0.9999999996844439
8,256,0.95,0.9960937499598622,0.9999999999987669
8,256,0.99,0.9960937499999999,1.0
8,512,0.01,0.00017684876023817245,0.0022981241673101314
8,512,0.1,0.008188083870919188,0.014433223421159505
8,512,0.5,0.9919187614905645,0.9997137709042004
8,512,0.7,0.9960260317113512,0.9999976259936758
8,512,0.8,0.9960911092369786,0.9999999088808117
8,512,0.9,0.996093739684757,0.9999999996443055
8,512,0.95,0.9960937499597057,0.9999999999986097
8,512,0.99,0.9960937499999999,1.0
8,1024,0.01,8.844008057368832e-05,0.0011492661088012427
8,1024,0.1,0.004127833525439418,0.007276176509331656
8,1024,0.5,0.9918852951388618,0.9996800415566389
8,1024,0.7,0.9960257636663657,0.999997356879877
8,1024,0.8,0.9960910989547169,0.9999998985582009
8,1024,0.9,0.9960937396446194,0.9999999996040105
8,1024,0.95,0.9960937499595498,0.9999999999984532
8,1024,0.99,0.9960937499999999,1.0
9,8,0.01,0.012638343157699048,0.14642313477573365
9,8,0.1,0.3310206839746559,0.5414292642949086
9,8,0.5,0.9960746997105022,0.9999770454345299
9,8,0.7,0.9980271141788383,0.9999998835056623
9,8,0.8,0.9980463610050819,0.9999999969992199
9,8,0.9,0.9980468739961049,0.9999999999941402
9,8,0.95,0.9980468749980397,0.9999999999999889
9,8,0.99,0.998046875,1.0
9,16,0.01,0.006399697334490915,0.07414450878881418
9,16,0.1,0.2287933890573651,0.37422264622700224
9,16,0.5,0.996066988718087,0.9999693042325749
9,16,0.7,0.9980270752697616,0.9999998445196753
9,16,0.8,0.9980463600028805,0.9999999959950567
9,16,0.9,0.9980468739941484,0.9999999999921798
9,16,0.95,0.998046874998036,0.9999999999999852
9,16,0.99,0.998046875,1.0
9,32,0.01,0.0032204324574708616,0.03731073051843398
9,32,0.1,0.1435207668926433,0.23474769702208215
9,32,0.5,0.9960592324298443,0.9999615175573359
9,32,0.7,0.998027036283304,0.9999998054561543
9,32,0.8,0.998046358998723,0.9999999949889335
9,32,0.9,0.9980468739921879,0.9999999999902156
9,32,0.95,0.9980468749980324,0.9999999999999816
9,32,0.99,0.998046875,1.0
9,64,0.01,0.0016154203354418145,0.018715658100465875
9,64,0.1,0.08281110179144602,0.1354487984860373
9,64,0.5,0.996051430460915,0.999953685022446
9,64,0.7,0.9980269972193103,0.999999766314944
9,64,0.8,0.9980463579926062,0.9999999939808474
9,64,0.9,0.9980468739902238,0.9999999999882476
9,64,0.95,0.9980468749980287,0.9999999999999779
9,64,0.99,0.998046875,1.0
9,128,0.01,0.0008090185685100202,0.009372987694265186
9,128,0.1,0.04498279517015581,0.07357546786040335
9,128,0.5,0.9960435824220811,0.9999458062371622
9,128,0.7,0.998026958077623,0.9999997270958866
9,128,0.8,0.9980463569845289,0.9999999929707969
9,128,0.9,0.9980468739882548,0.9999999999862748
9,128,0.95,0.9980468749980249,0.9999999999999741
9,128,0.99,0.998046875,1.0
9,256,0.01,0.0004048373128356627,0.004690294264044515
9,256,0.1,0.023527876796225432,0.03848303638082297
9,256,0.5,0.9960356879196978,0.9999378808062976
9,256,0.7,0.9980269188580867,0.9999996877988262
9,256,0.8,0.9980463559744848,0.9999999919587755
9,256,0.9,0.9980468739862828,0.9999999999842989
9,256,0.95,0.9980468749980212,0.9999999999999704
9,256,0.99,0.998046875,1.0
9,512,0.01,0.00020250078002779172,0.0023460985855679834
9,512,0.1,0.012044521856673741,0.01970045052575053
9,512,0.5,0.9960277465556423,0.9999299083301699
9,512,0.7,0.9980268795605386,0.9999996484235999
9,512,0.8,0.9980463549624711,0.9999999909447809
9,512,0.9,0.9980468739843057,0.9999999999823179
9,512,0.95,0.998046874998017,0.9999999999999661
9,512,0.99,0.998046875,1.0
9,1024,0.01,0.00010127093550051971,0.001173287325136763
9,1024,0.1,0.006095375767805055,0.009969814508075816
9,1024,0.5,0.9960197579272373,0.9999218884045239
9,1024,0.7,0.9980268401848246,0.9999996089700531
9,1024,0.8,0.9980463539484824,0.9999999899288073
9,1024,0.9,0.9980468739823268,0.9999999999803352
9,1024,0.95,0.9980468749980119,0.999999999999961
9,1024,0.99,0.998046875,1.0
10,8,0.01,0.01423471905669765,0.14901634541216505
10,8,0.1,0.39259784004236603,0.6033603604452124
10,8,0.5,0.9980421094751702,0.9999942696141589
10,8,0.7,0.9990175209793956,0.9999999825957928
10,8,0.8,0.9990233349002611,0.999999999699968
10,8,0.9,0.9990234373998049,0.9999999999997072
10,8,0.95,0.9990234374999027,0.9999999999999997
10,8,0.99,0.9990234375,1.0
10,16,0.01,0.007219493883299326,0.07557736755672423
10,16,0.1,0.2868686986801976,0.4408715071317128
10,16,0.5,0.9980401919041066,0.999992348292346
10,16,0.7,0.999017515172244,0.9999999767829304
10,16,0.8,0.9990233348001546,0.9999999995997636
10,16,0.9,0.9990234373997064,0.9999999999996088
10,16,0.95,0.9990234374999027,0.9999999999999997
10,16,0.99,0.9990234375,1.0
10,32,0.01,0.0036359271230339938,0.038062751354728155
10,32,0.1,0.19020427039921703,0.2923136743032158
10,32,0.5,0.9980382687079483,0.9999904213344356
10,32,0.7,0.9990175093593583,0.9999999709643281
10,32,0.8,0.9990233346999492,0.9999999994994603
10,32,0.9,0.9990234373996094,0.9999999999995116
10,32,0.95,0.9990234374999027,0.9999999999999997
10,32,0.99,0.9990234375,1.0
10,64,0.01,0.0018245920342426605,0.019100765932086233
10,64,0.1,0.11489257099360844,0.17657158541600762
10,64,0.5,0.9980363398628471,0.9999884887165332
10,64,0.7,0.9990175035407319,0.9999999651399796
10,64,0.8,0.9990233345996452,0.9999999993990583
10,64,0.9,0.999023437399512,0.9999999999994141
10,64,0.95,0.9990234374999026,0.9999999999999996
10,64,0.99,0.9990234375,1.0
10,128,0.01,0.0009139637323687462,0.009567841465249756
10,128,0.1,0.06442955385131485,0.09901796411019109
10,128,0.5,0.9980344053448157,0.9999865504146044
10,128,0.7,0.9990174977163602,0.99999995930988
10,128,0.8,0.9990233344992442,0.999999999298559
10,128,0.9,0.999023437399413,0.999999999999315
10,128,0.95,0.9990234374999026,0.9999999999999996
10,128,0.99,0.9990234375,1.0
10,256,0.01,0.00045740013036232554,0.004788299336724266
10,256,0.1,0.03435916657943917,0.05280456746713224
10,256,0.5,0.9980324651297333,0.9999846064044812
10,256,0.7,0.9990174918862379,0.9999999534740242
10,256,0.8,0.9990233343987452,0.9999999991979618
10,256,0.9,0.9990234373993155,0.9999999999992174
10,256,0.95,0.9990234374999025,0.9999999999999994
10,256,0.99,0.9990234375,1.0
10,512,0.01,0.00022880479882368706,0.0023952460738892465
10,512,0.1,0.01778058051004936,0.027325920754711255
10,512,0.5,0.99803051919334,0.9999826566618562
10,512,0.7,0.9990174860503573,0.9999999476324044
10,512,0.8,0.9990233342981482,0.9999999990972664
10,512,0.9,0.9990234373992166,0.9999999999991184
10,512,0.95,0.9990234374999025,0.9999999999999994
10,512,0.99,0.9990234375,1.0
10,1024,0.01,0.00011442860381475935,0.0011978973580844133
10,1024,0.1,0.009049925747860359,0.013908294708504241
10,1024,0.5,0.9980285675112414,0.9999807011622873
10,1024,0.7,0.9990174802087146,0.9999999417850168
10,1024,0.8,0.9990233341974517,0.9999999989964715
10,1024,0.9,0.9990234373991186,0.9999999999990202
10,1024,0.95,0.9990234374999024,0.9999999999999993
10,1024,0.99,0.9990234375,1.0
